{
  "geometry": {
    "length": 0.025286918730379637,
    "width": 0.037726470679647274,
    "height": 0.001686004730897881,
    "feed_x": 0.006456104321230215,
    "feed_y": 0.012382283533200238
  },
  "substrate": {
    "relative_permittivity": 4.4,
    "loss_tangent": 0.02,
    "substrate_type": "FR4",
    "thickness": 0.001686004730897881
  },
  "feed_type": "INSET",
  "frequency_band": "2.4GHz",
  "frequency_range": [
    2000000000.0,
    3000000000.0
  ]
}