{
  "geometry": {
    "length": 0.03217966122204858,
    "width": 0.042334754775653266,
    "height": 0.002403318808952474,
    "feed_x": 0.004186104898536628,
    "feed_y": 0.01693390191026131
  },
  "substrate": {
    "relative_permittivity": 4.4,
    "loss_tangent": 0.02,
    "substrate_type": "FR4",
    "thickness": 0.002403318808952474
  },
  "feed_type": "INSET",
  "frequency_band": "2.4GHz",
  "frequency_range": [
    2000000000.0,
    3000000000.0
  ]
}