{
  "geometry": {
    "length": 0.03156990761078582,
    "width": 0.04335944325613203,
    "height": 0.000984036198668916,
    "feed_x": 0.012627963044314329,
    "feed_y": 0.00939553102421086
  },
  "substrate": {
    "relative_permittivity": 4.4,
    "loss_tangent": 0.02,
    "substrate_type": "FR4",
    "thickness": 0.000984036198668916
  },
  "feed_type": "INSET",
  "frequency_band": "2.4GHz",
  "frequency_range": [
    2000000000.0,
    3000000000.0
  ]
}