{
  "geometry": {
    "length": 0.027030238716093086,
    "width": 0.03467400485797254,
    "height": 0.0014007549734701735,
    "feed_x": 0.010812095486437235,
    "feed_y": 0.013869601943189017
  },
  "substrate": {
    "relative_permittivity": 4.4,
    "loss_tangent": 0.02,
    "substrate_type": "FR4",
    "thickness": 0.0014007549734701735
  },
  "feed_type": "INSET",
  "frequency_band": "2.4GHz",
  "frequency_range": [
    2000000000.0,
    3000000000.0
  ]
}