{
  "geometry": {
    "length": 0.027628562813385448,
    "width": 0.04458460356859605,
    "height": 0.0023139849345525394,
    "feed_x": 0.006085090216216275,
    "feed_y": 0.01783384142743842
  },
  "substrate": {
    "relative_permittivity": 4.4,
    "loss_tangent": 0.02,
    "substrate_type": "FR4",
    "thickness": 0.0023139849345525394
  },
  "feed_type": "INSET",
  "frequency_band": "2.4GHz",
  "frequency_range": [
    2000000000.0,
    3000000000.0
  ]
}