{
  "geometry": {
    "length": 0.027163803226378645,
    "width": 0.03940597864273431,
    "height": 0.003090109136115119,
    "feed_x": 0.01086552129055146,
    "feed_y": 0.002750597310871371
  },
  "substrate": {
    "relative_permittivity": 4.4,
    "loss_tangent": 0.02,
    "substrate_type": "FR4",
    "thickness": 0.003090109136115119
  },
  "feed_type": "INSET",
  "frequency_band": "2.4GHz",
  "frequency_range": [
    2000000000.0,
    3000000000.0
  ]
}