{
  "geometry": {
    "length": 0.028548170968160137,
    "width": 0.03401897478164406,
    "height": 0.001403225712535701,
    "feed_x": 0.011419268387264056,
    "feed_y": 0.013607589912657626
  },
  "substrate": {
    "relative_permittivity": 4.4,
    "loss_tangent": 0.02,
    "substrate_type": "FR4",
    "thickness": 0.001403225712535701
  },
  "feed_type": "INSET",
  "frequency_band": "2.4GHz",
  "frequency_range": [
    2000000000.0,
    3000000000.0
  ]
}