{
  "geometry": {
    "length": 0.03333822998588879,
    "width": 0.043520161907085256,
    "height": 0.0012841399255024875,
    "feed_x": 0.013334209389024444,
    "feed_y": 0.008028274482045107
  },
  "substrate": {
    "relative_permittivity": 4.4,
    "loss_tangent": 0.02,
    "substrate_type": "FR4",
    "thickness": 0.0012841399255024875
  },
  "feed_type": "INSET",
  "frequency_band": "2.4GHz",
  "frequency_range": [
    2000000000.0,
    3000000000.0
  ]
}