{
  "geometry": {
    "length": 0.027467296590294725,
    "width": 0.04156659385306925,
    "height": 0.0015981776696844495,
    "feed_x": 0.008757565616359573,
    "feed_y": 0.003501933323453858
  },
  "substrate": {
    "relative_permittivity": 4.4,
    "loss_tangent": 0.02,
    "substrate_type": "FR4",
    "thickness": 0.0015981776696844495
  },
  "feed_type": "INSET",
  "frequency_band": "2.4GHz",
  "frequency_range": [
    2000000000.0,
    3000000000.0
  ]
}