{
  "geometry": {
    "length": 0.027566292019757677,
    "width": 0.04404109852516727,
    "height": 0.0009184547237118065,
    "feed_x": 0.0015185889636495158,
    "feed_y": 0.01577896959706346
  },
  "substrate": {
    "relative_permittivity": 4.4,
    "loss_tangent": 0.02,
    "substrate_type": "FR4",
    "thickness": 0.0009184547237118065
  },
  "feed_type": "INSET",
  "frequency_band": "2.4GHz",
  "frequency_range": [
    2000000000.0,
    3000000000.0
  ]
}