{
  "geometry": {
    "length": 0.028827466923992948,
    "width": 0.03516442091385783,
    "height": 0.0013998388263734363,
    "feed_x": 0.010334088340887525,
    "feed_y": 0.014065768365543133
  },
  "substrate": {
    "relative_permittivity": 4.4,
    "loss_tangent": 0.02,
    "substrate_type": "FR4",
    "thickness": 0.0013998388263734363
  },
  "feed_type": "INSET",
  "frequency_band": "2.4GHz",
  "frequency_range": [
    2000000000.0,
    3000000000.0
  ]
}