{
  "geometry": {
    "length": 0.0262295403675066,
    "width": 0.03974471681259652,
    "height": 0.002101492617565497,
    "feed_x": 0.001,
    "feed_y": 0.01589788672503861
  },
  "substrate": {
    "relative_permittivity": 4.4,
    "loss_tangent": 0.02,
    "substrate_type": "FR4",
    "thickness": 0.002101492617565497
  },
  "feed_type": "INSET",
  "frequency_band": "2.4GHz",
  "frequency_range": [
    2000000000.0,
    3000000000.0
  ]
}