{
  "geometry": {
    "length": 0.029849991753831656,
    "width": 0.040566022072664354,
    "height": 0.002613550739265624,
    "feed_x": 0.004311476283022137,
    "feed_y": 0.005249524404006248
  },
  "substrate": {
    "relative_permittivity": 4.4,
    "loss_tangent": 0.02,
    "substrate_type": "FR4",
    "thickness": 0.002613550739265624
  },
  "feed_type": "INSET",
  "frequency_band": "2.4GHz",
  "frequency_range": [
    2000000000.0,
    3000000000.0
  ]
}