{
  "geometry": {
    "length": 0.03069797691381158,
    "width": 0.04165417838838914,
    "height": 0.0019204654462805096,
    "feed_x": 0.009708335210580192,
    "feed_y": 0.011857865420695678
  },
  "substrate": {
    "relative_permittivity": 4.4,
    "loss_tangent": 0.02,
    "substrate_type": "FR4",
    "thickness": 0.0019204654462805096
  },
  "feed_type": "INSET",
  "frequency_band": "2.4GHz",
  "frequency_range": [
    2000000000.0,
    3000000000.0
  ]
}