{
  "geometry": {
    "length": 0.02843687785727078,
    "width": 0.03210045812124412,
    "height": 0.0017486405012610573,
    "feed_x": 0.0038195136305924538,
    "feed_y": 0.0038010985887768998
  },
  "substrate": {
    "relative_permittivity": 4.4,
    "loss_tangent": 0.02,
    "substrate_type": "FR4",
    "thickness": 0.0017486405012610573
  },
  "feed_type": "INSET",
  "frequency_band": "2.4GHz",
  "frequency_range": [
    2000000000.0,
    3000000000.0
  ]
}