{
  "geometry": {
    "length": 0.02686915655105562,
    "width": 0.03271402084148282,
    "height": 0.0011742201879289774,
    "feed_x": 0.010747662620422248,
    "feed_y": 0.0015897447257837737
  },
  "substrate": {
    "relative_permittivity": 4.4,
    "loss_tangent": 0.02,
    "substrate_type": "FR4",
    "thickness": 0.0011742201879289774
  },
  "feed_type": "INSET",
  "frequency_band": "2.4GHz",
  "frequency_range": [
    2000000000.0,
    3000000000.0
  ]
}