{
  "geometry": {
    "length": 0.03102157757752079,
    "width": 0.0365253950389024,
    "height": 0.0014128318284511914,
    "feed_x": 0.009110099672614778,
    "feed_y": 0.01461015801556096
  },
  "substrate": {
    "relative_permittivity": 4.4,
    "loss_tangent": 0.02,
    "substrate_type": "FR4",
    "thickness": 0.0014128318284511914
  },
  "feed_type": "INSET",
  "frequency_band": "2.4GHz",
  "frequency_range": [
    2000000000.0,
    3000000000.0
  ]
}