{
  "geometry": {
    "length": 0.028390743133312635,
    "width": 0.035291979775214206,
    "height": 0.0018009690250026388,
    "feed_x": 0.006614789607109815,
    "feed_y": 0.014116791910085684
  },
  "substrate": {
    "relative_permittivity": 4.4,
    "loss_tangent": 0.02,
    "substrate_type": "FR4",
    "thickness": 0.0018009690250026388
  },
  "feed_type": "INSET",
  "frequency_band": "2.4GHz",
  "frequency_range": [
    2000000000.0,
    3000000000.0
  ]
}