{
  "geometry": {
    "length": 0.034081572680311936,
    "width": 0.03822830415761784,
    "height": 0.0014361128596122557,
    "feed_x": 0.007043795493269861,
    "feed_y": 0.003973528323854782
  },
  "substrate": {
    "relative_permittivity": 4.4,
    "loss_tangent": 0.02,
    "substrate_type": "FR4",
    "thickness": 0.0014361128596122557
  },
  "feed_type": "INSET",
  "frequency_band": "2.4GHz",
  "frequency_range": [
    2000000000.0,
    3000000000.0
  ]
}