{
  "geometry": {
    "length": 0.03189861712998506,
    "width": 0.0397845204964697,
    "height": 0.0017624621369144466,
    "feed_x": 0.012759446851994025,
    "feed_y": 0.009036249281250014
  },
  "substrate": {
    "relative_permittivity": 4.4,
    "loss_tangent": 0.02,
    "substrate_type": "FR4",
    "thickness": 0.0017624621369144466
  },
  "feed_type": "INSET",
  "frequency_band": "2.4GHz",
  "frequency_range": [
    2000000000.0,
    3000000000.0
  ]
}