{
  "geometry": {
    "length": 0.026430793341417267,
    "width": 0.03555987919398927,
    "height": 0.0026310797439447276,
    "feed_x": 0.007792559035307532,
    "feed_y": 0.001
  },
  "substrate": {
    "relative_permittivity": 4.4,
    "loss_tangent": 0.02,
    "substrate_type": "FR4",
    "thickness": 0.0026310797439447276
  },
  "feed_type": "INSET",
  "frequency_band": "2.4GHz",
  "frequency_range": [
    2000000000.0,
    3000000000.0
  ]
}