{
  "geometry": {
    "length": 0.03415479142841295,
    "width": 0.03549197641307392,
    "height": 0.00182933682584194,
    "feed_x": 0.013501714540870187,
    "feed_y": 0.014196790565229567
  },
  "substrate": {
    "relative_permittivity": 4.4,
    "loss_tangent": 0.02,
    "substrate_type": "FR4",
    "thickness": 0.00182933682584194
  },
  "feed_type": "INSET",
  "frequency_band": "2.4GHz",
  "frequency_range": [
    2000000000.0,
    3000000000.0
  ]
}