{
  "geometry": {
    "length": 0.028556657265882857,
    "width": 0.0388927653326373,
    "height": 0.0015113982479775297,
    "feed_x": 0.011422662906353144,
    "feed_y": 0.009434908383390166
  },
  "substrate": {
    "relative_permittivity": 4.4,
    "loss_tangent": 0.02,
    "substrate_type": "FR4",
    "thickness": 0.0015113982479775297
  },
  "feed_type": "INSET",
  "frequency_band": "2.4GHz",
  "frequency_range": [
    2000000000.0,
    3000000000.0
  ]
}