{
  "geometry": {
    "length": 0.027598936113169877,
    "width": 0.03603052286824414,
    "height": 0.0010241627399117592,
    "feed_x": 0.011039574445267951,
    "feed_y": 0.012888315822752561
  },
  "substrate": {
    "relative_permittivity": 4.4,
    "loss_tangent": 0.02,
    "substrate_type": "FR4",
    "thickness": 0.0010241627399117592
  },
  "feed_type": "INSET",
  "frequency_band": "2.4GHz",
  "frequency_range": [
    2000000000.0,
    3000000000.0
  ]
}