{
  "geometry": {
    "length": 0.02945987530122059,
    "width": 0.04180805957165534,
    "height": 0.00232995144783909,
    "feed_x": 0.003985803856882325,
    "feed_y": 0.001
  },
  "substrate": {
    "relative_permittivity": 4.4,
    "loss_tangent": 0.02,
    "substrate_type": "FR4",
    "thickness": 0.00232995144783909
  },
  "feed_type": "INSET",
  "frequency_band": "2.4GHz",
  "frequency_range": [
    2000000000.0,
    3000000000.0
  ]
}