{
  "geometry": {
    "length": 0.029611794429173603,
    "width": 0.037391388703931785,
    "height": 0.0017399340546525983,
    "feed_x": 0.002159049890792012,
    "feed_y": 0.014087813593318857
  },
  "substrate": {
    "relative_permittivity": 4.4,
    "loss_tangent": 0.02,
    "substrate_type": "FR4",
    "thickness": 0.0017399340546525983
  },
  "feed_type": "INSET",
  "frequency_band": "2.4GHz",
  "frequency_range": [
    2000000000.0,
    3000000000.0
  ]
}