{
  "geometry": {
    "length": 0.03377392788569506,
    "width": 0.031163625309215008,
    "height": 0.0011231120375171668,
    "feed_x": 0.013509571154278026,
    "feed_y": 0.005031080615105657
  },
  "substrate": {
    "relative_permittivity": 4.4,
    "loss_tangent": 0.02,
    "substrate_type": "FR4",
    "thickness": 0.0011231120375171668
  },
  "feed_type": "INSET",
  "frequency_band": "2.4GHz",
  "frequency_range": [
    2000000000.0,
    3000000000.0
  ]
}