{
  "geometry": {
    "length": 0.026081418746953754,
    "width": 0.0443249324981259,
    "height": 0.0027883648895789207,
    "feed_x": 0.009067501415802478,
    "feed_y": 0.001
  },
  "substrate": {
    "relative_permittivity": 4.4,
    "loss_tangent": 0.02,
    "substrate_type": "FR4",
    "thickness": 0.0027883648895789207
  },
  "feed_type": "INSET",
  "frequency_band": "2.4GHz",
  "frequency_range": [
    2000000000.0,
    3000000000.0
  ]
}