{
  "geometry": {
    "length": 0.0303553067306581,
    "width": 0.0425227399053928,
    "height": 0.0016371657760346462,
    "feed_x": 0.01214212269226324,
    "feed_y": 0.008928826079333756
  },
  "substrate": {
    "relative_permittivity": 4.4,
    "loss_tangent": 0.02,
    "substrate_type": "FR4",
    "thickness": 0.0016371657760346462
  },
  "feed_type": "INSET",
  "frequency_band": "2.4GHz",
  "frequency_range": [
    2000000000.0,
    3000000000.0
  ]
}