{
  "geometry": {
    "length": 0.029507151924113503,
    "width": 0.04345818666622705,
    "height": 0.002029682347878161,
    "feed_x": 0.011802860769645401,
    "feed_y": 0.003107673094862208
  },
  "substrate": {
    "relative_permittivity": 4.4,
    "loss_tangent": 0.02,
    "substrate_type": "FR4",
    "thickness": 0.002029682347878161
  },
  "feed_type": "INSET",
  "frequency_band": "2.4GHz",
  "frequency_range": [
    2000000000.0,
    3000000000.0
  ]
}