{
  "geometry": {
    "length": 0.03494140029456299,
    "width": 0.0354460059981232,
    "height": 0.001418710734494409,
    "feed_x": 0.008359231376486156,
    "feed_y": 0.0022360610072633277
  },
  "substrate": {
    "relative_permittivity": 4.4,
    "loss_tangent": 0.02,
    "substrate_type": "FR4",
    "thickness": 0.001418710734494409
  },
  "feed_type": "INSET",
  "frequency_band": "2.4GHz",
  "frequency_range": [
    2000000000.0,
    3000000000.0
  ]
}