{
  "geometry": {
    "length": 0.026013112477872403,
    "width": 0.03842200889358993,
    "height": 0.002534269126339802,
    "feed_x": 0.0031110083114277063,
    "feed_y": 0.014490677027676688
  },
  "substrate": {
    "relative_permittivity": 4.4,
    "loss_tangent": 0.02,
    "substrate_type": "FR4",
    "thickness": 0.002534269126339802
  },
  "feed_type": "INSET",
  "frequency_band": "2.4GHz",
  "frequency_range": [
    2000000000.0,
    3000000000.0
  ]
}