{
  "geometry": {
    "length": 0.026599249826926488,
    "width": 0.03523905328849434,
    "height": 0.0020507624517857007,
    "feed_x": 0.008505476288421507,
    "feed_y": 0.013787106392726747
  },
  "substrate": {
    "relative_permittivity": 4.4,
    "loss_tangent": 0.02,
    "substrate_type": "FR4",
    "thickness": 0.0020507624517857007
  },
  "feed_type": "INSET",
  "frequency_band": "2.4GHz",
  "frequency_range": [
    2000000000.0,
    3000000000.0
  ]
}