{
  "geometry": {
    "length": 0.02527024595676174,
    "width": 0.030488085287629477,
    "height": 0.0028000579378690675,
    "feed_x": 0.0015551478089320416,
    "feed_y": 0.012195234115051792
  },
  "substrate": {
    "relative_permittivity": 4.4,
    "loss_tangent": 0.02,
    "substrate_type": "FR4",
    "thickness": 0.0028000579378690675
  },
  "feed_type": "INSET",
  "frequency_band": "2.4GHz",
  "frequency_range": [
    2000000000.0,
    3000000000.0
  ]
}