{
  "geometry": {
    "length": 0.03289772132213448,
    "width": 0.031023609883499663,
    "height": 0.0028554704452980395,
    "feed_x": 0.0028782026234027208,
    "feed_y": 0.005455248002278645
  },
  "substrate": {
    "relative_permittivity": 4.4,
    "loss_tangent": 0.02,
    "substrate_type": "FR4",
    "thickness": 0.0028554704452980395
  },
  "feed_type": "INSET",
  "frequency_band": "2.4GHz",
  "frequency_range": [
    2000000000.0,
    3000000000.0
  ]
}