{
  "geometry": {
    "length": 0.030579924929672,
    "width": 0.03743495805047206,
    "height": 0.0031836859739943664,
    "feed_x": 0.008044979282052379,
    "feed_y": 0.010179719418259925
  },
  "substrate": {
    "relative_permittivity": 4.4,
    "loss_tangent": 0.02,
    "substrate_type": "FR4",
    "thickness": 0.0031836859739943664
  },
  "feed_type": "INSET",
  "frequency_band": "2.4GHz",
  "frequency_range": [
    2000000000.0,
    3000000000.0
  ]
}