{
  "geometry": {
    "length": 0.03299051126242851,
    "width": 0.03030365245428409,
    "height": 0.0029108680635425016,
    "feed_x": 0.006705551601264358,
    "feed_y": 0.010160267135125006
  },
  "substrate": {
    "relative_permittivity": 4.4,
    "loss_tangent": 0.02,
    "substrate_type": "FR4",
    "thickness": 0.0029108680635425016
  },
  "feed_type": "INSET",
  "frequency_band": "2.4GHz",
  "frequency_range": [
    2000000000.0,
    3000000000.0
  ]
}