{
  "geometry": {
    "length": 0.02660361269087103,
    "width": 0.04023557285054692,
    "height": 0.0021069894682088103,
    "feed_x": 0.001,
    "feed_y": 0.01609422914021877
  },
  "substrate": {
    "relative_permittivity": 4.4,
    "loss_tangent": 0.02,
    "substrate_type": "FR4",
    "thickness": 0.0021069894682088103
  },
  "feed_type": "INSET",
  "frequency_band": "2.4GHz",
  "frequency_range": [
    2000000000.0,
    3000000000.0
  ]
}