{
  "geometry": {
    "length": 0.03364949480303628,
    "width": 0.03420608148586664,
    "height": 0.0028968925875363133,
    "feed_x": 0.001267515546034987,
    "feed_y": 0.0024314324909088443
  },
  "substrate": {
    "relative_permittivity": 4.4,
    "loss_tangent": 0.02,
    "substrate_type": "FR4",
    "thickness": 0.0028968925875363133
  },
  "feed_type": "INSET",
  "frequency_band": "2.4GHz",
  "frequency_range": [
    2000000000.0,
    3000000000.0
  ]
}