{
  "geometry": {
    "length": 0.029553823305394467,
    "width": 0.04273982534087397,
    "height": 0.001491807843884389,
    "feed_x": 0.010779512130648879,
    "feed_y": 0.0031925806558171783
  },
  "substrate": {
    "relative_permittivity": 4.4,
    "loss_tangent": 0.02,
    "substrate_type": "FR4",
    "thickness": 0.001491807843884389
  },
  "feed_type": "INSET",
  "frequency_band": "2.4GHz",
  "frequency_range": [
    2000000000.0,
    3000000000.0
  ]
}