{
  "geometry": {
    "length": 0.02963439347159271,
    "width": 0.03945172255685049,
    "height": 0.0012879861450266798,
    "feed_x": 0.001,
    "feed_y": 0.008872894235341676
  },
  "substrate": {
    "relative_permittivity": 4.4,
    "loss_tangent": 0.02,
    "substrate_type": "FR4",
    "thickness": 0.0012879861450266798
  },
  "feed_type": "INSET",
  "frequency_band": "2.4GHz",
  "frequency_range": [
    2000000000.0,
    3000000000.0
  ]
}