{
  "geometry": {
    "length": 0.026520108669973164,
    "width": 0.036576660458579574,
    "height": 0.002060386232645884,
    "feed_x": 0.005396970449596445,
    "feed_y": 0.011647076803688339
  },
  "substrate": {
    "relative_permittivity": 4.4,
    "loss_tangent": 0.02,
    "substrate_type": "FR4",
    "thickness": 0.002060386232645884
  },
  "feed_type": "INSET",
  "frequency_band": "2.4GHz",
  "frequency_range": [
    2000000000.0,
    3000000000.0
  ]
}