{
  "geometry": {
    "length": 0.025188303030677584,
    "width": 0.03852414607614596,
    "height": 0.001862731420104729,
    "feed_x": 0.0015881692920879109,
    "feed_y": 0.001
  },
  "substrate": {
    "relative_permittivity": 4.4,
    "loss_tangent": 0.02,
    "substrate_type": "FR4",
    "thickness": 0.001862731420104729
  },
  "feed_type": "INSET",
  "frequency_band": "2.4GHz",
  "frequency_range": [
    2000000000.0,
    3000000000.0
  ]
}