{
  "geometry": {
    "length": 0.03402293901417608,
    "width": 0.04145073321095417,
    "height": 0.0026575880360832933,
    "feed_x": 0.001,
    "feed_y": 0.016580293284381667
  },
  "substrate": {
    "relative_permittivity": 4.4,
    "loss_tangent": 0.02,
    "substrate_type": "FR4",
    "thickness": 0.0026575880360832933
  },
  "feed_type": "INSET",
  "frequency_band": "2.4GHz",
  "frequency_range": [
    2000000000.0,
    3000000000.0
  ]
}