{
  "geometry": {
    "length": 0.029068725733289277,
    "width": 0.037993130846188806,
    "height": 0.0020178354875478805,
    "feed_x": 0.00707482937877568,
    "feed_y": 0.0016008365079705025
  },
  "substrate": {
    "relative_permittivity": 4.4,
    "loss_tangent": 0.02,
    "substrate_type": "FR4",
    "thickness": 0.0020178354875478805
  },
  "feed_type": "INSET",
  "frequency_band": "2.4GHz",
  "frequency_range": [
    2000000000.0,
    3000000000.0
  ]
}