{
  "geometry": {
    "length": 0.027666472551281417,
    "width": 0.04426919311270716,
    "height": 0.0018858103361403225,
    "feed_x": 0.011066589020512567,
    "feed_y": 0.009728443332873581
  },
  "substrate": {
    "relative_permittivity": 4.4,
    "loss_tangent": 0.02,
    "substrate_type": "FR4",
    "thickness": 0.0018858103361403225
  },
  "feed_type": "INSET",
  "frequency_band": "2.4GHz",
  "frequency_range": [
    2000000000.0,
    3000000000.0
  ]
}