{
  "geometry": {
    "length": 0.03013028640975915,
    "width": 0.03369670480490483,
    "height": 0.002251349791055873,
    "feed_x": 0.0034425513077550817,
    "feed_y": 0.00978826412887021
  },
  "substrate": {
    "relative_permittivity": 4.4,
    "loss_tangent": 0.02,
    "substrate_type": "FR4",
    "thickness": 0.002251349791055873
  },
  "feed_type": "INSET",
  "frequency_band": "2.4GHz",
  "frequency_range": [
    2000000000.0,
    3000000000.0
  ]
}