{
  "geometry": {
    "length": 0.029826567075376214,
    "width": 0.03860369427342742,
    "height": 0.002772897897745173,
    "feed_x": 0.008146351855873462,
    "feed_y": 0.013230627603656418
  },
  "substrate": {
    "relative_permittivity": 4.4,
    "loss_tangent": 0.02,
    "substrate_type": "FR4",
    "thickness": 0.002772897897745173
  },
  "feed_type": "INSET",
  "frequency_band": "2.4GHz",
  "frequency_range": [
    2000000000.0,
    3000000000.0
  ]
}