{
  "geometry": {
    "length": 0.031373072284307454,
    "width": 0.04156462439695492,
    "height": 0.0008689702676654393,
    "feed_x": 0.004432015571956456,
    "feed_y": 0.01662584975878197
  },
  "substrate": {
    "relative_permittivity": 4.4,
    "loss_tangent": 0.02,
    "substrate_type": "FR4",
    "thickness": 0.0008689702676654393
  },
  "feed_type": "INSET",
  "frequency_band": "2.4GHz",
  "frequency_range": [
    2000000000.0,
    3000000000.0
  ]
}