{
  "geometry": {
    "length": 0.028996781708303037,
    "width": 0.044972142621068266,
    "height": 0.0008066772839954712,
    "feed_x": 0.0034490746750550326,
    "feed_y": 0.011266123094291394
  },
  "substrate": {
    "relative_permittivity": 4.4,
    "loss_tangent": 0.02,
    "substrate_type": "FR4",
    "thickness": 0.0008066772839954712
  },
  "feed_type": "INSET",
  "frequency_band": "2.4GHz",
  "frequency_range": [
    2000000000.0,
    3000000000.0
  ]
}