{
  "geometry": {
    "length": 0.027571183827787574,
    "width": 0.04330905884310601,
    "height": 0.0026532830004133722,
    "feed_x": 0.011028473531115031,
    "feed_y": 0.017323623537242407
  },
  "substrate": {
    "relative_permittivity": 4.4,
    "loss_tangent": 0.02,
    "substrate_type": "FR4",
    "thickness": 0.0026532830004133722
  },
  "feed_type": "INSET",
  "frequency_band": "2.4GHz",
  "frequency_range": [
    2000000000.0,
    3000000000.0
  ]
}