{
  "geometry": {
    "length": 0.027491994228824847,
    "width": 0.03543219523996493,
    "height": 0.001032431618707102,
    "feed_x": 0.009325522489248466,
    "feed_y": 0.007542002970981774
  },
  "substrate": {
    "relative_permittivity": 4.4,
    "loss_tangent": 0.02,
    "substrate_type": "FR4",
    "thickness": 0.001032431618707102
  },
  "feed_type": "INSET",
  "frequency_band": "2.4GHz",
  "frequency_range": [
    2000000000.0,
    3000000000.0
  ]
}