{
  "geometry": {
    "length": 0.025023918707880854,
    "width": 0.03590302478802016,
    "height": 0.0015358389170114113,
    "feed_x": 0.0035592534787171736,
    "feed_y": 0.008828782875618056
  },
  "substrate": {
    "relative_permittivity": 4.4,
    "loss_tangent": 0.02,
    "substrate_type": "FR4",
    "thickness": 0.0015358389170114113
  },
  "feed_type": "INSET",
  "frequency_band": "2.4GHz",
  "frequency_range": [
    2000000000.0,
    3000000000.0
  ]
}