{
  "geometry": {
    "length": 0.02587217238651944,
    "width": 0.04246190590644892,
    "height": 0.002095552010951131,
    "feed_x": 0.00801394387063408,
    "feed_y": 0.016984762362579568
  },
  "substrate": {
    "relative_permittivity": 4.4,
    "loss_tangent": 0.02,
    "substrate_type": "FR4",
    "thickness": 0.002095552010951131
  },
  "feed_type": "INSET",
  "frequency_band": "2.4GHz",
  "frequency_range": [
    2000000000.0,
    3000000000.0
  ]
}