{
  "geometry": {
    "length": 0.027079099449622182,
    "width": 0.030605006742520417,
    "height": 0.0019571223511151495,
    "feed_x": 0.010098589178752204,
    "feed_y": 0.009466647253679765
  },
  "substrate": {
    "relative_permittivity": 4.4,
    "loss_tangent": 0.02,
    "substrate_type": "FR4",
    "thickness": 0.0019571223511151495
  },
  "feed_type": "INSET",
  "frequency_band": "2.4GHz",
  "frequency_range": [
    2000000000.0,
    3000000000.0
  ]
}