{
  "geometry": {
    "length": 0.03397140469208191,
    "width": 0.03761327621468169,
    "height": 0.0009001292303034317,
    "feed_x": 0.011060147079731315,
    "feed_y": 0.00689470367525114
  },
  "substrate": {
    "relative_permittivity": 4.4,
    "loss_tangent": 0.02,
    "substrate_type": "FR4",
    "thickness": 0.0009001292303034317
  },
  "feed_type": "INSET",
  "frequency_band": "2.4GHz",
  "frequency_range": [
    2000000000.0,
    3000000000.0
  ]
}