{
  "geometry": {
    "length": 0.033019760296444725,
    "width": 0.03710219313834349,
    "height": 0.0027524871782847646,
    "feed_x": 0.01151250243320639,
    "feed_y": 0.014840877255337396
  },
  "substrate": {
    "relative_permittivity": 4.4,
    "loss_tangent": 0.02,
    "substrate_type": "FR4",
    "thickness": 0.0027524871782847646
  },
  "feed_type": "INSET",
  "frequency_band": "2.4GHz",
  "frequency_range": [
    2000000000.0,
    3000000000.0
  ]
}