{
  "geometry": {
    "length": 0.028588093572433942,
    "width": 0.043922679387955084,
    "height": 0.002340610233974317,
    "feed_x": 0.005281804247724689,
    "feed_y": 0.017128190599035142
  },
  "substrate": {
    "relative_permittivity": 4.4,
    "loss_tangent": 0.02,
    "substrate_type": "FR4",
    "thickness": 0.002340610233974317
  },
  "feed_type": "INSET",
  "frequency_band": "2.4GHz",
  "frequency_range": [
    2000000000.0,
    3000000000.0
  ]
}