{
  "geometry": {
    "length": 0.029971994163793265,
    "width": 0.04320573316637241,
    "height": 0.0012251260716099376,
    "feed_x": 0.0019339602606137957,
    "feed_y": 0.017282293266548964
  },
  "substrate": {
    "relative_permittivity": 4.4,
    "loss_tangent": 0.02,
    "substrate_type": "FR4",
    "thickness": 0.0012251260716099376
  },
  "feed_type": "INSET",
  "frequency_band": "2.4GHz",
  "frequency_range": [
    2000000000.0,
    3000000000.0
  ]
}