{
  "geometry": {
    "length": 0.025593054672087136,
    "width": 0.038754517450526674,
    "height": 0.0013204166276777054,
    "feed_x": 0.007980930694972545,
    "feed_y": 0.01125887942373504
  },
  "substrate": {
    "relative_permittivity": 4.4,
    "loss_tangent": 0.02,
    "substrate_type": "FR4",
    "thickness": 0.0013204166276777054
  },
  "feed_type": "INSET",
  "frequency_band": "2.4GHz",
  "frequency_range": [
    2000000000.0,
    3000000000.0
  ]
}