{
  "geometry": {
    "length": 0.03205684463254097,
    "width": 0.038323054078396424,
    "height": 0.000951932484053003,
    "feed_x": 0.001,
    "feed_y": 0.01532922163135857
  },
  "substrate": {
    "relative_permittivity": 4.4,
    "loss_tangent": 0.02,
    "substrate_type": "FR4",
    "thickness": 0.000951932484053003
  },
  "feed_type": "INSET",
  "frequency_band": "2.4GHz",
  "frequency_range": [
    2000000000.0,
    3000000000.0
  ]
}