{
  "geometry": {
    "length": 0.025965576104060993,
    "width": 0.034038697491548316,
    "height": 0.0021124753233715734,
    "feed_x": 0.010386230441624398,
    "feed_y": 0.012449984465531945
  },
  "substrate": {
    "relative_permittivity": 4.4,
    "loss_tangent": 0.02,
    "substrate_type": "FR4",
    "thickness": 0.0021124753233715734
  },
  "feed_type": "INSET",
  "frequency_band": "2.4GHz",
  "frequency_range": [
    2000000000.0,
    3000000000.0
  ]
}