{
  "geometry": {
    "length": 0.03284149002879948,
    "width": 0.03612227428868908,
    "height": 0.0018770536132476819,
    "feed_x": 0.006616730402219422,
    "feed_y": 0.007226849339373334
  },
  "substrate": {
    "relative_permittivity": 4.4,
    "loss_tangent": 0.02,
    "substrate_type": "FR4",
    "thickness": 0.0018770536132476819
  },
  "feed_type": "INSET",
  "frequency_band": "2.4GHz",
  "frequency_range": [
    2000000000.0,
    3000000000.0
  ]
}