{
  "geometry": {
    "length": 0.031938476878972874,
    "width": 0.034309555194373835,
    "height": 0.0025077292249386226,
    "feed_x": 0.006812780194850669,
    "feed_y": 0.013723822077749534
  },
  "substrate": {
    "relative_permittivity": 4.4,
    "loss_tangent": 0.02,
    "substrate_type": "FR4",
    "thickness": 0.0025077292249386226
  },
  "feed_type": "INSET",
  "frequency_band": "2.4GHz",
  "frequency_range": [
    2000000000.0,
    3000000000.0
  ]
}