{
  "geometry": {
    "length": 0.029260480712099194,
    "width": 0.041789819222054755,
    "height": 0.002742168753687736,
    "feed_x": 0.009875848198489013,
    "feed_y": 0.007962926726433832
  },
  "substrate": {
    "relative_permittivity": 4.4,
    "loss_tangent": 0.02,
    "substrate_type": "FR4",
    "thickness": 0.002742168753687736
  },
  "feed_type": "INSET",
  "frequency_band": "2.4GHz",
  "frequency_range": [
    2000000000.0,
    3000000000.0
  ]
}