{
  "geometry": {
    "length": 0.025736916667960474,
    "width": 0.035998090857025065,
    "height": 0.0010842794247394203,
    "feed_x": 0.004366203207582028,
    "feed_y": 0.0069103747419369714
  },
  "substrate": {
    "relative_permittivity": 4.4,
    "loss_tangent": 0.02,
    "substrate_type": "FR4",
    "thickness": 0.0010842794247394203
  },
  "feed_type": "INSET",
  "frequency_band": "2.4GHz",
  "frequency_range": [
    2000000000.0,
    3000000000.0
  ]
}