{
  "geometry": {
    "length": 0.03275774822333895,
    "width": 0.0406981049253156,
    "height": 0.002847565191518663,
    "feed_x": 0.01310309928933558,
    "feed_y": 0.01627924197012624
  },
  "substrate": {
    "relative_permittivity": 4.4,
    "loss_tangent": 0.02,
    "substrate_type": "FR4",
    "thickness": 0.002847565191518663
  },
  "feed_type": "INSET",
  "frequency_band": "2.4GHz",
  "frequency_range": [
    2000000000.0,
    3000000000.0
  ]
}