{
  "geometry": {
    "length": 0.03440715994183664,
    "width": 0.03086821758686607,
    "height": 0.0019075710993596878,
    "feed_x": 0.011471938358647493,
    "feed_y": 0.001765808092634095
  },
  "substrate": {
    "relative_permittivity": 4.4,
    "loss_tangent": 0.02,
    "substrate_type": "FR4",
    "thickness": 0.0019075710993596878
  },
  "feed_type": "INSET",
  "frequency_band": "2.4GHz",
  "frequency_range": [
    2000000000.0,
    3000000000.0
  ]
}