{
  "geometry": {
    "length": 0.03283040903936629,
    "width": 0.043913967928876446,
    "height": 0.001092677734186393,
    "feed_x": 0.001527873022356059,
    "feed_y": 0.012342379325604318
  },
  "substrate": {
    "relative_permittivity": 4.4,
    "loss_tangent": 0.02,
    "substrate_type": "FR4",
    "thickness": 0.001092677734186393
  },
  "feed_type": "INSET",
  "frequency_band": "2.4GHz",
  "frequency_range": [
    2000000000.0,
    3000000000.0
  ]
}