{
  "geometry": {
    "length": 0.030229678509121973,
    "width": 0.03059145025644609,
    "height": 0.0027220297204990076,
    "feed_x": 0.01209187140364879,
    "feed_y": 0.0073393880925164195
  },
  "substrate": {
    "relative_permittivity": 4.4,
    "loss_tangent": 0.02,
    "substrate_type": "FR4",
    "thickness": 0.0027220297204990076
  },
  "feed_type": "INSET",
  "frequency_band": "2.4GHz",
  "frequency_range": [
    2000000000.0,
    3000000000.0
  ]
}