{
  "geometry": {
    "length": 0.02543735460188849,
    "width": 0.04384730282195898,
    "height": 0.0023547692190263696,
    "feed_x": 0.006583014804828769,
    "feed_y": 0.0118946801576859
  },
  "substrate": {
    "relative_permittivity": 4.4,
    "loss_tangent": 0.02,
    "substrate_type": "FR4",
    "thickness": 0.0023547692190263696
  },
  "feed_type": "INSET",
  "frequency_band": "2.4GHz",
  "frequency_range": [
    2000000000.0,
    3000000000.0
  ]
}