{
  "geometry": {
    "length": 0.026884942376852575,
    "width": 0.04341395140360326,
    "height": 0.0020588966972853117,
    "feed_x": 0.010753976950741031,
    "feed_y": 0.008840269964626928
  },
  "substrate": {
    "relative_permittivity": 4.4,
    "loss_tangent": 0.02,
    "substrate_type": "FR4",
    "thickness": 0.0020588966972853117
  },
  "feed_type": "INSET",
  "frequency_band": "2.4GHz",
  "frequency_range": [
    2000000000.0,
    3000000000.0
  ]
}