{
  "geometry": {
    "length": 0.0286995764944842,
    "width": 0.0336017378143295,
    "height": 0.0025022970121157586,
    "feed_x": 0.008119495800003165,
    "feed_y": 0.001
  },
  "substrate": {
    "relative_permittivity": 4.4,
    "loss_tangent": 0.02,
    "substrate_type": "FR4",
    "thickness": 0.0025022970121157586
  },
  "feed_type": "INSET",
  "frequency_band": "2.4GHz",
  "frequency_range": [
    2000000000.0,
    3000000000.0
  ]
}