{
  "geometry": {
    "length": 0.03422200129589237,
    "width": 0.036340283239623836,
    "height": 0.002530790282330372,
    "feed_x": 0.01279057322663001,
    "feed_y": 0.008301649587165267
  },
  "substrate": {
    "relative_permittivity": 4.4,
    "loss_tangent": 0.02,
    "substrate_type": "FR4",
    "thickness": 0.002530790282330372
  },
  "feed_type": "INSET",
  "frequency_band": "2.4GHz",
  "frequency_range": [
    2000000000.0,
    3000000000.0
  ]
}