{
  "geometry": {
    "length": 0.03350013371253137,
    "width": 0.03869859288263988,
    "height": 0.0017782103002056868,
    "feed_x": 0.005077354986773666,
    "feed_y": 0.00539295751411634
  },
  "substrate": {
    "relative_permittivity": 4.4,
    "loss_tangent": 0.02,
    "substrate_type": "FR4",
    "thickness": 0.0017782103002056868
  },
  "feed_type": "INSET",
  "frequency_band": "2.4GHz",
  "frequency_range": [
    2000000000.0,
    3000000000.0
  ]
}