{
  "geometry": {
    "length": 0.028202979978188897,
    "width": 0.041315280772766985,
    "height": 0.0024616341606643498,
    "feed_x": 0.005777151804832367,
    "feed_y": 0.014960522788457596
  },
  "substrate": {
    "relative_permittivity": 4.4,
    "loss_tangent": 0.02,
    "substrate_type": "FR4",
    "thickness": 0.0024616341606643498
  },
  "feed_type": "INSET",
  "frequency_band": "2.4GHz",
  "frequency_range": [
    2000000000.0,
    3000000000.0
  ]
}