{
  "geometry": {
    "length": 0.029194328906345116,
    "width": 0.04121255161774434,
    "height": 0.0030876561524630923,
    "feed_x": 0.009828542731831938,
    "feed_y": 0.001
  },
  "substrate": {
    "relative_permittivity": 4.4,
    "loss_tangent": 0.02,
    "substrate_type": "FR4",
    "thickness": 0.0030876561524630923
  },
  "feed_type": "INSET",
  "frequency_band": "2.4GHz",
  "frequency_range": [
    2000000000.0,
    3000000000.0
  ]
}