{
  "geometry": {
    "length": 0.028927362139578243,
    "width": 0.03158741449160154,
    "height": 0.002660168556199676,
    "feed_x": 0.008822223467267696,
    "feed_y": 0.011820560943262342
  },
  "substrate": {
    "relative_permittivity": 4.4,
    "loss_tangent": 0.02,
    "substrate_type": "FR4",
    "thickness": 0.002660168556199676
  },
  "feed_type": "INSET",
  "frequency_band": "2.4GHz",
  "frequency_range": [
    2000000000.0,
    3000000000.0
  ]
}