{
  "geometry": {
    "length": 0.028172420896812673,
    "width": 0.035207600827730126,
    "height": 0.002843453064637064,
    "feed_x": 0.01023524660038366,
    "feed_y": 0.014083040331092051
  },
  "substrate": {
    "relative_permittivity": 4.4,
    "loss_tangent": 0.02,
    "substrate_type": "FR4",
    "thickness": 0.002843453064637064
  },
  "feed_type": "INSET",
  "frequency_band": "2.4GHz",
  "frequency_range": [
    2000000000.0,
    3000000000.0
  ]
}