{
  "geometry": {
    "length": 0.027340503969570995,
    "width": 0.030394964438548146,
    "height": 0.0022458868009497344,
    "feed_x": 0.010936201587828398,
    "feed_y": 0.001
  },
  "substrate": {
    "relative_permittivity": 4.4,
    "loss_tangent": 0.02,
    "substrate_type": "FR4",
    "thickness": 0.0022458868009497344
  },
  "feed_type": "INSET",
  "frequency_band": "2.4GHz",
  "frequency_range": [
    2000000000.0,
    3000000000.0
  ]
}