{
  "geometry": {
    "length": 0.03447383834299976,
    "width": 0.03343243063043861,
    "height": 0.002754644118532466,
    "feed_x": 0.013789535337199905,
    "feed_y": 0.00843389922603482
  },
  "substrate": {
    "relative_permittivity": 4.4,
    "loss_tangent": 0.02,
    "substrate_type": "FR4",
    "thickness": 0.002754644118532466
  },
  "feed_type": "INSET",
  "frequency_band": "2.4GHz",
  "frequency_range": [
    2000000000.0,
    3000000000.0
  ]
}