{
  "geometry": {
    "length": 0.03434462492337463,
    "width": 0.03728090705356668,
    "height": 0.0018893571359197923,
    "feed_x": 0.006177341756739142,
    "feed_y": 0.004929889213496192
  },
  "substrate": {
    "relative_permittivity": 4.4,
    "loss_tangent": 0.02,
    "substrate_type": "FR4",
    "thickness": 0.0018893571359197923
  },
  "feed_type": "INSET",
  "frequency_band": "2.4GHz",
  "frequency_range": [
    2000000000.0,
    3000000000.0
  ]
}