{
  "geometry": {
    "length": 0.02534960680616967,
    "width": 0.03789019661696193,
    "height": 0.0008243614602758998,
    "feed_x": 0.010039345093303972,
    "feed_y": 0.007402706749995239
  },
  "substrate": {
    "relative_permittivity": 4.4,
    "loss_tangent": 0.02,
    "substrate_type": "FR4",
    "thickness": 0.0008243614602758998
  },
  "feed_type": "INSET",
  "frequency_band": "2.4GHz",
  "frequency_range": [
    2000000000.0,
    3000000000.0
  ]
}