{
  "geometry": {
    "length": 0.02965849006868565,
    "width": 0.036616298495102804,
    "height": 0.0009370340240781851,
    "feed_x": 0.01186339602747426,
    "feed_y": 0.008867894708270513
  },
  "substrate": {
    "relative_permittivity": 4.4,
    "loss_tangent": 0.02,
    "substrate_type": "FR4",
    "thickness": 0.0009370340240781851
  },
  "feed_type": "INSET",
  "frequency_band": "2.4GHz",
  "frequency_range": [
    2000000000.0,
    3000000000.0
  ]
}