{
  "geometry": {
    "length": 0.03237498338157935,
    "width": 0.044692443654933495,
    "height": 0.0025953872855979127,
    "feed_x": 0.010189907462493293,
    "feed_y": 0.010895159509708052
  },
  "substrate": {
    "relative_permittivity": 4.4,
    "loss_tangent": 0.02,
    "substrate_type": "FR4",
    "thickness": 0.0025953872855979127
  },
  "feed_type": "INSET",
  "frequency_band": "2.4GHz",
  "frequency_range": [
    2000000000.0,
    3000000000.0
  ]
}