{
  "geometry": {
    "length": 0.026215797775209677,
    "width": 0.03473717843657818,
    "height": 0.0027311863432977926,
    "feed_x": 0.010486319110083872,
    "feed_y": 0.0020980498584193623
  },
  "substrate": {
    "relative_permittivity": 4.4,
    "loss_tangent": 0.02,
    "substrate_type": "FR4",
    "thickness": 0.0027311863432977926
  },
  "feed_type": "INSET",
  "frequency_band": "2.4GHz",
  "frequency_range": [
    2000000000.0,
    3000000000.0
  ]
}