{
  "geometry": {
    "length": 0.02563883052766911,
    "width": 0.03926845015713437,
    "height": 0.002970469303903677,
    "feed_x": 0.010255532211067645,
    "feed_y": 0.011128352189862314
  },
  "substrate": {
    "relative_permittivity": 4.4,
    "loss_tangent": 0.02,
    "substrate_type": "FR4",
    "thickness": 0.002970469303903677
  },
  "feed_type": "INSET",
  "frequency_band": "2.4GHz",
  "frequency_range": [
    2000000000.0,
    3000000000.0
  ]
}