{
  "geometry": {
    "length": 0.031726967979233654,
    "width": 0.03080340286436279,
    "height": 0.0023504345093563715,
    "feed_x": 0.0018879918062515628,
    "feed_y": 0.012321361145745117
  },
  "substrate": {
    "relative_permittivity": 4.4,
    "loss_tangent": 0.02,
    "substrate_type": "FR4",
    "thickness": 0.0023504345093563715
  },
  "feed_type": "INSET",
  "frequency_band": "2.4GHz",
  "frequency_range": [
    2000000000.0,
    3000000000.0
  ]
}