{
  "geometry": {
    "length": 0.034337888062799714,
    "width": 0.0441421655942367,
    "height": 0.0011891444095978362,
    "feed_x": 0.006000361261455291,
    "feed_y": 0.005868918603239833
  },
  "substrate": {
    "relative_permittivity": 4.4,
    "loss_tangent": 0.02,
    "substrate_type": "FR4",
    "thickness": 0.0011891444095978362
  },
  "feed_type": "INSET",
  "frequency_band": "2.4GHz",
  "frequency_range": [
    2000000000.0,
    3000000000.0
  ]
}