{
  "geometry": {
    "length": 0.02713471337581437,
    "width": 0.043018704604882475,
    "height": 0.0029242916668270496,
    "feed_x": 0.00755804486300332,
    "feed_y": 0.0068868297226633455
  },
  "substrate": {
    "relative_permittivity": 4.4,
    "loss_tangent": 0.02,
    "substrate_type": "FR4",
    "thickness": 0.0029242916668270496
  },
  "feed_type": "INSET",
  "frequency_band": "2.4GHz",
  "frequency_range": [
    2000000000.0,
    3000000000.0
  ]
}