{
  "geometry": {
    "length": 0.03186300224055411,
    "width": 0.04343026150267132,
    "height": 0.002192142573416731,
    "feed_x": 0.012745200896221645,
    "feed_y": 0.006264633840952831
  },
  "substrate": {
    "relative_permittivity": 4.4,
    "loss_tangent": 0.02,
    "substrate_type": "FR4",
    "thickness": 0.002192142573416731
  },
  "feed_type": "INSET",
  "frequency_band": "2.4GHz",
  "frequency_range": [
    2000000000.0,
    3000000000.0
  ]
}