{
  "geometry": {
    "length": 0.03297841251419806,
    "width": 0.03542761392367759,
    "height": 0.00280283273978416,
    "feed_x": 0.011291087920068107,
    "feed_y": 0.014171045569471036
  },
  "substrate": {
    "relative_permittivity": 4.4,
    "loss_tangent": 0.02,
    "substrate_type": "FR4",
    "thickness": 0.00280283273978416
  },
  "feed_type": "INSET",
  "frequency_band": "2.4GHz",
  "frequency_range": [
    2000000000.0,
    3000000000.0
  ]
}