{
  "geometry": {
    "length": 0.03416696557102608,
    "width": 0.04303685482995903,
    "height": 0.0017884094006736804,
    "feed_x": 0.003359224394695651,
    "feed_y": 0.008997959071332672
  },
  "substrate": {
    "relative_permittivity": 4.4,
    "loss_tangent": 0.02,
    "substrate_type": "FR4",
    "thickness": 0.0017884094006736804
  },
  "feed_type": "INSET",
  "frequency_band": "2.4GHz",
  "frequency_range": [
    2000000000.0,
    3000000000.0
  ]
}