{
  "geometry": {
    "length": 0.03490967407556753,
    "width": 0.032743995329803016,
    "height": 0.0023710321434009672,
    "feed_x": 0.01043659132104921,
    "feed_y": 0.011308748978107937
  },
  "substrate": {
    "relative_permittivity": 4.4,
    "loss_tangent": 0.02,
    "substrate_type": "FR4",
    "thickness": 0.0023710321434009672
  },
  "feed_type": "INSET",
  "frequency_band": "2.4GHz",
  "frequency_range": [
    2000000000.0,
    3000000000.0
  ]
}