{
  "geometry": {
    "length": 0.031109598184273717,
    "width": 0.04357699491598715,
    "height": 0.001723124772103091,
    "feed_x": 0.010017222740080161,
    "feed_y": 0.01743079796639486
  },
  "substrate": {
    "relative_permittivity": 4.4,
    "loss_tangent": 0.02,
    "substrate_type": "FR4",
    "thickness": 0.001723124772103091
  },
  "feed_type": "INSET",
  "frequency_band": "2.4GHz",
  "frequency_range": [
    2000000000.0,
    3000000000.0
  ]
}