{
  "geometry": {
    "length": 0.03340421390703188,
    "width": 0.03650788459050075,
    "height": 0.0025736663690049595,
    "feed_x": 0.013361685562812753,
    "feed_y": 0.0146031538362003
  },
  "substrate": {
    "relative_permittivity": 4.4,
    "loss_tangent": 0.02,
    "substrate_type": "FR4",
    "thickness": 0.0025736663690049595
  },
  "feed_type": "INSET",
  "frequency_band": "2.4GHz",
  "frequency_range": [
    2000000000.0,
    3000000000.0
  ]
}