{
  "geometry": {
    "length": 0.028044335793491908,
    "width": 0.04490173636847264,
    "height": 0.001969211487380387,
    "feed_x": 0.009104445923063354,
    "feed_y": 0.003928305238342771
  },
  "substrate": {
    "relative_permittivity": 4.4,
    "loss_tangent": 0.02,
    "substrate_type": "FR4",
    "thickness": 0.001969211487380387
  },
  "feed_type": "INSET",
  "frequency_band": "2.4GHz",
  "frequency_range": [
    2000000000.0,
    3000000000.0
  ]
}