{
  "geometry": {
    "length": 0.029224781235653113,
    "width": 0.03794580545506346,
    "height": 0.0018703230953854926,
    "feed_x": 0.00704880701863137,
    "feed_y": 0.012420160771217069
  },
  "substrate": {
    "relative_permittivity": 4.4,
    "loss_tangent": 0.02,
    "substrate_type": "FR4",
    "thickness": 0.0018703230953854926
  },
  "feed_type": "INSET",
  "frequency_band": "2.4GHz",
  "frequency_range": [
    2000000000.0,
    3000000000.0
  ]
}