{
  "geometry": {
    "length": 0.025063474807992474,
    "width": 0.03017256740165057,
    "height": 0.001954134339022329,
    "feed_x": 0.001,
    "feed_y": 0.006241274408710773
  },
  "substrate": {
    "relative_permittivity": 4.4,
    "loss_tangent": 0.02,
    "substrate_type": "FR4",
    "thickness": 0.001954134339022329
  },
  "feed_type": "INSET",
  "frequency_band": "2.4GHz",
  "frequency_range": [
    2000000000.0,
    3000000000.0
  ]
}