{
  "geometry": {
    "length": 0.02517336546742771,
    "width": 0.034228322327964286,
    "height": 0.0008412019297161824,
    "feed_x": 0.004516399359600046,
    "feed_y": 0.013691328931185714
  },
  "substrate": {
    "relative_permittivity": 4.4,
    "loss_tangent": 0.02,
    "substrate_type": "FR4",
    "thickness": 0.0008412019297161824
  },
  "feed_type": "INSET",
  "frequency_band": "2.4GHz",
  "frequency_range": [
    2000000000.0,
    3000000000.0
  ]
}