{
  "geometry": {
    "length": 0.03421669323003054,
    "width": 0.03143809161057162,
    "height": 0.0019395470906959306,
    "feed_x": 0.004211210607908879,
    "feed_y": 0.00679933170116652
  },
  "substrate": {
    "relative_permittivity": 4.4,
    "loss_tangent": 0.02,
    "substrate_type": "FR4",
    "thickness": 0.0019395470906959306
  },
  "feed_type": "INSET",
  "frequency_band": "2.4GHz",
  "frequency_range": [
    2000000000.0,
    3000000000.0
  ]
}