{
  "geometry": {
    "length": 0.032458450148218944,
    "width": 0.042686338213873715,
    "height": 0.003027549457301616,
    "feed_x": 0.012512173094637192,
    "feed_y": 0.009397208212945497
  },
  "substrate": {
    "relative_permittivity": 4.4,
    "loss_tangent": 0.02,
    "substrate_type": "FR4",
    "thickness": 0.003027549457301616
  },
  "feed_type": "INSET",
  "frequency_band": "2.4GHz",
  "frequency_range": [
    2000000000.0,
    3000000000.0
  ]
}