{
  "geometry": {
    "length": 0.03149842482364112,
    "width": 0.04387040279434022,
    "height": 0.0008239162020996255,
    "feed_x": 0.011272006684391248,
    "feed_y": 0.013629215455794784
  },
  "substrate": {
    "relative_permittivity": 4.4,
    "loss_tangent": 0.02,
    "substrate_type": "FR4",
    "thickness": 0.0008239162020996255
  },
  "feed_type": "INSET",
  "frequency_band": "2.4GHz",
  "frequency_range": [
    2000000000.0,
    3000000000.0
  ]
}