{
  "geometry": {
    "length": 0.0306718749223095,
    "width": 0.03144726151655633,
    "height": 0.0025297958944598014,
    "feed_x": 0.006786060686606698,
    "feed_y": 0.012578904606622532
  },
  "substrate": {
    "relative_permittivity": 4.4,
    "loss_tangent": 0.02,
    "substrate_type": "FR4",
    "thickness": 0.0025297958944598014
  },
  "feed_type": "INSET",
  "frequency_band": "2.4GHz",
  "frequency_range": [
    2000000000.0,
    3000000000.0
  ]
}