{
  "geometry": {
    "length": 0.030801488689002385,
    "width": 0.032457671805113386,
    "height": 0.0014630369093793557,
    "feed_x": 0.010869952524569087,
    "feed_y": 0.0024786177937468562
  },
  "substrate": {
    "relative_permittivity": 4.4,
    "loss_tangent": 0.02,
    "substrate_type": "FR4",
    "thickness": 0.0014630369093793557
  },
  "feed_type": "INSET",
  "frequency_band": "2.4GHz",
  "frequency_range": [
    2000000000.0,
    3000000000.0
  ]
}