{
  "geometry": {
    "length": 0.03126595965609259,
    "width": 0.03600788746905776,
    "height": 0.0027461138779371255,
    "feed_x": 0.012506383862437038,
    "feed_y": 0.002227482566601387
  },
  "substrate": {
    "relative_permittivity": 4.4,
    "loss_tangent": 0.02,
    "substrate_type": "FR4",
    "thickness": 0.0027461138779371255
  },
  "feed_type": "INSET",
  "frequency_band": "2.4GHz",
  "frequency_range": [
    2000000000.0,
    3000000000.0
  ]
}