{
  "geometry": {
    "length": 0.028328577170214437,
    "width": 0.0437833295254082,
    "height": 0.0029308822753009896,
    "feed_x": 0.00729351015703572,
    "feed_y": 0.01751333181016328
  },
  "substrate": {
    "relative_permittivity": 4.4,
    "loss_tangent": 0.02,
    "substrate_type": "FR4",
    "thickness": 0.0029308822753009896
  },
  "feed_type": "INSET",
  "frequency_band": "2.4GHz",
  "frequency_range": [
    2000000000.0,
    3000000000.0
  ]
}