{
  "geometry": {
    "length": 0.030346913846573908,
    "width": 0.035460035271088174,
    "height": 0.002425000875118604,
    "feed_x": 0.012138765538629564,
    "feed_y": 0.001
  },
  "substrate": {
    "relative_permittivity": 4.4,
    "loss_tangent": 0.02,
    "substrate_type": "FR4",
    "thickness": 0.002425000875118604
  },
  "feed_type": "INSET",
  "frequency_band": "2.4GHz",
  "frequency_range": [
    2000000000.0,
    3000000000.0
  ]
}