{
  "geometry": {
    "length": 0.02503575663571077,
    "width": 0.042974848059939875,
    "height": 0.001179403047350985,
    "feed_x": 0.007242156847398775,
    "feed_y": 0.0019133633955961905
  },
  "substrate": {
    "relative_permittivity": 4.4,
    "loss_tangent": 0.02,
    "substrate_type": "FR4",
    "thickness": 0.001179403047350985
  },
  "feed_type": "INSET",
  "frequency_band": "2.4GHz",
  "frequency_range": [
    2000000000.0,
    3000000000.0
  ]
}