{
  "geometry": {
    "length": 0.03338009854385945,
    "width": 0.030851360619472114,
    "height": 0.0021793418274266593,
    "feed_x": 0.0036582330416280173,
    "feed_y": 0.0018948844482600368
  },
  "substrate": {
    "relative_permittivity": 4.4,
    "loss_tangent": 0.02,
    "substrate_type": "FR4",
    "thickness": 0.0021793418274266593
  },
  "feed_type": "INSET",
  "frequency_band": "2.4GHz",
  "frequency_range": [
    2000000000.0,
    3000000000.0
  ]
}