{
  "geometry": {
    "length": 0.026876084931583156,
    "width": 0.036643653701471234,
    "height": 0.0030318141533953753,
    "feed_x": 0.010750433972633262,
    "feed_y": 0.001
  },
  "substrate": {
    "relative_permittivity": 4.4,
    "loss_tangent": 0.02,
    "substrate_type": "FR4",
    "thickness": 0.0030318141533953753
  },
  "feed_type": "INSET",
  "frequency_band": "2.4GHz",
  "frequency_range": [
    2000000000.0,
    3000000000.0
  ]
}