{
  "geometry": {
    "length": 0.026780629849991237,
    "width": 0.040961140039692076,
    "height": 0.0012092203683846732,
    "feed_x": 0.00708114966806859,
    "feed_y": 0.011713704472550237
  },
  "substrate": {
    "relative_permittivity": 4.4,
    "loss_tangent": 0.02,
    "substrate_type": "FR4",
    "thickness": 0.0012092203683846732
  },
  "feed_type": "INSET",
  "frequency_band": "2.4GHz",
  "frequency_range": [
    2000000000.0,
    3000000000.0
  ]
}