{
  "geometry": {
    "length": 0.032233277599069604,
    "width": 0.042100781493242416,
    "height": 0.00271841738567674,
    "feed_x": 0.012893311039627842,
    "feed_y": 0.006341037675428328
  },
  "substrate": {
    "relative_permittivity": 4.4,
    "loss_tangent": 0.02,
    "substrate_type": "FR4",
    "thickness": 0.00271841738567674
  },
  "feed_type": "INSET",
  "frequency_band": "2.4GHz",
  "frequency_range": [
    2000000000.0,
    3000000000.0
  ]
}