{
  "frequency": [
    2082500000.0,
    2089850000.0,
    2097200000.0,
    2104550000.0,
    2111900000.0,
    2119250000.0,
    2126600000.0,
    2133950000.0,
    2141300000.0,
    2148650000.0,
    2156000000.0,
    2163350000.0,
    2170700000.0,
    2178050000.0,
    2185400000.0,
    2192750000.0,
    2200100000.0,
    2207450000.0,
    2214800000.0,
    2222150000.0,
    2229500000.0,
    2236850000.0,
    2244200000.0,
    2251550000.0,
    2258900000.0,
    2266250000.0,
    2273600000.0,
    2280950000.0,
    2288300000.0,
    2295650000.0,
    2303000000.0,
    2310350000.0,
    2317700000.0,
    2325050000.0,
    2332400000.0,
    2339750000.0,
    2347100000.0,
    2354450000.0,
    2361800000.0,
    2369150000.0,
    2376500000.0,
    2383850000.0,
    2391200000.0,
    2398550000.0,
    2405900000.0,
    2413250000.0,
    2420600000.0,
    2427950000.0,
    2435300000.0,
    2442650000.0,
    2450000000.0,
    2457350000.0,
    2464700000.0,
    2472050000.0,
    2479400000.0,
    2486750000.0,
    2494100000.0,
    2501450000.0,
    2508800000.0,
    2516150000.0,
    2523500000.0,
    2530850000.0,
    2538200000.0,
    2545550000.0,
    2552900000.0,
    2560250000.0,
    2567600000.0,
    2574950000.0,
    2582300000.0,
    2589650000.0,
    2597000000.0,
    2604350000.0,
    2611700000.0,
    2619050000.0,
    2626400000.0,
    2633750000.0,
    2641100000.0,
    2648450000.0,
    2655800000.0,
    2663150000.0,
    2670500000.0,
    2677850000.0,
    2685200000.0,
    2692550000.0,
    2699900000.0,
    2707250000.0,
    2714600000.0,
    2721950000.0,
    2729300000.0,
    2736650000.0,
    2744000000.0,
    2751350000.0,
    2758700000.0,
    2766050000.0,
    2773400000.0,
    2780750000.0,
    2788100000.0,
    2795450000.0,
    2802800000.0,
    2810150000.0,
    2817500000.0
  ],
  "s11_magnitude": [
    -0.22351660207788127,
    -0.2123009303987833,
    -0.20176870738172753,
    -0.19192812367891765,
    -0.1827855365535676,
    -0.1743404601360701,
    -0.1665827279031308,
    -0.15949141225073538,
    -0.1530350993017701,
    -0.14717314573494517,
    -0.14185758360928163,
    -0.13703538466311055,
    -0.13265084392742427,
    -0.12864789101825694,
    -0.12497218415070754,
    -0.1215728853010937,
    -0.1184040540324366,
    -0.11542563163753905,
    -0.11260401606021267,
    -0.10991225137194612,
    -0.10732987344092249,
    -0.10484246603362804,
    -0.10244098928858157,
    -0.100120945771898,
    -0.0978814487454239,
    -0.09572425349719405,
    -0.09365280628702823,
    -0.09167135733776807,
    -0.08978417501668468,
    -0.08799488851465477,
    -0.08630597647981493,
    -0.08471840965339107,
    -0.08323144695074594,
    -0.08184257690485794,
    -0.08054759012902495,
    -0.07934076357058241,
    -0.07821513385765257,
    -0.07716283496867071,
    -0.07617547471225129,
    -0.07524452498603862,
    -0.07436170235001646,
    -0.07351931793942255,
    -0.07271057897693671,
    -0.07192982793204929,
    -0.07117270952363512,
    -0.07043626007508369,
    -0.0697189180223028,
    -0.06902045846870335,
    -0.0683418584182899,
    -0.06768510256224095,
    -0.06705294213305915,
    -0.06644862129073349,
    -0.06587558671207062,
    -0.06533719649483594,
    -0.0648364441671512,
    -0.06437571254474121,
    -0.06395657046360467,
    -0.06357962311655697,
    -0.06324442394117033,
    -0.06294945286345904,
    -0.06269216232542958,
    -0.06246908905656348,
    -0.06227602613156063,
    -0.06210824663534076,
    -0.06196076737056752,
    -0.06182863862824413,
    -0.06170724421678363,
    -0.061592594815732454,
    -0.0614815973680945,
    -0.061372283706982,
    -0.06126398295395103,
    -0.06115742442033255,
    -0.061054760743735226,
    -0.06095950471757687,
    -0.06087637760068322,
    -0.06081107146918286,
    -0.06076993320285302,
    -0.0607595827631586,
    -0.06078648327813272,
    -0.06085648484302444,
    -0.060974367611411645,
    -0.06114341242994391,
    -0.06136502871317813,
    -0.06163846924250435,
    -0.06196065991911122,
    -0.06232616906977678,
    -0.06272733562544414,
    -0.06315456837112339,
    -0.06359681960366449,
    -0.06404222613854195,
    -0.06447889900827738,
    -0.06489583085312499,
    -0.06528387751160093,
    -0.06563675839759248,
    -0.06595200973331732,
    -0.06623181651413268,
    -0.06648364416878225,
    -0.06672059019776228,
    -0.06696138049161796,
    -0.0672299452726343,
    -0.0675545261660799
  ],
  "s11_phase": null,
  "gain": 1.1924491318499482,
  "efficiency": 0.3091302173251192,
  "resonance_frequency": 2082500000.0
}