{
  "geometry": {
    "length": 0.030842896408079773,
    "width": 0.03960429620085139,
    "height": 0.002134417260902551,
    "feed_x": 0.006487162679280553,
    "feed_y": 0.007085944110405565
  },
  "substrate": {
    "relative_permittivity": 4.4,
    "loss_tangent": 0.02,
    "substrate_type": "FR4",
    "thickness": 0.002134417260902551
  },
  "feed_type": "INSET",
  "frequency_band": "2.4GHz",
  "frequency_range": [
    2000000000.0,
    3000000000.0
  ]
}