{
  "geometry": {
    "length": 0.034411676336415356,
    "width": 0.0352690460135658,
    "height": 0.001292475675640026,
    "feed_x": 0.010238597539894551,
    "feed_y": 0.004135732851144366
  },
  "substrate": {
    "relative_permittivity": 4.4,
    "loss_tangent": 0.02,
    "substrate_type": "FR4",
    "thickness": 0.001292475675640026
  },
  "feed_type": "INSET",
  "frequency_band": "2.4GHz",
  "frequency_range": [
    2000000000.0,
    3000000000.0
  ]
}