{
  "geometry": {
    "length": 0.028009099521392244,
    "width": 0.042694164609741056,
    "height": 0.002517291494647397,
    "feed_x": 0.006915989043129412,
    "feed_y": 0.003212713583982893
  },
  "substrate": {
    "relative_permittivity": 4.4,
    "loss_tangent": 0.02,
    "substrate_type": "FR4",
    "thickness": 0.002517291494647397
  },
  "feed_type": "INSET",
  "frequency_band": "2.4GHz",
  "frequency_range": [
    2000000000.0,
    3000000000.0
  ]
}