{
  "geometry": {
    "length": 0.025223271466053153,
    "width": 0.03173347860379786,
    "height": 0.002681051250553611,
    "feed_x": 0.010004534346686685,
    "feed_y": 0.0017585285979843936
  },
  "substrate": {
    "relative_permittivity": 4.4,
    "loss_tangent": 0.02,
    "substrate_type": "FR4",
    "thickness": 0.002681051250553611
  },
  "feed_type": "INSET",
  "frequency_band": "2.4GHz",
  "frequency_range": [
    2000000000.0,
    3000000000.0
  ]
}