{
  "geometry": {
    "length": 0.03221519091887819,
    "width": 0.030296686817477256,
    "height": 0.002536384702233232,
    "feed_x": 0.012886076367551276,
    "feed_y": 0.005441400145771832
  },
  "substrate": {
    "relative_permittivity": 4.4,
    "loss_tangent": 0.02,
    "substrate_type": "FR4",
    "thickness": 0.002536384702233232
  },
  "feed_type": "INSET",
  "frequency_band": "2.4GHz",
  "frequency_range": [
    2000000000.0,
    3000000000.0
  ]
}