{
  "geometry": {
    "length": 0.033792255821655515,
    "width": 0.040386150221666355,
    "height": 0.0031253341992358488,
    "feed_x": 0.004273377025275791,
    "feed_y": 0.004326349454352107
  },
  "substrate": {
    "relative_permittivity": 4.4,
    "loss_tangent": 0.02,
    "substrate_type": "FR4",
    "thickness": 0.0031253341992358488
  },
  "feed_type": "INSET",
  "frequency_band": "2.4GHz",
  "frequency_range": [
    2000000000.0,
    3000000000.0
  ]
}