{
  "geometry": {
    "length": 0.03210656184031076,
    "width": 0.043406075176265504,
    "height": 0.0012049324478108723,
    "feed_x": 0.0014299002797947653,
    "feed_y": 0.012844615545068484
  },
  "substrate": {
    "relative_permittivity": 4.4,
    "loss_tangent": 0.02,
    "substrate_type": "FR4",
    "thickness": 0.0012049324478108723
  },
  "feed_type": "INSET",
  "frequency_band": "2.4GHz",
  "frequency_range": [
    2000000000.0,
    3000000000.0
  ]
}