{
  "geometry": {
    "length": 0.02848202482795947,
    "width": 0.03952695473556439,
    "height": 0.0015615237714690108,
    "feed_x": 0.0015426697309235352,
    "feed_y": 0.004159716056368856
  },
  "substrate": {
    "relative_permittivity": 4.4,
    "loss_tangent": 0.02,
    "substrate_type": "FR4",
    "thickness": 0.0015615237714690108
  },
  "feed_type": "INSET",
  "frequency_band": "2.4GHz",
  "frequency_range": [
    2000000000.0,
    3000000000.0
  ]
}