{
  "geometry": {
    "length": 0.03207082140003375,
    "width": 0.04333523722102578,
    "height": 0.001514355078381826,
    "feed_x": 0.0128283285600135,
    "feed_y": 0.017334094888410312
  },
  "substrate": {
    "relative_permittivity": 4.4,
    "loss_tangent": 0.02,
    "substrate_type": "FR4",
    "thickness": 0.001514355078381826
  },
  "feed_type": "INSET",
  "frequency_band": "2.4GHz",
  "frequency_range": [
    2000000000.0,
    3000000000.0
  ]
}