{
  "geometry": {
    "length": 0.025088442423290256,
    "width": 0.03569197652770536,
    "height": 0.0022714022123410914,
    "feed_x": 0.001,
    "feed_y": 0.010718349925739366
  },
  "substrate": {
    "relative_permittivity": 4.4,
    "loss_tangent": 0.02,
    "substrate_type": "FR4",
    "thickness": 0.0022714022123410914
  },
  "feed_type": "INSET",
  "frequency_band": "2.4GHz",
  "frequency_range": [
    2000000000.0,
    3000000000.0
  ]
}