{
  "geometry": {
    "length": 0.030400006099634856,
    "width": 0.0404698877550584,
    "height": 0.0014284134903612324,
    "feed_x": 0.012160002439853943,
    "feed_y": 0.008679577012289027
  },
  "substrate": {
    "relative_permittivity": 4.4,
    "loss_tangent": 0.02,
    "substrate_type": "FR4",
    "thickness": 0.0014284134903612324
  },
  "feed_type": "INSET",
  "frequency_band": "2.4GHz",
  "frequency_range": [
    2000000000.0,
    3000000000.0
  ]
}