{
  "geometry": {
    "length": 0.028979150252468746,
    "width": 0.040982458263231124,
    "height": 0.001611360847936042,
    "feed_x": 0.0115916601009875,
    "feed_y": 0.008902930645956634
  },
  "substrate": {
    "relative_permittivity": 4.4,
    "loss_tangent": 0.02,
    "substrate_type": "FR4",
    "thickness": 0.001611360847936042
  },
  "feed_type": "INSET",
  "frequency_band": "2.4GHz",
  "frequency_range": [
    2000000000.0,
    3000000000.0
  ]
}