{
  "geometry": {
    "length": 0.025848380584297507,
    "width": 0.034070411244894655,
    "height": 0.002492521027341988,
    "feed_x": 0.00573561433353806,
    "feed_y": 0.01092097398711091
  },
  "substrate": {
    "relative_permittivity": 4.4,
    "loss_tangent": 0.02,
    "substrate_type": "FR4",
    "thickness": 0.002492521027341988
  },
  "feed_type": "INSET",
  "frequency_band": "2.4GHz",
  "frequency_range": [
    2000000000.0,
    3000000000.0
  ]
}