{
  "geometry": {
    "length": 0.026548381306393715,
    "width": 0.03751359650421587,
    "height": 0.0028074807838417695,
    "feed_x": 0.005106195198911908,
    "feed_y": 0.012800607020493003
  },
  "substrate": {
    "relative_permittivity": 4.4,
    "loss_tangent": 0.02,
    "substrate_type": "FR4",
    "thickness": 0.0028074807838417695
  },
  "feed_type": "INSET",
  "frequency_band": "2.4GHz",
  "frequency_range": [
    2000000000.0,
    3000000000.0
  ]
}