{
  "geometry": {
    "length": 0.03138607274586088,
    "width": 0.03866530011883358,
    "height": 0.0022163675989399735,
    "feed_x": 0.001,
    "feed_y": 0.013903625202963
  },
  "substrate": {
    "relative_permittivity": 4.4,
    "loss_tangent": 0.02,
    "substrate_type": "FR4",
    "thickness": 0.0022163675989399735
  },
  "feed_type": "INSET",
  "frequency_band": "2.4GHz",
  "frequency_range": [
    2000000000.0,
    3000000000.0
  ]
}