{
  "geometry": {
    "length": 0.02752773602459589,
    "width": 0.042007452322099126,
    "height": 0.002446421906052795,
    "feed_x": 0.00166526092373021,
    "feed_y": 0.0157621100654907
  },
  "substrate": {
    "relative_permittivity": 4.4,
    "loss_tangent": 0.02,
    "substrate_type": "FR4",
    "thickness": 0.002446421906052795
  },
  "feed_type": "INSET",
  "frequency_band": "2.4GHz",
  "frequency_range": [
    2000000000.0,
    3000000000.0
  ]
}