{
  "geometry": {
    "length": 0.03495683539857585,
    "width": 0.03696125802468135,
    "height": 0.002332776171876607,
    "feed_x": 0.010098388709922876,
    "feed_y": 0.010313867157623656
  },
  "substrate": {
    "relative_permittivity": 4.4,
    "loss_tangent": 0.02,
    "substrate_type": "FR4",
    "thickness": 0.002332776171876607
  },
  "feed_type": "INSET",
  "frequency_band": "2.4GHz",
  "frequency_range": [
    2000000000.0,
    3000000000.0
  ]
}