{
  "geometry": {
    "length": 0.02519908276320941,
    "width": 0.0399049876511528,
    "height": 0.002288826757427977,
    "feed_x": 0.010079633105283765,
    "feed_y": 0.013866588818896946
  },
  "substrate": {
    "relative_permittivity": 4.4,
    "loss_tangent": 0.02,
    "substrate_type": "FR4",
    "thickness": 0.002288826757427977
  },
  "feed_type": "INSET",
  "frequency_band": "2.4GHz",
  "frequency_range": [
    2000000000.0,
    3000000000.0
  ]
}