{
  "geometry": {
    "length": 0.02671343952394939,
    "width": 0.0343300873188253,
    "height": 0.002999323941483432,
    "feed_x": 0.004475966914287909,
    "feed_y": 0.0037659666918832603
  },
  "substrate": {
    "relative_permittivity": 4.4,
    "loss_tangent": 0.02,
    "substrate_type": "FR4",
    "thickness": 0.002999323941483432
  },
  "feed_type": "INSET",
  "frequency_band": "2.4GHz",
  "frequency_range": [
    2000000000.0,
    3000000000.0
  ]
}