{
  "geometry": {
    "length": 0.03332847434395317,
    "width": 0.030757218441251753,
    "height": 0.0026708497438824893,
    "feed_x": 0.001,
    "feed_y": 0.009351599737706736
  },
  "substrate": {
    "relative_permittivity": 4.4,
    "loss_tangent": 0.02,
    "substrate_type": "FR4",
    "thickness": 0.0026708497438824893
  },
  "feed_type": "INSET",
  "frequency_band": "2.4GHz",
  "frequency_range": [
    2000000000.0,
    3000000000.0
  ]
}