{
  "geometry": {
    "length": 0.029327511202718523,
    "width": 0.04337970890774259,
    "height": 0.001065430029114528,
    "feed_x": 0.0010332597409301936,
    "feed_y": 0.005542635229365494
  },
  "substrate": {
    "relative_permittivity": 4.4,
    "loss_tangent": 0.02,
    "substrate_type": "FR4",
    "thickness": 0.001065430029114528
  },
  "feed_type": "INSET",
  "frequency_band": "2.4GHz",
  "frequency_range": [
    2000000000.0,
    3000000000.0
  ]
}