{
  "geometry": {
    "length": 0.03029540803904308,
    "width": 0.04425546121102216,
    "height": 0.0009541030081559707,
    "feed_x": 0.012118163215617234,
    "feed_y": 0.017702184484408866
  },
  "substrate": {
    "relative_permittivity": 4.4,
    "loss_tangent": 0.02,
    "substrate_type": "FR4",
    "thickness": 0.0009541030081559707
  },
  "feed_type": "INSET",
  "frequency_band": "2.4GHz",
  "frequency_range": [
    2000000000.0,
    3000000000.0
  ]
}