{
  "geometry": {
    "length": 0.03345260827678073,
    "width": 0.03536641822005962,
    "height": 0.0014247886315419847,
    "feed_x": 0.0069538752289799695,
    "feed_y": 0.004765427797654029
  },
  "substrate": {
    "relative_permittivity": 4.4,
    "loss_tangent": 0.02,
    "substrate_type": "FR4",
    "thickness": 0.0014247886315419847
  },
  "feed_type": "INSET",
  "frequency_band": "2.4GHz",
  "frequency_range": [
    2000000000.0,
    3000000000.0
  ]
}