{
  "geometry": {
    "length": 0.034684437815472764,
    "width": 0.04016481694512315,
    "height": 0.002874075423599622,
    "feed_x": 0.01065021347498794,
    "feed_y": 0.002018832841449371
  },
  "substrate": {
    "relative_permittivity": 4.4,
    "loss_tangent": 0.02,
    "substrate_type": "FR4",
    "thickness": 0.002874075423599622
  },
  "feed_type": "INSET",
  "frequency_band": "2.4GHz",
  "frequency_range": [
    2000000000.0,
    3000000000.0
  ]
}