{
  "geometry": {
    "length": 0.02547759171941959,
    "width": 0.0335828546718725,
    "height": 0.0019861357569423387,
    "feed_x": 0.010191036687767836,
    "feed_y": 0.005576254387246576
  },
  "substrate": {
    "relative_permittivity": 4.4,
    "loss_tangent": 0.02,
    "substrate_type": "FR4",
    "thickness": 0.0019861357569423387
  },
  "feed_type": "INSET",
  "frequency_band": "2.4GHz",
  "frequency_range": [
    2000000000.0,
    3000000000.0
  ]
}