{
  "geometry": {
    "length": 0.02669915225257228,
    "width": 0.04362879300285173,
    "height": 0.0008005438897084677,
    "feed_x": 0.0018842851685165985,
    "feed_y": 0.01667201584829631
  },
  "substrate": {
    "relative_permittivity": 4.4,
    "loss_tangent": 0.02,
    "substrate_type": "FR4",
    "thickness": 0.0008005438897084677
  },
  "feed_type": "INSET",
  "frequency_band": "2.4GHz",
  "frequency_range": [
    2000000000.0,
    3000000000.0
  ]
}