{
  "geometry": {
    "length": 0.02825341153851527,
    "width": 0.03479799034171156,
    "height": 0.0016507731848899984,
    "feed_x": 0.0037569354964743255,
    "feed_y": 0.013374616070016195
  },
  "substrate": {
    "relative_permittivity": 4.4,
    "loss_tangent": 0.02,
    "substrate_type": "FR4",
    "thickness": 0.0016507731848899984
  },
  "feed_type": "INSET",
  "frequency_band": "2.4GHz",
  "frequency_range": [
    2000000000.0,
    3000000000.0
  ]
}