{
  "geometry": {
    "length": 0.03154343770351895,
    "width": 0.040949487308836074,
    "height": 0.0026101515513213343,
    "feed_x": 0.012617375081407582,
    "feed_y": 0.01637979492353443
  },
  "substrate": {
    "relative_permittivity": 4.4,
    "loss_tangent": 0.02,
    "substrate_type": "FR4",
    "thickness": 0.0026101515513213343
  },
  "feed_type": "INSET",
  "frequency_band": "2.4GHz",
  "frequency_range": [
    2000000000.0,
    3000000000.0
  ]
}