{
  "geometry": {
    "length": 0.02709814475810368,
    "width": 0.042439815215086274,
    "height": 0.002316629194825885,
    "feed_x": 0.006801960940197931,
    "feed_y": 0.005693629547188642
  },
  "substrate": {
    "relative_permittivity": 4.4,
    "loss_tangent": 0.02,
    "substrate_type": "FR4",
    "thickness": 0.002316629194825885
  },
  "feed_type": "INSET",
  "frequency_band": "2.4GHz",
  "frequency_range": [
    2000000000.0,
    3000000000.0
  ]
}