{
  "geometry": {
    "length": 0.034465300346058755,
    "width": 0.03617957670701734,
    "height": 0.0028791778160196426,
    "feed_x": 0.0010797339253830153,
    "feed_y": 0.014471830682806936
  },
  "substrate": {
    "relative_permittivity": 4.4,
    "loss_tangent": 0.02,
    "substrate_type": "FR4",
    "thickness": 0.0028791778160196426
  },
  "feed_type": "INSET",
  "frequency_band": "2.4GHz",
  "frequency_range": [
    2000000000.0,
    3000000000.0
  ]
}