{
  "geometry": {
    "length": 0.02776072141774537,
    "width": 0.042825596609932154,
    "height": 0.0017068930822775547,
    "feed_x": 0.010502588752076993,
    "feed_y": 0.005894983101781982
  },
  "substrate": {
    "relative_permittivity": 4.4,
    "loss_tangent": 0.02,
    "substrate_type": "FR4",
    "thickness": 0.0017068930822775547
  },
  "feed_type": "INSET",
  "frequency_band": "2.4GHz",
  "frequency_range": [
    2000000000.0,
    3000000000.0
  ]
}