{
  "geometry": {
    "length": 0.030958988938340648,
    "width": 0.0326878355564664,
    "height": 0.001533243767476731,
    "feed_x": 0.008288272522101233,
    "feed_y": 0.011081468085794962
  },
  "substrate": {
    "relative_permittivity": 4.4,
    "loss_tangent": 0.02,
    "substrate_type": "FR4",
    "thickness": 0.001533243767476731
  },
  "feed_type": "INSET",
  "frequency_band": "2.4GHz",
  "frequency_range": [
    2000000000.0,
    3000000000.0
  ]
}