{
  "geometry": {
    "length": 0.03435199328180041,
    "width": 0.042921072285402165,
    "height": 0.0016141205880441849,
    "feed_x": 0.013740797312720163,
    "feed_y": 0.017168428914160868
  },
  "substrate": {
    "relative_permittivity": 4.4,
    "loss_tangent": 0.02,
    "substrate_type": "FR4",
    "thickness": 0.0016141205880441849
  },
  "feed_type": "INSET",
  "frequency_band": "2.4GHz",
  "frequency_range": [
    2000000000.0,
    3000000000.0
  ]
}