{
  "geometry": {
    "length": 0.03457961089179226,
    "width": 0.036440995900779136,
    "height": 0.0009365785816617552,
    "feed_x": 0.013113581852000927,
    "feed_y": 0.014576398360311655
  },
  "substrate": {
    "relative_permittivity": 4.4,
    "loss_tangent": 0.02,
    "substrate_type": "FR4",
    "thickness": 0.0009365785816617552
  },
  "feed_type": "INSET",
  "frequency_band": "2.4GHz",
  "frequency_range": [
    2000000000.0,
    3000000000.0
  ]
}