{
  "geometry": {
    "length": 0.025994278366968528,
    "width": 0.0388668084803107,
    "height": 0.0010589079433103023,
    "feed_x": 0.010180886711610257,
    "feed_y": 0.012569201085409565
  },
  "substrate": {
    "relative_permittivity": 4.4,
    "loss_tangent": 0.02,
    "substrate_type": "FR4",
    "thickness": 0.0010589079433103023
  },
  "feed_type": "INSET",
  "frequency_band": "2.4GHz",
  "frequency_range": [
    2000000000.0,
    3000000000.0
  ]
}