{
  "geometry": {
    "length": 0.03496528214279837,
    "width": 0.03489429208972404,
    "height": 0.001464806454217888,
    "feed_x": 0.010168772972110206,
    "feed_y": 0.00898506708813845
  },
  "substrate": {
    "relative_permittivity": 4.4,
    "loss_tangent": 0.02,
    "substrate_type": "FR4",
    "thickness": 0.001464806454217888
  },
  "feed_type": "INSET",
  "frequency_band": "2.4GHz",
  "frequency_range": [
    2000000000.0,
    3000000000.0
  ]
}