{
  "geometry": {
    "length": 0.032245549839451465,
    "width": 0.03910405324243944,
    "height": 0.0010496749944287323,
    "feed_x": 0.0016072688844686403,
    "feed_y": 0.01564162129697578
  },
  "substrate": {
    "relative_permittivity": 4.4,
    "loss_tangent": 0.02,
    "substrate_type": "FR4",
    "thickness": 0.0010496749944287323
  },
  "feed_type": "INSET",
  "frequency_band": "2.4GHz",
  "frequency_range": [
    2000000000.0,
    3000000000.0
  ]
}