{
  "geometry": {
    "length": 0.026300931927463946,
    "width": 0.031704937654404235,
    "height": 0.0014585336991718,
    "feed_x": 0.010170454549555135,
    "feed_y": 0.003625978001761943
  },
  "substrate": {
    "relative_permittivity": 4.4,
    "loss_tangent": 0.02,
    "substrate_type": "FR4",
    "thickness": 0.0014585336991718
  },
  "feed_type": "INSET",
  "frequency_band": "2.4GHz",
  "frequency_range": [
    2000000000.0,
    3000000000.0
  ]
}