{
  "geometry": {
    "length": 0.03452530199111825,
    "width": 0.037338997576431554,
    "height": 0.0012994919222388541,
    "feed_x": 0.008245003721493907,
    "feed_y": 0.013731098613443592
  },
  "substrate": {
    "relative_permittivity": 4.4,
    "loss_tangent": 0.02,
    "substrate_type": "FR4",
    "thickness": 0.0012994919222388541
  },
  "feed_type": "INSET",
  "frequency_band": "2.4GHz",
  "frequency_range": [
    2000000000.0,
    3000000000.0
  ]
}