{
  "geometry": {
    "length": 0.03323412365025347,
    "width": 0.03961922906495048,
    "height": 0.0021909376255636157,
    "feed_x": 0.012925476997388843,
    "feed_y": 0.010477222886734186
  },
  "substrate": {
    "relative_permittivity": 4.4,
    "loss_tangent": 0.02,
    "substrate_type": "FR4",
    "thickness": 0.0021909376255636157
  },
  "feed_type": "INSET",
  "frequency_band": "2.4GHz",
  "frequency_range": [
    2000000000.0,
    3000000000.0
  ]
}