{
  "geometry": {
    "length": 0.032705517839124294,
    "width": 0.03293602179815831,
    "height": 0.0008758574359709558,
    "feed_x": 0.005471222637196277,
    "feed_y": 0.001
  },
  "substrate": {
    "relative_permittivity": 4.4,
    "loss_tangent": 0.02,
    "substrate_type": "FR4",
    "thickness": 0.0008758574359709558
  },
  "feed_type": "INSET",
  "frequency_band": "2.4GHz",
  "frequency_range": [
    2000000000.0,
    3000000000.0
  ]
}