{
  "geometry": {
    "length": 0.03303102697800246,
    "width": 0.035866794295498085,
    "height": 0.0009043131190085328,
    "feed_x": 0.006083955262784936,
    "feed_y": 0.008782465427996168
  },
  "substrate": {
    "relative_permittivity": 4.4,
    "loss_tangent": 0.02,
    "substrate_type": "FR4",
    "thickness": 0.0009043131190085328
  },
  "feed_type": "INSET",
  "frequency_band": "2.4GHz",
  "frequency_range": [
    2000000000.0,
    3000000000.0
  ]
}