{
  "geometry": {
    "length": 0.026703321508411523,
    "width": 0.041023059557948126,
    "height": 0.002083339633938556,
    "feed_x": 0.001,
    "feed_y": 0.003727282975126222
  },
  "substrate": {
    "relative_permittivity": 4.4,
    "loss_tangent": 0.02,
    "substrate_type": "FR4",
    "thickness": 0.002083339633938556
  },
  "feed_type": "INSET",
  "frequency_band": "2.4GHz",
  "frequency_range": [
    2000000000.0,
    3000000000.0
  ]
}