{
  "geometry": {
    "length": 0.03412539962515097,
    "width": 0.03845727715337835,
    "height": 0.0013531288994216972,
    "feed_x": 0.01292146831756808,
    "feed_y": 0.006449760423048475
  },
  "substrate": {
    "relative_permittivity": 4.4,
    "loss_tangent": 0.02,
    "substrate_type": "FR4",
    "thickness": 0.0013531288994216972
  },
  "feed_type": "INSET",
  "frequency_band": "2.4GHz",
  "frequency_range": [
    2000000000.0,
    3000000000.0
  ]
}