{
  "geometry": {
    "length": 0.03425520582925194,
    "width": 0.03345207278373276,
    "height": 0.003179258594195437,
    "feed_x": 0.013702082331700777,
    "feed_y": 0.008346576716729342
  },
  "substrate": {
    "relative_permittivity": 4.4,
    "loss_tangent": 0.02,
    "substrate_type": "FR4",
    "thickness": 0.003179258594195437
  },
  "feed_type": "INSET",
  "frequency_band": "2.4GHz",
  "frequency_range": [
    2000000000.0,
    3000000000.0
  ]
}