{
  "geometry": {
    "length": 0.029640973468560726,
    "width": 0.0363003064397912,
    "height": 0.0015276751378873435,
    "feed_x": 0.01185638938742429,
    "feed_y": 0.014520122575916481
  },
  "substrate": {
    "relative_permittivity": 4.4,
    "loss_tangent": 0.02,
    "substrate_type": "FR4",
    "thickness": 0.0015276751378873435
  },
  "feed_type": "INSET",
  "frequency_band": "2.4GHz",
  "frequency_range": [
    2000000000.0,
    3000000000.0
  ]
}