{
  "geometry": {
    "length": 0.026554330622046807,
    "width": 0.035253623666442226,
    "height": 0.0025616397990176174,
    "feed_x": 0.002291382850002542,
    "feed_y": 0.013070023921621914
  },
  "substrate": {
    "relative_permittivity": 4.4,
    "loss_tangent": 0.02,
    "substrate_type": "FR4",
    "thickness": 0.0025616397990176174
  },
  "feed_type": "INSET",
  "frequency_band": "2.4GHz",
  "frequency_range": [
    2000000000.0,
    3000000000.0
  ]
}