{
  "geometry": {
    "length": 0.03300990740218179,
    "width": 0.040302175170377826,
    "height": 0.001714324919569036,
    "feed_x": 0.003596253972597725,
    "feed_y": 0.0015189859738836183
  },
  "substrate": {
    "relative_permittivity": 4.4,
    "loss_tangent": 0.02,
    "substrate_type": "FR4",
    "thickness": 0.001714324919569036
  },
  "feed_type": "INSET",
  "frequency_band": "2.4GHz",
  "frequency_range": [
    2000000000.0,
    3000000000.0
  ]
}