{
  "geometry": {
    "length": 0.02649480859215839,
    "width": 0.03740823780471134,
    "height": 0.0022618769359936393,
    "feed_x": 0.010410141415228974,
    "feed_y": 0.009686818995699868
  },
  "substrate": {
    "relative_permittivity": 4.4,
    "loss_tangent": 0.02,
    "substrate_type": "FR4",
    "thickness": 0.0022618769359936393
  },
  "feed_type": "INSET",
  "frequency_band": "2.4GHz",
  "frequency_range": [
    2000000000.0,
    3000000000.0
  ]
}