{
  "geometry": {
    "length": 0.03387776455899161,
    "width": 0.032532474155270316,
    "height": 0.003050069242075667,
    "feed_x": 0.007091409068038547,
    "feed_y": 0.01137635847648532
  },
  "substrate": {
    "relative_permittivity": 4.4,
    "loss_tangent": 0.02,
    "substrate_type": "FR4",
    "thickness": 0.003050069242075667
  },
  "feed_type": "INSET",
  "frequency_band": "2.4GHz",
  "frequency_range": [
    2000000000.0,
    3000000000.0
  ]
}