{
  "geometry": {
    "length": 0.029249739825964488,
    "width": 0.03238745700373563,
    "height": 0.001882215822976257,
    "feed_x": 0.0014303908391961415,
    "feed_y": 0.0021213153729954413
  },
  "substrate": {
    "relative_permittivity": 4.4,
    "loss_tangent": 0.02,
    "substrate_type": "FR4",
    "thickness": 0.001882215822976257
  },
  "feed_type": "INSET",
  "frequency_band": "2.4GHz",
  "frequency_range": [
    2000000000.0,
    3000000000.0
  ]
}