{
  "geometry": {
    "length": 0.02629061194645793,
    "width": 0.032064830386702325,
    "height": 0.0021522631957234845,
    "feed_x": 0.0030326707305138255,
    "feed_y": 0.010177861344098645
  },
  "substrate": {
    "relative_permittivity": 4.4,
    "loss_tangent": 0.02,
    "substrate_type": "FR4",
    "thickness": 0.0021522631957234845
  },
  "feed_type": "INSET",
  "frequency_band": "2.4GHz",
  "frequency_range": [
    2000000000.0,
    3000000000.0
  ]
}