{
  "geometry": {
    "length": 0.0318898587342509,
    "width": 0.043738571495845674,
    "height": 0.0028269123393558824,
    "feed_x": 0.0105341824176759,
    "feed_y": 0.009880972950986996
  },
  "substrate": {
    "relative_permittivity": 4.4,
    "loss_tangent": 0.02,
    "substrate_type": "FR4",
    "thickness": 0.0028269123393558824
  },
  "feed_type": "INSET",
  "frequency_band": "2.4GHz",
  "frequency_range": [
    2000000000.0,
    3000000000.0
  ]
}