{
  "geometry": {
    "length": 0.0326772706627325,
    "width": 0.03194329201552615,
    "height": 0.00186001768735333,
    "feed_x": 0.007151890026989588,
    "feed_y": 0.012096149865022601
  },
  "substrate": {
    "relative_permittivity": 4.4,
    "loss_tangent": 0.02,
    "substrate_type": "FR4",
    "thickness": 0.00186001768735333
  },
  "feed_type": "INSET",
  "frequency_band": "2.4GHz",
  "frequency_range": [
    2000000000.0,
    3000000000.0
  ]
}