{
  "geometry": {
    "length": 0.02589780109957265,
    "width": 0.03288293562201185,
    "height": 0.0028917499127437485,
    "feed_x": 0.001,
    "feed_y": 0.013153174248804739
  },
  "substrate": {
    "relative_permittivity": 4.4,
    "loss_tangent": 0.02,
    "substrate_type": "FR4",
    "thickness": 0.0028917499127437485
  },
  "feed_type": "INSET",
  "frequency_band": "2.4GHz",
  "frequency_range": [
    2000000000.0,
    3000000000.0
  ]
}