{
  "geometry": {
    "length": 0.02996687430050972,
    "width": 0.04388923559276137,
    "height": 0.0015221321591162018,
    "feed_x": 0.003859965587584144,
    "feed_y": 0.012243768456661228
  },
  "substrate": {
    "relative_permittivity": 4.4,
    "loss_tangent": 0.02,
    "substrate_type": "FR4",
    "thickness": 0.0015221321591162018
  },
  "feed_type": "INSET",
  "frequency_band": "2.4GHz",
  "frequency_range": [
    2000000000.0,
    3000000000.0
  ]
}