{
  "geometry": {
    "length": 0.03381903022111295,
    "width": 0.03904731304563297,
    "height": 0.0021473197851702144,
    "feed_x": 0.010237995037941067,
    "feed_y": 0.005287683436186512
  },
  "substrate": {
    "relative_permittivity": 4.4,
    "loss_tangent": 0.02,
    "substrate_type": "FR4",
    "thickness": 0.0021473197851702144
  },
  "feed_type": "INSET",
  "frequency_band": "2.4GHz",
  "frequency_range": [
    2000000000.0,
    3000000000.0
  ]
}