{
  "geometry": {
    "length": 0.028751523335320023,
    "width": 0.041111436964919215,
    "height": 0.003060438558573591,
    "feed_x": 0.003981962102307039,
    "feed_y": 0.01605304487013722
  },
  "substrate": {
    "relative_permittivity": 4.4,
    "loss_tangent": 0.02,
    "substrate_type": "FR4",
    "thickness": 0.003060438558573591
  },
  "feed_type": "INSET",
  "frequency_band": "2.4GHz",
  "frequency_range": [
    2000000000.0,
    3000000000.0
  ]
}