{
  "geometry": {
    "length": 0.03026607939977585,
    "width": 0.041081386093253784,
    "height": 0.002002995726297846,
    "feed_x": 0.007682834711881018,
    "feed_y": 0.0032603666044063594
  },
  "substrate": {
    "relative_permittivity": 4.4,
    "loss_tangent": 0.02,
    "substrate_type": "FR4",
    "thickness": 0.002002995726297846
  },
  "feed_type": "INSET",
  "frequency_band": "2.4GHz",
  "frequency_range": [
    2000000000.0,
    3000000000.0
  ]
}