{
  "geometry": {
    "length": 0.03470441325703525,
    "width": 0.035965761983980694,
    "height": 0.0027905678567589636,
    "feed_x": 0.006083083185151653,
    "feed_y": 0.014386304793592278
  },
  "substrate": {
    "relative_permittivity": 4.4,
    "loss_tangent": 0.02,
    "substrate_type": "FR4",
    "thickness": 0.0027905678567589636
  },
  "feed_type": "INSET",
  "frequency_band": "2.4GHz",
  "frequency_range": [
    2000000000.0,
    3000000000.0
  ]
}