{
  "geometry": {
    "length": 0.032300633303081354,
    "width": 0.03109218144631445,
    "height": 0.000977342450329202,
    "feed_x": 0.012920253321232542,
    "feed_y": 0.01241324952261523
  },
  "substrate": {
    "relative_permittivity": 4.4,
    "loss_tangent": 0.02,
    "substrate_type": "FR4",
    "thickness": 0.000977342450329202
  },
  "feed_type": "INSET",
  "frequency_band": "2.4GHz",
  "frequency_range": [
    2000000000.0,
    3000000000.0
  ]
}