{
  "geometry": {
    "length": 0.03321797885699844,
    "width": 0.03099365025858875,
    "height": 0.0017600220565626773,
    "feed_x": 0.013287191542799377,
    "feed_y": 0.009507236830207171
  },
  "substrate": {
    "relative_permittivity": 4.4,
    "loss_tangent": 0.02,
    "substrate_type": "FR4",
    "thickness": 0.0017600220565626773
  },
  "feed_type": "INSET",
  "frequency_band": "2.4GHz",
  "frequency_range": [
    2000000000.0,
    3000000000.0
  ]
}