{
  "geometry": {
    "length": 0.026027905671634738,
    "width": 0.03566661543021554,
    "height": 0.0026437300675631755,
    "feed_x": 0.005318985696050556,
    "feed_y": 0.009575209604625103
  },
  "substrate": {
    "relative_permittivity": 4.4,
    "loss_tangent": 0.02,
    "substrate_type": "FR4",
    "thickness": 0.0026437300675631755
  },
  "feed_type": "INSET",
  "frequency_band": "2.4GHz",
  "frequency_range": [
    2000000000.0,
    3000000000.0
  ]
}