{
  "geometry": {
    "length": 0.02785792001926292,
    "width": 0.03719221628036269,
    "height": 0.002202056142232532,
    "feed_x": 0.002394540859128743,
    "feed_y": 0.003525910720272408
  },
  "substrate": {
    "relative_permittivity": 4.4,
    "loss_tangent": 0.02,
    "substrate_type": "FR4",
    "thickness": 0.002202056142232532
  },
  "feed_type": "INSET",
  "frequency_band": "2.4GHz",
  "frequency_range": [
    2000000000.0,
    3000000000.0
  ]
}