{
  "geometry": {
    "length": 0.030908972023038554,
    "width": 0.031687874663339936,
    "height": 0.00258895182570203,
    "feed_x": 0.008913443331734938,
    "feed_y": 0.012675149865335975
  },
  "substrate": {
    "relative_permittivity": 4.4,
    "loss_tangent": 0.02,
    "substrate_type": "FR4",
    "thickness": 0.00258895182570203
  },
  "feed_type": "INSET",
  "frequency_band": "2.4GHz",
  "frequency_range": [
    2000000000.0,
    3000000000.0
  ]
}