{
  "geometry": {
    "length": 0.029594159020310876,
    "width": 0.04418025230097668,
    "height": 0.002923797333629264,
    "feed_x": 0.006504562249277563,
    "feed_y": 0.016522495098215018
  },
  "substrate": {
    "relative_permittivity": 4.4,
    "loss_tangent": 0.02,
    "substrate_type": "FR4",
    "thickness": 0.002923797333629264
  },
  "feed_type": "INSET",
  "frequency_band": "2.4GHz",
  "frequency_range": [
    2000000000.0,
    3000000000.0
  ]
}