{
  "geometry": {
    "length": 0.0255546927670894,
    "width": 0.03490535209400377,
    "height": 0.003036352440092586,
    "feed_x": 0.009221392988583679,
    "feed_y": 0.00849891098722499
  },
  "substrate": {
    "relative_permittivity": 4.4,
    "loss_tangent": 0.02,
    "substrate_type": "FR4",
    "thickness": 0.003036352440092586
  },
  "feed_type": "INSET",
  "frequency_band": "2.4GHz",
  "frequency_range": [
    2000000000.0,
    3000000000.0
  ]
}