{
  "geometry": {
    "length": 0.033393469099336964,
    "width": 0.03705526632253356,
    "height": 0.0017989319348701324,
    "feed_x": 0.01279946155606712,
    "feed_y": 0.005367946481103838
  },
  "substrate": {
    "relative_permittivity": 4.4,
    "loss_tangent": 0.02,
    "substrate_type": "FR4",
    "thickness": 0.0017989319348701324
  },
  "feed_type": "INSET",
  "frequency_band": "2.4GHz",
  "frequency_range": [
    2000000000.0,
    3000000000.0
  ]
}