{
  "geometry": {
    "length": 0.026261120111713946,
    "width": 0.043293339619300084,
    "height": 0.0024523576123489095,
    "feed_x": 0.0020025337318476093,
    "feed_y": 0.016591528514482635
  },
  "substrate": {
    "relative_permittivity": 4.4,
    "loss_tangent": 0.02,
    "substrate_type": "FR4",
    "thickness": 0.0024523576123489095
  },
  "feed_type": "INSET",
  "frequency_band": "2.4GHz",
  "frequency_range": [
    2000000000.0,
    3000000000.0
  ]
}