{
  "geometry": {
    "length": 0.030730011713890455,
    "width": 0.04103664081501609,
    "height": 0.002239311458207448,
    "feed_x": 0.011765746580575637,
    "feed_y": 0.005698699395068034
  },
  "substrate": {
    "relative_permittivity": 4.4,
    "loss_tangent": 0.02,
    "substrate_type": "FR4",
    "thickness": 0.002239311458207448
  },
  "feed_type": "INSET",
  "frequency_band": "2.4GHz",
  "frequency_range": [
    2000000000.0,
    3000000000.0
  ]
}