{
  "frequency": [
    2082500000.0,
    2089850000.0,
    2097200000.0,
    2104550000.0,
    2111900000.0,
    2119250000.0,
    2126600000.0,
    2133950000.0,
    2141300000.0,
    2148650000.0,
    2156000000.0,
    2163350000.0,
    2170700000.0,
    2178050000.0,
    2185400000.0,
    2192750000.0,
    2200100000.0,
    2207450000.0,
    2214800000.0,
    2222150000.0,
    2229500000.0,
    2236850000.0,
    2244200000.0,
    2251550000.0,
    2258900000.0,
    2266250000.0,
    2273600000.0,
    2280950000.0,
    2288300000.0,
    2295650000.0,
    2303000000.0,
    2310350000.0,
    2317700000.0,
    2325050000.0,
    2332400000.0,
    2339750000.0,
    2347100000.0,
    2354450000.0,
    2361800000.0,
    2369150000.0,
    2376500000.0,
    2383850000.0,
    2391200000.0,
    2398550000.0,
    2405900000.0,
    2413250000.0,
    2420600000.0,
    2427950000.0,
    2435300000.0,
    2442650000.0,
    2450000000.0,
    2457350000.0,
    2464700000.0,
    2472050000.0,
    2479400000.0,
    2486750000.0,
    2494100000.0,
    2501450000.0,
    2508800000.0,
    2516150000.0,
    2523500000.0,
    2530850000.0,
    2538200000.0,
    2545550000.0,
    2552900000.0,
    2560250000.0,
    2567600000.0,
    2574950000.0,
    2582300000.0,
    2589650000.0,
    2597000000.0,
    2604350000.0,
    2611700000.0,
    2619050000.0,
    2626400000.0,
    2633750000.0,
    2641100000.0,
    2648450000.0,
    2655800000.0,
    2663150000.0,
    2670500000.0,
    2677850000.0,
    2685200000.0,
    2692550000.0,
    2699900000.0,
    2707250000.0,
    2714600000.0,
    2721950000.0,
    2729300000.0,
    2736650000.0,
    2744000000.0,
    2751350000.0,
    2758700000.0,
    2766050000.0,
    2773400000.0,
    2780750000.0,
    2788100000.0,
    2795450000.0,
    2802800000.0,
    2810150000.0,
    2817500000.0
  ],
  "s11_magnitude": [
    -0.22203995558532721,
    -0.21128866494999693,
    -0.20121997795766183,
    -0.19180947020599956,
    -0.18303851560432022,
    -0.17488963503549615,
    -0.1673434560752649,
    -0.1603769793912866,
    -0.15396286612772533,
    -0.14806948714389967,
    -0.14266150645367703,
    -0.13770080499461024,
    -0.1331475848309228,
    -0.1289615264884632,
    -0.1251029022555397,
    -0.12153357530108277,
    -0.11821783802811378,
    -0.11512306309886788,
    -0.11222015710370503,
    -0.1094838200718775,
    -0.1068926241760463,
    -0.10442893234104682,
    -0.10207868233389199,
    -0.09983106459929168,
    -0.09767812293585731,
    -0.09561430640422107,
    -0.09363599893527638,
    -0.09174105027059587,
    -0.08992832840099671,
    -0.08819730983566071,
    -0.08654772006048105,
    -0.08497923262670527,
    -0.08349123160653947,
    -0.08208263878261214,
    -0.08075180398894426,
    -0.07949645454571046,
    -0.07831369775416977,
    -0.07720006894351988,
    -0.07615161657117066,
    -0.07516401534041625,
    -0.07423269817436817,
    -0.07335299812254571,
    -0.07252029182586385,
    -0.07173013697186983,
    -0.07097839718088615,
    -0.07026134892171543,
    -0.0695757663103077,
    -0.06891898094802279,
    -0.06828891526008998,
    -0.06768408905837768,
    -0.06710360023616371,
    -0.06654708157350246,
    -0.06601463656130617,
    -0.06550675791861826,
    -0.06502423306403822,
    -0.06456804119914823,
    -0.06413924686524504,
    -0.06373889484675892,
    -0.06336791112251264,
    -0.06302701422299697,
    -0.06271664085296819,
    -0.062436889005694315,
    -0.062187481049344746,
    -0.061967748433756104,
    -0.06177663877191367,
    -0.06161274512448938,
    -0.061474356384033195,
    -0.06135952674825396,
    -0.0612661614172253,
    -0.06119211487614084,
    -0.06113529746128024,
    -0.061093785379241344,
    -0.06106592898270627,
    -0.06105045392223238,
    -0.06104654981149922,
    -0.06105394127647536,
    -0.061072936715067215,
    -0.06110445077390309,
    -0.06114999744663005,
    -0.06121165179856023,
    -0.061291979602054604,
    -0.0613939355947191,
    -0.061520732607140007,
    -0.06167568540178307,
    -0.061862034665055465,
    -0.06208275813888005,
    -0.06234037730223689,
    -0.06263676924440335,
    -0.06297299433822288,
    -0.06334915094537744,
    -0.06376426858925147,
    -0.06421625073688605,
    -0.06470187746510933,
    -0.06521687678268857,
    -0.06575607118425658,
    -0.06631360309404305,
    -0.0668832392116299,
    -0.06745874943737756,
    -0.06803435111518949,
    -0.06860520392714087,
    -0.06916793511164027
  ],
  "s11_phase": null,
  "gain": 1.2099033097741905,
  "efficiency": 0.31044719256033476,
  "resonance_frequency": 2082500000.0
}