{
  "geometry": {
    "length": 0.026124490355844868,
    "width": 0.040409117984132645,
    "height": 0.0030182205276641895,
    "feed_x": 0.0018830525201900075,
    "feed_y": 0.011599025904815277
  },
  "substrate": {
    "relative_permittivity": 4.4,
    "loss_tangent": 0.02,
    "substrate_type": "FR4",
    "thickness": 0.0030182205276641895
  },
  "feed_type": "INSET",
  "frequency_band": "2.4GHz",
  "frequency_range": [
    2000000000.0,
    3000000000.0
  ]
}