{
  "geometry": {
    "length": 0.03410619764416101,
    "width": 0.04128853022577726,
    "height": 0.0030684438924238207,
    "feed_x": 0.008947405618300033,
    "feed_y": 0.004009982596502907
  },
  "substrate": {
    "relative_permittivity": 4.4,
    "loss_tangent": 0.02,
    "substrate_type": "FR4",
    "thickness": 0.0030684438924238207
  },
  "feed_type": "INSET",
  "frequency_band": "2.4GHz",
  "frequency_range": [
    2000000000.0,
    3000000000.0
  ]
}