{
  "geometry": {
    "length": 0.02927955089380608,
    "width": 0.04367347354409995,
    "height": 0.001450418298646266,
    "feed_x": 0.011711820357522433,
    "feed_y": 0.01746938941763998
  },
  "substrate": {
    "relative_permittivity": 4.4,
    "loss_tangent": 0.02,
    "substrate_type": "FR4",
    "thickness": 0.001450418298646266
  },
  "feed_type": "INSET",
  "frequency_band": "2.4GHz",
  "frequency_range": [
    2000000000.0,
    3000000000.0
  ]
}