{
  "geometry": {
    "length": 0.029446990513082194,
    "width": 0.03635267123931973,
    "height": 0.0017800091258893674,
    "feed_x": 0.00914394393507639,
    "feed_y": 0.001
  },
  "substrate": {
    "relative_permittivity": 4.4,
    "loss_tangent": 0.02,
    "substrate_type": "FR4",
    "thickness": 0.0017800091258893674
  },
  "feed_type": "INSET",
  "frequency_band": "2.4GHz",
  "frequency_range": [
    2000000000.0,
    3000000000.0
  ]
}