{
  "geometry": {
    "length": 0.030244197597832572,
    "width": 0.04438838374193146,
    "height": 0.0010072858111813457,
    "feed_x": 0.01209767903913303,
    "feed_y": 0.012925043589958427
  },
  "substrate": {
    "relative_permittivity": 4.4,
    "loss_tangent": 0.02,
    "substrate_type": "FR4",
    "thickness": 0.0010072858111813457
  },
  "feed_type": "INSET",
  "frequency_band": "2.4GHz",
  "frequency_range": [
    2000000000.0,
    3000000000.0
  ]
}