{
  "geometry": {
    "length": 0.02546040318780826,
    "width": 0.04206607856244787,
    "height": 0.0021736600150271284,
    "feed_x": 0.010184161275123305,
    "feed_y": 0.005264483099307728
  },
  "substrate": {
    "relative_permittivity": 4.4,
    "loss_tangent": 0.02,
    "substrate_type": "FR4",
    "thickness": 0.0021736600150271284
  },
  "feed_type": "INSET",
  "frequency_band": "2.4GHz",
  "frequency_range": [
    2000000000.0,
    3000000000.0
  ]
}