{
  "geometry": {
    "length": 0.028260379856361813,
    "width": 0.03997939741239231,
    "height": 0.001558410392478499,
    "feed_x": 0.005548995386658734,
    "feed_y": 0.009339406057177316
  },
  "substrate": {
    "relative_permittivity": 4.4,
    "loss_tangent": 0.02,
    "substrate_type": "FR4",
    "thickness": 0.001558410392478499
  },
  "feed_type": "INSET",
  "frequency_band": "2.4GHz",
  "frequency_range": [
    2000000000.0,
    3000000000.0
  ]
}