{
  "geometry": {
    "length": 0.034870177693025264,
    "width": 0.03370553449487504,
    "height": 0.002539657828922415,
    "feed_x": 0.00738001290218183,
    "feed_y": 0.013482213797950017
  },
  "substrate": {
    "relative_permittivity": 4.4,
    "loss_tangent": 0.02,
    "substrate_type": "FR4",
    "thickness": 0.002539657828922415
  },
  "feed_type": "INSET",
  "frequency_band": "2.4GHz",
  "frequency_range": [
    2000000000.0,
    3000000000.0
  ]
}