{
  "geometry": {
    "length": 0.027295282084926063,
    "width": 0.03523017623845696,
    "height": 0.0012173938730973498,
    "feed_x": 0.0012658920336519196,
    "feed_y": 0.007891362421772966
  },
  "substrate": {
    "relative_permittivity": 4.4,
    "loss_tangent": 0.02,
    "substrate_type": "FR4",
    "thickness": 0.0012173938730973498
  },
  "feed_type": "INSET",
  "frequency_band": "2.4GHz",
  "frequency_range": [
    2000000000.0,
    3000000000.0
  ]
}