{
  "geometry": {
    "length": 0.031226129828843763,
    "width": 0.04152269842882824,
    "height": 0.002328183977858859,
    "feed_x": 0.0033139467034515153,
    "feed_y": 0.003341046861512529
  },
  "substrate": {
    "relative_permittivity": 4.4,
    "loss_tangent": 0.02,
    "substrate_type": "FR4",
    "thickness": 0.002328183977858859
  },
  "feed_type": "INSET",
  "frequency_band": "2.4GHz",
  "frequency_range": [
    2000000000.0,
    3000000000.0
  ]
}