{
  "geometry": {
    "length": 0.03497127249741562,
    "width": 0.034880951930099234,
    "height": 0.0030939765016327306,
    "feed_x": 0.009345081849263836,
    "feed_y": 0.013952380772039695
  },
  "substrate": {
    "relative_permittivity": 4.4,
    "loss_tangent": 0.02,
    "substrate_type": "FR4",
    "thickness": 0.0030939765016327306
  },
  "feed_type": "INSET",
  "frequency_band": "2.4GHz",
  "frequency_range": [
    2000000000.0,
    3000000000.0
  ]
}