{
  "geometry": {
    "length": 0.0347596516164972,
    "width": 0.03024521613590301,
    "height": 0.0011628244944382011,
    "feed_x": 0.001,
    "feed_y": 0.007241508301847672
  },
  "substrate": {
    "relative_permittivity": 4.4,
    "loss_tangent": 0.02,
    "substrate_type": "FR4",
    "thickness": 0.0011628244944382011
  },
  "feed_type": "INSET",
  "frequency_band": "2.4GHz",
  "frequency_range": [
    2000000000.0,
    3000000000.0
  ]
}