{
  "geometry": {
    "length": 0.02706027929822869,
    "width": 0.03723437723269861,
    "height": 0.0010049347471898869,
    "feed_x": 0.010824111719291478,
    "feed_y": 0.014893750893079444
  },
  "substrate": {
    "relative_permittivity": 4.4,
    "loss_tangent": 0.02,
    "substrate_type": "FR4",
    "thickness": 0.0010049347471898869
  },
  "feed_type": "INSET",
  "frequency_band": "2.4GHz",
  "frequency_range": [
    2000000000.0,
    3000000000.0
  ]
}