{
  "geometry": {
    "length": 0.03482827005554809,
    "width": 0.03383529159945297,
    "height": 0.00171981753783986,
    "feed_x": 0.004701560768478645,
    "feed_y": 0.0035894647283307535
  },
  "substrate": {
    "relative_permittivity": 4.4,
    "loss_tangent": 0.02,
    "substrate_type": "FR4",
    "thickness": 0.00171981753783986
  },
  "feed_type": "INSET",
  "frequency_band": "2.4GHz",
  "frequency_range": [
    2000000000.0,
    3000000000.0
  ]
}