{
  "geometry": {
    "length": 0.027113863945649533,
    "width": 0.03763082674272418,
    "height": 0.002762961176857123,
    "feed_x": 0.010845545578259813,
    "feed_y": 0.0033478951246711597
  },
  "substrate": {
    "relative_permittivity": 4.4,
    "loss_tangent": 0.02,
    "substrate_type": "FR4",
    "thickness": 0.002762961176857123
  },
  "feed_type": "INSET",
  "frequency_band": "2.4GHz",
  "frequency_range": [
    2000000000.0,
    3000000000.0
  ]
}