{
  "geometry": {
    "length": 0.03195524087565343,
    "width": 0.04319068617390437,
    "height": 0.0021766070184200347,
    "feed_x": 0.001,
    "feed_y": 0.01727627446956175
  },
  "substrate": {
    "relative_permittivity": 4.4,
    "loss_tangent": 0.02,
    "substrate_type": "FR4",
    "thickness": 0.0021766070184200347
  },
  "feed_type": "INSET",
  "frequency_band": "2.4GHz",
  "frequency_range": [
    2000000000.0,
    3000000000.0
  ]
}