{
  "geometry": {
    "length": 0.03228355913142664,
    "width": 0.0440190399917369,
    "height": 0.0016303894377874316,
    "feed_x": 0.007805412695320899,
    "feed_y": 0.017607615996694758
  },
  "substrate": {
    "relative_permittivity": 4.4,
    "loss_tangent": 0.02,
    "substrate_type": "FR4",
    "thickness": 0.0016303894377874316
  },
  "feed_type": "INSET",
  "frequency_band": "2.4GHz",
  "frequency_range": [
    2000000000.0,
    3000000000.0
  ]
}