{
  "geometry": {
    "length": 0.02719325263452651,
    "width": 0.04189634509634722,
    "height": 0.001577113946220982,
    "feed_x": 0.009999746523433108,
    "feed_y": 0.014963250510131533
  },
  "substrate": {
    "relative_permittivity": 4.4,
    "loss_tangent": 0.02,
    "substrate_type": "FR4",
    "thickness": 0.001577113946220982
  },
  "feed_type": "INSET",
  "frequency_band": "2.4GHz",
  "frequency_range": [
    2000000000.0,
    3000000000.0
  ]
}