{
  "geometry": {
    "length": 0.033292192709689784,
    "width": 0.03329311626336692,
    "height": 0.0024858350211297135,
    "feed_x": 0.0073552475145404915,
    "feed_y": 0.006523544256092975
  },
  "substrate": {
    "relative_permittivity": 4.4,
    "loss_tangent": 0.02,
    "substrate_type": "FR4",
    "thickness": 0.0024858350211297135
  },
  "feed_type": "INSET",
  "frequency_band": "2.4GHz",
  "frequency_range": [
    2000000000.0,
    3000000000.0
  ]
}