{
  "geometry": {
    "length": 0.02838248918839517,
    "width": 0.03716714908670088,
    "height": 0.002165452102403894,
    "feed_x": 0.011204714108248545,
    "feed_y": 0.0074296669158328875
  },
  "substrate": {
    "relative_permittivity": 4.4,
    "loss_tangent": 0.02,
    "substrate_type": "FR4",
    "thickness": 0.002165452102403894
  },
  "feed_type": "INSET",
  "frequency_band": "2.4GHz",
  "frequency_range": [
    2000000000.0,
    3000000000.0
  ]
}