{
  "geometry": {
    "length": 0.027018982315408203,
    "width": 0.04137090419627966,
    "height": 0.00286383771198169,
    "feed_x": 0.010807592926163283,
    "feed_y": 0.007760349016662967
  },
  "substrate": {
    "relative_permittivity": 4.4,
    "loss_tangent": 0.02,
    "substrate_type": "FR4",
    "thickness": 0.00286383771198169
  },
  "feed_type": "INSET",
  "frequency_band": "2.4GHz",
  "frequency_range": [
    2000000000.0,
    3000000000.0
  ]
}