{
  "geometry": {
    "length": 0.034797260938313944,
    "width": 0.04084450785000753,
    "height": 0.0021145295484507353,
    "feed_x": 0.011375347404853332,
    "feed_y": 0.015901203514856545
  },
  "substrate": {
    "relative_permittivity": 4.4,
    "loss_tangent": 0.02,
    "substrate_type": "FR4",
    "thickness": 0.0021145295484507353
  },
  "feed_type": "INSET",
  "frequency_band": "2.4GHz",
  "frequency_range": [
    2000000000.0,
    3000000000.0
  ]
}