{
  "geometry": {
    "length": 0.02740377149034144,
    "width": 0.037697258072720334,
    "height": 0.0028416057901284454,
    "feed_x": 0.010961508596136578,
    "feed_y": 0.006064263261428112
  },
  "substrate": {
    "relative_permittivity": 4.4,
    "loss_tangent": 0.02,
    "substrate_type": "FR4",
    "thickness": 0.0028416057901284454
  },
  "feed_type": "INSET",
  "frequency_band": "2.4GHz",
  "frequency_range": [
    2000000000.0,
    3000000000.0
  ]
}