{
  "geometry": {
    "length": 0.02537260925370984,
    "width": 0.030938021812926545,
    "height": 0.0030266720157456147,
    "feed_x": 0.009758146732871606,
    "feed_y": 0.001
  },
  "substrate": {
    "relative_permittivity": 4.4,
    "loss_tangent": 0.02,
    "substrate_type": "FR4",
    "thickness": 0.0030266720157456147
  },
  "feed_type": "INSET",
  "frequency_band": "2.4GHz",
  "frequency_range": [
    2000000000.0,
    3000000000.0
  ]
}