{
  "geometry": {
    "length": 0.03255114907011773,
    "width": 0.040972661022137535,
    "height": 0.0020980600664768654,
    "feed_x": 0.005661414818546382,
    "feed_y": 0.007893638529840308
  },
  "substrate": {
    "relative_permittivity": 4.4,
    "loss_tangent": 0.02,
    "substrate_type": "FR4",
    "thickness": 0.0020980600664768654
  },
  "feed_type": "INSET",
  "frequency_band": "2.4GHz",
  "frequency_range": [
    2000000000.0,
    3000000000.0
  ]
}