{
  "geometry": {
    "length": 0.029541961172596914,
    "width": 0.03665507893286159,
    "height": 0.0009564656226022747,
    "feed_x": 0.007960276408351253,
    "feed_y": 0.008668112474410435
  },
  "substrate": {
    "relative_permittivity": 4.4,
    "loss_tangent": 0.02,
    "substrate_type": "FR4",
    "thickness": 0.0009564656226022747
  },
  "feed_type": "INSET",
  "frequency_band": "2.4GHz",
  "frequency_range": [
    2000000000.0,
    3000000000.0
  ]
}