{
  "geometry": {
    "length": 0.02731072204569828,
    "width": 0.044433418374013434,
    "height": 0.0017319245101184513,
    "feed_x": 0.002064171953057324,
    "feed_y": 0.002442945980825221
  },
  "substrate": {
    "relative_permittivity": 4.4,
    "loss_tangent": 0.02,
    "substrate_type": "FR4",
    "thickness": 0.0017319245101184513
  },
  "feed_type": "INSET",
  "frequency_band": "2.4GHz",
  "frequency_range": [
    2000000000.0,
    3000000000.0
  ]
}