{
  "geometry": {
    "length": 0.026464691496057124,
    "width": 0.03940127390394202,
    "height": 0.0008210124883962797,
    "feed_x": 0.01058587659842285,
    "feed_y": 0.001
  },
  "substrate": {
    "relative_permittivity": 4.4,
    "loss_tangent": 0.02,
    "substrate_type": "FR4",
    "thickness": 0.0008210124883962797
  },
  "feed_type": "INSET",
  "frequency_band": "2.4GHz",
  "frequency_range": [
    2000000000.0,
    3000000000.0
  ]
}