{
  "geometry": {
    "length": 0.026570631868494662,
    "width": 0.03337138544137491,
    "height": 0.0030797053809622126,
    "feed_x": 0.0011979221555903712,
    "feed_y": 0.013348554176549966
  },
  "substrate": {
    "relative_permittivity": 4.4,
    "loss_tangent": 0.02,
    "substrate_type": "FR4",
    "thickness": 0.0030797053809622126
  },
  "feed_type": "INSET",
  "frequency_band": "2.4GHz",
  "frequency_range": [
    2000000000.0,
    3000000000.0
  ]
}