{
  "geometry": {
    "length": 0.02732192166090294,
    "width": 0.03325984236057505,
    "height": 0.002580332389552445,
    "feed_x": 0.007969147539187628,
    "feed_y": 0.009537533997005396
  },
  "substrate": {
    "relative_permittivity": 4.4,
    "loss_tangent": 0.02,
    "substrate_type": "FR4",
    "thickness": 0.002580332389552445
  },
  "feed_type": "INSET",
  "frequency_band": "2.4GHz",
  "frequency_range": [
    2000000000.0,
    3000000000.0
  ]
}