{
  "geometry": {
    "length": 0.026561363179605783,
    "width": 0.04263670202052693,
    "height": 0.0010727743107961782,
    "feed_x": 0.010624545271842313,
    "feed_y": 0.013275097750203909
  },
  "substrate": {
    "relative_permittivity": 4.4,
    "loss_tangent": 0.02,
    "substrate_type": "FR4",
    "thickness": 0.0010727743107961782
  },
  "feed_type": "INSET",
  "frequency_band": "2.4GHz",
  "frequency_range": [
    2000000000.0,
    3000000000.0
  ]
}