{
  "geometry": {
    "length": 0.029853081149072945,
    "width": 0.0344596972565135,
    "height": 0.0015523059960983435,
    "feed_x": 0.007374681898606625,
    "feed_y": 0.008815041868800545
  },
  "substrate": {
    "relative_permittivity": 4.4,
    "loss_tangent": 0.02,
    "substrate_type": "FR4",
    "thickness": 0.0015523059960983435
  },
  "feed_type": "INSET",
  "frequency_band": "2.4GHz",
  "frequency_range": [
    2000000000.0,
    3000000000.0
  ]
}