{
  "geometry": {
    "length": 0.03417857541927716,
    "width": 0.04229005027080941,
    "height": 0.0031675619373488333,
    "feed_x": 0.01135543575910803,
    "feed_y": 0.001
  },
  "substrate": {
    "relative_permittivity": 4.4,
    "loss_tangent": 0.02,
    "substrate_type": "FR4",
    "thickness": 0.0031675619373488333
  },
  "feed_type": "INSET",
  "frequency_band": "2.4GHz",
  "frequency_range": [
    2000000000.0,
    3000000000.0
  ]
}