{
  "geometry": {
    "length": 0.027935532036553096,
    "width": 0.039186853999576346,
    "height": 0.0011833584014853018,
    "feed_x": 0.006095359254329641,
    "feed_y": 0.013635650515065007
  },
  "substrate": {
    "relative_permittivity": 4.4,
    "loss_tangent": 0.02,
    "substrate_type": "FR4",
    "thickness": 0.0011833584014853018
  },
  "feed_type": "INSET",
  "frequency_band": "2.4GHz",
  "frequency_range": [
    2000000000.0,
    3000000000.0
  ]
}