{
  "geometry": {
    "length": 0.030926598610463117,
    "width": 0.044792673404109404,
    "height": 0.0020092217563681077,
    "feed_x": 0.012075236147125804,
    "feed_y": 0.001982008715431824
  },
  "substrate": {
    "relative_permittivity": 4.4,
    "loss_tangent": 0.02,
    "substrate_type": "FR4",
    "thickness": 0.0020092217563681077
  },
  "feed_type": "INSET",
  "frequency_band": "2.4GHz",
  "frequency_range": [
    2000000000.0,
    3000000000.0
  ]
}