{
  "geometry": {
    "length": 0.026417846428325207,
    "width": 0.0353259208399384,
    "height": 0.0014200673811288068,
    "feed_x": 0.004915045602875864,
    "feed_y": 0.012962682895976713
  },
  "substrate": {
    "relative_permittivity": 4.4,
    "loss_tangent": 0.02,
    "substrate_type": "FR4",
    "thickness": 0.0014200673811288068
  },
  "feed_type": "INSET",
  "frequency_band": "2.4GHz",
  "frequency_range": [
    2000000000.0,
    3000000000.0
  ]
}