{
  "geometry": {
    "length": 0.02668520201497245,
    "width": 0.03366032931381318,
    "height": 0.0023204602955924584,
    "feed_x": 0.006162534834627289,
    "feed_y": 0.006983647851395189
  },
  "substrate": {
    "relative_permittivity": 4.4,
    "loss_tangent": 0.02,
    "substrate_type": "FR4",
    "thickness": 0.0023204602955924584
  },
  "feed_type": "INSET",
  "frequency_band": "2.4GHz",
  "frequency_range": [
    2000000000.0,
    3000000000.0
  ]
}