{
  "geometry": {
    "length": 0.0302170908216186,
    "width": 0.03920227414306152,
    "height": 0.003103385683782638,
    "feed_x": 0.012086836328647441,
    "feed_y": 0.001
  },
  "substrate": {
    "relative_permittivity": 4.4,
    "loss_tangent": 0.02,
    "substrate_type": "FR4",
    "thickness": 0.003103385683782638
  },
  "feed_type": "INSET",
  "frequency_band": "2.4GHz",
  "frequency_range": [
    2000000000.0,
    3000000000.0
  ]
}