{
  "geometry": {
    "length": 0.03187830021478805,
    "width": 0.03457772658971059,
    "height": 0.0022217980108419602,
    "feed_x": 0.001,
    "feed_y": 0.001626370303465183
  },
  "substrate": {
    "relative_permittivity": 4.4,
    "loss_tangent": 0.02,
    "substrate_type": "FR4",
    "thickness": 0.0022217980108419602
  },
  "feed_type": "INSET",
  "frequency_band": "2.4GHz",
  "frequency_range": [
    2000000000.0,
    3000000000.0
  ]
}