{
  "geometry": {
    "length": 0.03181309352926895,
    "width": 0.038158557134999785,
    "height": 0.002393147455811277,
    "feed_x": 0.008317904901451484,
    "feed_y": 0.004243152675758984
  },
  "substrate": {
    "relative_permittivity": 4.4,
    "loss_tangent": 0.02,
    "substrate_type": "FR4",
    "thickness": 0.002393147455811277
  },
  "feed_type": "INSET",
  "frequency_band": "2.4GHz",
  "frequency_range": [
    2000000000.0,
    3000000000.0
  ]
}