{
  "geometry": {
    "length": 0.032951850977409484,
    "width": 0.034848767594992974,
    "height": 0.0011199969827118596,
    "feed_x": 0.013180740390963794,
    "feed_y": 0.001195174647334319
  },
  "substrate": {
    "relative_permittivity": 4.4,
    "loss_tangent": 0.02,
    "substrate_type": "FR4",
    "thickness": 0.0011199969827118596
  },
  "feed_type": "INSET",
  "frequency_band": "2.4GHz",
  "frequency_range": [
    2000000000.0,
    3000000000.0
  ]
}