{
  "geometry": {
    "length": 0.030682044744737715,
    "width": 0.03356266652547794,
    "height": 0.0014947984139824131,
    "feed_x": 0.0014729054885475813,
    "feed_y": 0.01097247257970689
  },
  "substrate": {
    "relative_permittivity": 4.4,
    "loss_tangent": 0.02,
    "substrate_type": "FR4",
    "thickness": 0.0014947984139824131
  },
  "feed_type": "INSET",
  "frequency_band": "2.4GHz",
  "frequency_range": [
    2000000000.0,
    3000000000.0
  ]
}