{
  "geometry": {
    "length": 0.027759469676283285,
    "width": 0.034824894543327906,
    "height": 0.0010383445952817428,
    "feed_x": 0.00450847307450466,
    "feed_y": 0.004575626737695996
  },
  "substrate": {
    "relative_permittivity": 4.4,
    "loss_tangent": 0.02,
    "substrate_type": "FR4",
    "thickness": 0.0010383445952817428
  },
  "feed_type": "INSET",
  "frequency_band": "2.4GHz",
  "frequency_range": [
    2000000000.0,
    3000000000.0
  ]
}