{
  "geometry": {
    "length": 0.034715315833587536,
    "width": 0.03988110840240218,
    "height": 0.0030414915845192255,
    "feed_x": 0.009208558791842207,
    "feed_y": 0.015952443360960872
  },
  "substrate": {
    "relative_permittivity": 4.4,
    "loss_tangent": 0.02,
    "substrate_type": "FR4",
    "thickness": 0.0030414915845192255
  },
  "feed_type": "INSET",
  "frequency_band": "2.4GHz",
  "frequency_range": [
    2000000000.0,
    3000000000.0
  ]
}