{
  "geometry": {
    "length": 0.025914022206593702,
    "width": 0.031178371483893824,
    "height": 0.001855413257978034,
    "feed_x": 0.010365608882637482,
    "feed_y": 0.007274320604467906
  },
  "substrate": {
    "relative_permittivity": 4.4,
    "loss_tangent": 0.02,
    "substrate_type": "FR4",
    "thickness": 0.001855413257978034
  },
  "feed_type": "INSET",
  "frequency_band": "2.4GHz",
  "frequency_range": [
    2000000000.0,
    3000000000.0
  ]
}