{
  "geometry": {
    "length": 0.028903138706899974,
    "width": 0.038926253501281066,
    "height": 0.0018981085536980587,
    "feed_x": 0.011561255482759991,
    "feed_y": 0.013262578346101306
  },
  "substrate": {
    "relative_permittivity": 4.4,
    "loss_tangent": 0.02,
    "substrate_type": "FR4",
    "thickness": 0.0018981085536980587
  },
  "feed_type": "INSET",
  "frequency_band": "2.4GHz",
  "frequency_range": [
    2000000000.0,
    3000000000.0
  ]
}