{
  "geometry": {
    "length": 0.02815318104094933,
    "width": 0.03624038114380123,
    "height": 0.002145399409911875,
    "feed_x": 0.011261272416379732,
    "feed_y": 0.0073117303668084515
  },
  "substrate": {
    "relative_permittivity": 4.4,
    "loss_tangent": 0.02,
    "substrate_type": "FR4",
    "thickness": 0.002145399409911875
  },
  "feed_type": "INSET",
  "frequency_band": "2.4GHz",
  "frequency_range": [
    2000000000.0,
    3000000000.0
  ]
}