{
  "geometry": {
    "length": 0.034269381880389284,
    "width": 0.04182266809089144,
    "height": 0.0018338800507146456,
    "feed_x": 0.013707752752155715,
    "feed_y": 0.00233089484695615
  },
  "substrate": {
    "relative_permittivity": 4.4,
    "loss_tangent": 0.02,
    "substrate_type": "FR4",
    "thickness": 0.0018338800507146456
  },
  "feed_type": "INSET",
  "frequency_band": "2.4GHz",
  "frequency_range": [
    2000000000.0,
    3000000000.0
  ]
}