{
  "geometry": {
    "length": 0.031179565249379874,
    "width": 0.031602277523856054,
    "height": 0.0012866318123093494,
    "feed_x": 0.012156142549161628,
    "feed_y": 0.009408452575713572
  },
  "substrate": {
    "relative_permittivity": 4.4,
    "loss_tangent": 0.02,
    "substrate_type": "FR4",
    "thickness": 0.0012866318123093494
  },
  "feed_type": "INSET",
  "frequency_band": "2.4GHz",
  "frequency_range": [
    2000000000.0,
    3000000000.0
  ]
}