{
  "geometry": {
    "length": 0.03125736524571811,
    "width": 0.03783967173248818,
    "height": 0.001667962734435089,
    "feed_x": 0.010256842597595713,
    "feed_y": 0.015135868692995273
  },
  "substrate": {
    "relative_permittivity": 4.4,
    "loss_tangent": 0.02,
    "substrate_type": "FR4",
    "thickness": 0.001667962734435089
  },
  "feed_type": "INSET",
  "frequency_band": "2.4GHz",
  "frequency_range": [
    2000000000.0,
    3000000000.0
  ]
}