{
  "geometry": {
    "length": 0.0331919418303865,
    "width": 0.04252657253823339,
    "height": 0.0026238317253630943,
    "feed_x": 0.004919463653675284,
    "feed_y": 0.001
  },
  "substrate": {
    "relative_permittivity": 4.4,
    "loss_tangent": 0.02,
    "substrate_type": "FR4",
    "thickness": 0.0026238317253630943
  },
  "feed_type": "INSET",
  "frequency_band": "2.4GHz",
  "frequency_range": [
    2000000000.0,
    3000000000.0
  ]
}