{
  "geometry": {
    "length": 0.02675040829460933,
    "width": 0.03082668478235115,
    "height": 0.00288252047581667,
    "feed_x": 0.004162136846821885,
    "feed_y": 0.002162709769586351
  },
  "substrate": {
    "relative_permittivity": 4.4,
    "loss_tangent": 0.02,
    "substrate_type": "FR4",
    "thickness": 0.00288252047581667
  },
  "feed_type": "INSET",
  "frequency_band": "2.4GHz",
  "frequency_range": [
    2000000000.0,
    3000000000.0
  ]
}