{
  "frequency": [
    2040000000.0,
    2047200000.0,
    2054400000.0,
    2061600000.0,
    2068800000.0,
    2076000000.0,
    2083200000.0,
    2090400000.0,
    2097600000.0,
    2104800000.0,
    2112000000.0,
    2119200000.0,
    2126400000.0,
    2133600000.0,
    2140800000.0,
    2148000000.0,
    2155200000.0,
    2162400000.0,
    2169600000.0,
    2176800000.0,
    2184000000.0,
    2191200000.0,
    2198400000.0,
    2205600000.0,
    2212800000.0,
    2220000000.0,
    2227200000.0,
    2234400000.0,
    2241600000.0,
    2248800000.0,
    2256000000.0,
    2263200000.0,
    2270400000.0,
    2277600000.0,
    2284800000.0,
    2292000000.0,
    2299200000.0,
    2306400000.0,
    2313600000.0,
    2320800000.0,
    2328000000.0,
    2335200000.0,
    2342400000.0,
    2349600000.0,
    2356800000.0,
    2364000000.0,
    2371200000.0,
    2378400000.0,
    2385600000.0,
    2392800000.0,
    2400000000.0,
    2407200000.0,
    2414400000.0,
    2421600000.0,
    2428800000.0,
    2436000000.0,
    2443200000.0,
    2450400000.0,
    2457600000.0,
    2464800000.0,
    2472000000.0,
    2479200000.0,
    2486400000.0,
    2493600000.0,
    2500800000.0,
    2508000000.0,
    2515200000.0,
    2522400000.0,
    2529600000.0,
    2536800000.0,
    2544000000.0,
    2551200000.0,
    2558400000.0,
    2565600000.0,
    2572800000.0,
    2580000000.0,
    2587200000.0,
    2594400000.0,
    2601600000.0,
    2608800000.0,
    2616000000.0,
    2623200000.0,
    2630400000.0,
    2637600000.0,
    2644800000.0,
    2652000000.0,
    2659200000.0,
    2666400000.0,
    2673600000.0,
    2680800000.0,
    2688000000.0,
    2695200000.0,
    2702400000.0,
    2709600000.0,
    2716800000.0,
    2724000000.0,
    2731200000.0,
    2738400000.0,
    2745600000.0,
    2752800000.0,
    2760000000.0
  ],
  "s11_magnitude": [
    -0.20979428446531417,
    -0.19855331522859287,
    -0.1882279960039401,
    -0.17881547009462095,
    -0.17029305198906458,
    -0.1626185724524652,
    -0.15573283736355467,
    -0.1495634521510317,
    -0.1440293599693677,
    -0.1390455521639946,
    -0.13452752509343388,
    -0.13039517112856025,
    -0.12657589853379292,
    -0.12300687125786305,
    -0.11963634284037185,
    -0.11642412702495802,
    -0.11334130043273703,
    -0.11036926973313545,
    -0.10749835780658155,
    -0.10472607171879517,
    -0.1020552117385992,
    -0.09949196733134615,
    -0.09704412546057994,
    -0.09471949108823942,
    -0.09252459181988856,
    -0.09046371030064151,
    -0.0885382610041923,
    -0.08674650387279648,
    -0.08508356686860277,
    -0.08354173352324065,
    -0.08211094031613092,
    -0.08077942217472497,
    -0.07953444232704476,
    -0.07836304471262007,
    -0.07725277258862877,
    -0.07619230517080079,
    -0.07517197437779535,
    -0.07418413523617522,
    -0.07322337549393824,
    -0.07228656177126683,
    -0.07137273050776821,
    -0.07048284150170214,
    -0.06961941955176824,
    -0.0687861153061686,
    -0.06798721973367124,
    -0.06722716762512349,
    -0.06651006430651304,
    -0.06583926650151692,
    -0.06521704332181114,
    -0.06464433705785042,
    -0.06412063621232457,
    -0.06364396550920401,
    -0.06321098987422435,
    -0.06281722205279326,
    -0.062457317007891984,
    -0.062125430872585555,
    -0.06181561830168401,
    -0.06152223978131287,
    -0.06124034993423809,
    -0.06096603912985289,
    -0.06069670370639105,
    -0.06043122467936638,
    -0.06017004069940843,
    -0.059915107911360364,
    -0.0596697468694138,
    -0.059438384349914934,
    -0.059226205321023864,
    -0.059038737022841015,
    -0.058881392652608215,
    -0.05875900615481821,
    -0.05867539177060738,
    -0.05863296207896833,
    -0.058632436140497464,
    -0.05867266502558914,
    -0.058750595587072726,
    -0.05886138506431177,
    -0.05899866934474787,
    -0.05915497694304378,
    -0.05932226957287508,
    -0.059492579254478116,
    -0.059658701953389015,
    -0.059814899540166666,
    -0.05995755613872444,
    -0.06008573237189699,
    -0.06020156218128041,
    -0.06031044219010142,
    -0.06042097316890892,
    -0.06054462696529486,
    -0.06069512988526371,
    -0.060887574262987965,
    -0.06113729281052409,
    -0.06145855399074923,
    -0.061863159539837086,
    -0.062359045623940526,
    -0.06294900507591687,
    -0.06362965782792221,
    -0.06439079822443042,
    -0.06521523977616349,
    -0.0660792588493142,
    -0.06695370804886457,
    -0.06780582760150092
  ],
  "s11_phase": null,
  "gain": 1.1289343902562634,
  "efficiency": 0.30672009696793406,
  "resonance_frequency": 2040000000.0
}