{
  "geometry": {
    "length": 0.028240123525522437,
    "width": 0.03914975654315486,
    "height": 0.0017037139809643416,
    "feed_x": 0.007118732854891079,
    "feed_y": 0.006746992675904473
  },
  "substrate": {
    "relative_permittivity": 4.4,
    "loss_tangent": 0.02,
    "substrate_type": "FR4",
    "thickness": 0.0017037139809643416
  },
  "feed_type": "INSET",
  "frequency_band": "2.4GHz",
  "frequency_range": [
    2000000000.0,
    3000000000.0
  ]
}