{
  "geometry": {
    "length": 0.0269947621763063,
    "width": 0.03830579654836804,
    "height": 0.0011987359844046498,
    "feed_x": 0.001,
    "feed_y": 0.007361631815379145
  },
  "substrate": {
    "relative_permittivity": 4.4,
    "loss_tangent": 0.02,
    "substrate_type": "FR4",
    "thickness": 0.0011987359844046498
  },
  "feed_type": "INSET",
  "frequency_band": "2.4GHz",
  "frequency_range": [
    2000000000.0,
    3000000000.0
  ]
}