{
  "geometry": {
    "length": 0.032521097360381765,
    "width": 0.04451295066089569,
    "height": 0.0011348573797839712,
    "feed_x": 0.01148099549157474,
    "feed_y": 0.017805180264358275
  },
  "substrate": {
    "relative_permittivity": 4.4,
    "loss_tangent": 0.02,
    "substrate_type": "FR4",
    "thickness": 0.0011348573797839712
  },
  "feed_type": "INSET",
  "frequency_band": "2.4GHz",
  "frequency_range": [
    2000000000.0,
    3000000000.0
  ]
}