{
  "geometry": {
    "length": 0.0317671395269816,
    "width": 0.04146053440207663,
    "height": 0.002294973713471629,
    "feed_x": 0.0051325007350211315,
    "feed_y": 0.005395925946403435
  },
  "substrate": {
    "relative_permittivity": 4.4,
    "loss_tangent": 0.02,
    "substrate_type": "FR4",
    "thickness": 0.002294973713471629
  },
  "feed_type": "INSET",
  "frequency_band": "2.4GHz",
  "frequency_range": [
    2000000000.0,
    3000000000.0
  ]
}