{
  "geometry": {
    "length": 0.03229929510494643,
    "width": 0.03208975085078223,
    "height": 0.0014167960859656882,
    "feed_x": 0.008160808561255636,
    "feed_y": 0.01130761991356051
  },
  "substrate": {
    "relative_permittivity": 4.4,
    "loss_tangent": 0.02,
    "substrate_type": "FR4",
    "thickness": 0.0014167960859656882
  },
  "feed_type": "INSET",
  "frequency_band": "2.4GHz",
  "frequency_range": [
    2000000000.0,
    3000000000.0
  ]
}