{
  "geometry": {
    "length": 0.032737848217253715,
    "width": 0.04197621343012268,
    "height": 0.0019347308323770032,
    "feed_x": 0.009204581147113417,
    "feed_y": 0.016790485372049073
  },
  "substrate": {
    "relative_permittivity": 4.4,
    "loss_tangent": 0.02,
    "substrate_type": "FR4",
    "thickness": 0.0019347308323770032
  },
  "feed_type": "INSET",
  "frequency_band": "2.4GHz",
  "frequency_range": [
    2000000000.0,
    3000000000.0
  ]
}