{
  "geometry": {
    "length": 0.025263174402065675,
    "width": 0.0334853591202798,
    "height": 0.001429633692682061,
    "feed_x": 0.00250600421957038,
    "feed_y": 0.004588178944298133
  },
  "substrate": {
    "relative_permittivity": 4.4,
    "loss_tangent": 0.02,
    "substrate_type": "FR4",
    "thickness": 0.001429633692682061
  },
  "feed_type": "INSET",
  "frequency_band": "2.4GHz",
  "frequency_range": [
    2000000000.0,
    3000000000.0
  ]
}