{
  "geometry": {
    "length": 0.033441757610539004,
    "width": 0.03146173752502454,
    "height": 0.0022673155034323923,
    "feed_x": 0.013376703044215602,
    "feed_y": 0.012584695010009818
  },
  "substrate": {
    "relative_permittivity": 4.4,
    "loss_tangent": 0.02,
    "substrate_type": "FR4",
    "thickness": 0.0022673155034323923
  },
  "feed_type": "INSET",
  "frequency_band": "2.4GHz",
  "frequency_range": [
    2000000000.0,
    3000000000.0
  ]
}