{
  "geometry": {
    "length": 0.025629936753527604,
    "width": 0.03825138456144692,
    "height": 0.0015246293902473318,
    "feed_x": 0.0023137306898170936,
    "feed_y": 0.014053417676532547
  },
  "substrate": {
    "relative_permittivity": 4.4,
    "loss_tangent": 0.02,
    "substrate_type": "FR4",
    "thickness": 0.0015246293902473318
  },
  "feed_type": "INSET",
  "frequency_band": "2.4GHz",
  "frequency_range": [
    2000000000.0,
    3000000000.0
  ]
}