{
  "geometry": {
    "length": 0.028168049705323554,
    "width": 0.0331345971633461,
    "height": 0.0008154717647122713,
    "feed_x": 0.005835012592615489,
    "feed_y": 0.013253838865338442
  },
  "substrate": {
    "relative_permittivity": 4.4,
    "loss_tangent": 0.02,
    "substrate_type": "FR4",
    "thickness": 0.0008154717647122713
  },
  "feed_type": "INSET",
  "frequency_band": "2.4GHz",
  "frequency_range": [
    2000000000.0,
    3000000000.0
  ]
}