{
  "geometry": {
    "length": 0.032717467445256,
    "width": 0.044727595319625266,
    "height": 0.0028115553604212925,
    "feed_x": 0.006533936261055117,
    "feed_y": 0.017891038127850107
  },
  "substrate": {
    "relative_permittivity": 4.4,
    "loss_tangent": 0.02,
    "substrate_type": "FR4",
    "thickness": 0.0028115553604212925
  },
  "feed_type": "INSET",
  "frequency_band": "2.4GHz",
  "frequency_range": [
    2000000000.0,
    3000000000.0
  ]
}