{
  "geometry": {
    "length": 0.03220411731445395,
    "width": 0.04445996283103715,
    "height": 0.003065945689978847,
    "feed_x": 0.006946266689504728,
    "feed_y": 0.009400411440510638
  },
  "substrate": {
    "relative_permittivity": 4.4,
    "loss_tangent": 0.02,
    "substrate_type": "FR4",
    "thickness": 0.003065945689978847
  },
  "feed_type": "INSET",
  "frequency_band": "2.4GHz",
  "frequency_range": [
    2000000000.0,
    3000000000.0
  ]
}