{
  "geometry": {
    "length": 0.03395439942523764,
    "width": 0.03806195077359706,
    "height": 0.0027780112451649755,
    "feed_x": 0.009386034133354966,
    "feed_y": 0.007081236827334526
  },
  "substrate": {
    "relative_permittivity": 4.4,
    "loss_tangent": 0.02,
    "substrate_type": "FR4",
    "thickness": 0.0027780112451649755
  },
  "feed_type": "INSET",
  "frequency_band": "2.4GHz",
  "frequency_range": [
    2000000000.0,
    3000000000.0
  ]
}