{
  "geometry": {
    "length": 0.02521187809448149,
    "width": 0.034262088999572025,
    "height": 0.0026036410212023093,
    "feed_x": 0.0021324559263297214,
    "feed_y": 0.01370483559982881
  },
  "substrate": {
    "relative_permittivity": 4.4,
    "loss_tangent": 0.02,
    "substrate_type": "FR4",
    "thickness": 0.0026036410212023093
  },
  "feed_type": "INSET",
  "frequency_band": "2.4GHz",
  "frequency_range": [
    2000000000.0,
    3000000000.0
  ]
}