{
  "geometry": {
    "length": 0.030025631479924625,
    "width": 0.03877186909674844,
    "height": 0.0013038894442397547,
    "feed_x": 0.01201025259196985,
    "feed_y": 0.015508747638699378
  },
  "substrate": {
    "relative_permittivity": 4.4,
    "loss_tangent": 0.02,
    "substrate_type": "FR4",
    "thickness": 0.0013038894442397547
  },
  "feed_type": "INSET",
  "frequency_band": "2.4GHz",
  "frequency_range": [
    2000000000.0,
    3000000000.0
  ]
}