{
  "geometry": {
    "length": 0.030795290478615435,
    "width": 0.03344279879887208,
    "height": 0.003149605644878759,
    "feed_x": 0.0028775974713297265,
    "feed_y": 0.003597576222643536
  },
  "substrate": {
    "relative_permittivity": 4.4,
    "loss_tangent": 0.02,
    "substrate_type": "FR4",
    "thickness": 0.003149605644878759
  },
  "feed_type": "INSET",
  "frequency_band": "2.4GHz",
  "frequency_range": [
    2000000000.0,
    3000000000.0
  ]
}