{
  "geometry": {
    "length": 0.028988148206550466,
    "width": 0.033306567438993934,
    "height": 0.0026885554540224455,
    "feed_x": 0.001,
    "feed_y": 0.011424896210215545
  },
  "substrate": {
    "relative_permittivity": 4.4,
    "loss_tangent": 0.02,
    "substrate_type": "FR4",
    "thickness": 0.0026885554540224455
  },
  "feed_type": "INSET",
  "frequency_band": "2.4GHz",
  "frequency_range": [
    2000000000.0,
    3000000000.0
  ]
}