{
  "geometry": {
    "length": 0.03382069315511456,
    "width": 0.03264581668487109,
    "height": 0.0010567155776427574,
    "feed_x": 0.009619323428334358,
    "feed_y": 0.0048935129251142535
  },
  "substrate": {
    "relative_permittivity": 4.4,
    "loss_tangent": 0.02,
    "substrate_type": "FR4",
    "thickness": 0.0010567155776427574
  },
  "feed_type": "INSET",
  "frequency_band": "2.4GHz",
  "frequency_range": [
    2000000000.0,
    3000000000.0
  ]
}