{
  "geometry": {
    "length": 0.030980548517123296,
    "width": 0.04442923678898182,
    "height": 0.0012686007061974928,
    "feed_x": 0.010653318199813288,
    "feed_y": 0.001
  },
  "substrate": {
    "relative_permittivity": 4.4,
    "loss_tangent": 0.02,
    "substrate_type": "FR4",
    "thickness": 0.0012686007061974928
  },
  "feed_type": "INSET",
  "frequency_band": "2.4GHz",
  "frequency_range": [
    2000000000.0,
    3000000000.0
  ]
}