{
  "geometry": {
    "length": 0.027418691096691497,
    "width": 0.03413341767447297,
    "height": 0.0021504728848907905,
    "feed_x": 0.007850392510218551,
    "feed_y": 0.013653367069789188
  },
  "substrate": {
    "relative_permittivity": 4.4,
    "loss_tangent": 0.02,
    "substrate_type": "FR4",
    "thickness": 0.0021504728848907905
  },
  "feed_type": "INSET",
  "frequency_band": "2.4GHz",
  "frequency_range": [
    2000000000.0,
    3000000000.0
  ]
}