{
  "geometry": {
    "length": 0.033220503646118234,
    "width": 0.03154850949890099,
    "height": 0.002823494779120691,
    "feed_x": 0.006170383222917976,
    "feed_y": 0.00899397024519862
  },
  "substrate": {
    "relative_permittivity": 4.4,
    "loss_tangent": 0.02,
    "substrate_type": "FR4",
    "thickness": 0.002823494779120691
  },
  "feed_type": "INSET",
  "frequency_band": "2.4GHz",
  "frequency_range": [
    2000000000.0,
    3000000000.0
  ]
}