{
  "geometry": {
    "length": 0.029099192647199977,
    "width": 0.04161522495798097,
    "height": 0.001815508618191821,
    "feed_x": 0.006799983224456052,
    "feed_y": 0.010852646704756464
  },
  "substrate": {
    "relative_permittivity": 4.4,
    "loss_tangent": 0.02,
    "substrate_type": "FR4",
    "thickness": 0.001815508618191821
  },
  "feed_type": "INSET",
  "frequency_band": "2.4GHz",
  "frequency_range": [
    2000000000.0,
    3000000000.0
  ]
}