{
  "geometry": {
    "length": 0.026003314145541793,
    "width": 0.03396899681968235,
    "height": 0.0008660516157484605,
    "feed_x": 0.007612146339889634,
    "feed_y": 0.008360182402196966
  },
  "substrate": {
    "relative_permittivity": 4.4,
    "loss_tangent": 0.02,
    "substrate_type": "FR4",
    "thickness": 0.0008660516157484605
  },
  "feed_type": "INSET",
  "frequency_band": "2.4GHz",
  "frequency_range": [
    2000000000.0,
    3000000000.0
  ]
}