{
  "geometry": {
    "length": 0.0304900875537186,
    "width": 0.04151613573865742,
    "height": 0.0012723452209347508,
    "feed_x": 0.0013396745967035049,
    "feed_y": 0.0014622967848796269
  },
  "substrate": {
    "relative_permittivity": 4.4,
    "loss_tangent": 0.02,
    "substrate_type": "FR4",
    "thickness": 0.0012723452209347508
  },
  "feed_type": "INSET",
  "frequency_band": "2.4GHz",
  "frequency_range": [
    2000000000.0,
    3000000000.0
  ]
}