{
  "geometry": {
    "length": 0.026668464221330523,
    "width": 0.03468334966985476,
    "height": 0.0029020449274080686,
    "feed_x": 0.008828416653690673,
    "feed_y": 0.0058871885620120894
  },
  "substrate": {
    "relative_permittivity": 4.4,
    "loss_tangent": 0.02,
    "substrate_type": "FR4",
    "thickness": 0.0029020449274080686
  },
  "feed_type": "INSET",
  "frequency_band": "2.4GHz",
  "frequency_range": [
    2000000000.0,
    3000000000.0
  ]
}