{
  "geometry": {
    "length": 0.025681665414462117,
    "width": 0.03073422057200302,
    "height": 0.002052980379514357,
    "feed_x": 0.0036840462917051985,
    "feed_y": 0.0072403127456770015
  },
  "substrate": {
    "relative_permittivity": 4.4,
    "loss_tangent": 0.02,
    "substrate_type": "FR4",
    "thickness": 0.002052980379514357
  },
  "feed_type": "INSET",
  "frequency_band": "2.4GHz",
  "frequency_range": [
    2000000000.0,
    3000000000.0
  ]
}