{
  "geometry": {
    "length": 0.032648344682772654,
    "width": 0.03863572919876493,
    "height": 0.0013948313278515393,
    "feed_x": 0.003703701841791705,
    "feed_y": 0.013985725435436771
  },
  "substrate": {
    "relative_permittivity": 4.4,
    "loss_tangent": 0.02,
    "substrate_type": "FR4",
    "thickness": 0.0013948313278515393
  },
  "feed_type": "INSET",
  "frequency_band": "2.4GHz",
  "frequency_range": [
    2000000000.0,
    3000000000.0
  ]
}