{
  "geometry": {
    "length": 0.03140013374082475,
    "width": 0.03037166276621807,
    "height": 0.0016884442977375552,
    "feed_x": 0.002556463163955527,
    "feed_y": 0.012148665106487228
  },
  "substrate": {
    "relative_permittivity": 4.4,
    "loss_tangent": 0.02,
    "substrate_type": "FR4",
    "thickness": 0.0016884442977375552
  },
  "feed_type": "INSET",
  "frequency_band": "2.4GHz",
  "frequency_range": [
    2000000000.0,
    3000000000.0
  ]
}