{
  "geometry": {
    "length": 0.03032761661470638,
    "width": 0.031717456875945294,
    "height": 0.0018427873353864966,
    "feed_x": 0.012131046645882554,
    "feed_y": 0.011380301205717345
  },
  "substrate": {
    "relative_permittivity": 4.4,
    "loss_tangent": 0.02,
    "substrate_type": "FR4",
    "thickness": 0.0018427873353864966
  },
  "feed_type": "INSET",
  "frequency_band": "2.4GHz",
  "frequency_range": [
    2000000000.0,
    3000000000.0
  ]
}