{
  "geometry": {
    "length": 0.028669303593634086,
    "width": 0.04037793003723978,
    "height": 0.0009853022288626497,
    "feed_x": 0.008725923526593753,
    "feed_y": 0.00880471352642776
  },
  "substrate": {
    "relative_permittivity": 4.4,
    "loss_tangent": 0.02,
    "substrate_type": "FR4",
    "thickness": 0.0009853022288626497
  },
  "feed_type": "INSET",
  "frequency_band": "2.4GHz",
  "frequency_range": [
    2000000000.0,
    3000000000.0
  ]
}