{
  "geometry": {
    "length": 0.03179118280576725,
    "width": 0.0402568535900908,
    "height": 0.002465381284530977,
    "feed_x": 0.001,
    "feed_y": 0.0037178144775877795
  },
  "substrate": {
    "relative_permittivity": 4.4,
    "loss_tangent": 0.02,
    "substrate_type": "FR4",
    "thickness": 0.002465381284530977
  },
  "feed_type": "INSET",
  "frequency_band": "2.4GHz",
  "frequency_range": [
    2000000000.0,
    3000000000.0
  ]
}