{
  "geometry": {
    "length": 0.030376636189119434,
    "width": 0.041712644617539985,
    "height": 0.0024679716581883704,
    "feed_x": 0.008987718414199418,
    "feed_y": 0.014622075163720055
  },
  "substrate": {
    "relative_permittivity": 4.4,
    "loss_tangent": 0.02,
    "substrate_type": "FR4",
    "thickness": 0.0024679716581883704
  },
  "feed_type": "INSET",
  "frequency_band": "2.4GHz",
  "frequency_range": [
    2000000000.0,
    3000000000.0
  ]
}