{
  "geometry": {
    "length": 0.031348500585220665,
    "width": 0.034051918435469945,
    "height": 0.0018737549134596,
    "feed_x": 0.0055622618519561556,
    "feed_y": 0.013620767374187978
  },
  "substrate": {
    "relative_permittivity": 4.4,
    "loss_tangent": 0.02,
    "substrate_type": "FR4",
    "thickness": 0.0018737549134596
  },
  "feed_type": "INSET",
  "frequency_band": "2.4GHz",
  "frequency_range": [
    2000000000.0,
    3000000000.0
  ]
}