{
  "geometry": {
    "length": 0.026196039347487217,
    "width": 0.0446543812045124,
    "height": 0.0009629601155461412,
    "feed_x": 0.0062784702938955194,
    "feed_y": 0.00962311838724574
  },
  "substrate": {
    "relative_permittivity": 4.4,
    "loss_tangent": 0.02,
    "substrate_type": "FR4",
    "thickness": 0.0009629601155461412
  },
  "feed_type": "INSET",
  "frequency_band": "2.4GHz",
  "frequency_range": [
    2000000000.0,
    3000000000.0
  ]
}