{
  "geometry": {
    "length": 0.027055316794653058,
    "width": 0.03910556700017198,
    "height": 0.002166918616487358,
    "feed_x": 0.008898752282658065,
    "feed_y": 0.0014622174485195499
  },
  "substrate": {
    "relative_permittivity": 4.4,
    "loss_tangent": 0.02,
    "substrate_type": "FR4",
    "thickness": 0.002166918616487358
  },
  "feed_type": "INSET",
  "frequency_band": "2.4GHz",
  "frequency_range": [
    2000000000.0,
    3000000000.0
  ]
}