{
  "geometry": {
    "length": 0.03282988983332616,
    "width": 0.04316732093736454,
    "height": 0.001693030629946891,
    "feed_x": 0.003339628855613097,
    "feed_y": 0.004572497616046868
  },
  "substrate": {
    "relative_permittivity": 4.4,
    "loss_tangent": 0.02,
    "substrate_type": "FR4",
    "thickness": 0.001693030629946891
  },
  "feed_type": "INSET",
  "frequency_band": "2.4GHz",
  "frequency_range": [
    2000000000.0,
    3000000000.0
  ]
}