{
  "geometry": {
    "length": 0.025948302858949016,
    "width": 0.04447805142405296,
    "height": 0.002133774310924794,
    "feed_x": 0.008184697610467037,
    "feed_y": 0.017791220569621184
  },
  "substrate": {
    "relative_permittivity": 4.4,
    "loss_tangent": 0.02,
    "substrate_type": "FR4",
    "thickness": 0.002133774310924794
  },
  "feed_type": "INSET",
  "frequency_band": "2.4GHz",
  "frequency_range": [
    2000000000.0,
    3000000000.0
  ]
}