{
  "geometry": {
    "length": 0.028010847227944734,
    "width": 0.03776545127072778,
    "height": 0.0028708298153069718,
    "feed_x": 0.011204338891177895,
    "feed_y": 0.005974834304157436
  },
  "substrate": {
    "relative_permittivity": 4.4,
    "loss_tangent": 0.02,
    "substrate_type": "FR4",
    "thickness": 0.0028708298153069718
  },
  "feed_type": "INSET",
  "frequency_band": "2.4GHz",
  "frequency_range": [
    2000000000.0,
    3000000000.0
  ]
}