{
  "geometry": {
    "length": 0.028122462293203563,
    "width": 0.04394572316399377,
    "height": 0.0016799958874939877,
    "feed_x": 0.011248984917281426,
    "feed_y": 0.01757828926559751
  },
  "substrate": {
    "relative_permittivity": 4.4,
    "loss_tangent": 0.02,
    "substrate_type": "FR4",
    "thickness": 0.0016799958874939877
  },
  "feed_type": "INSET",
  "frequency_band": "2.4GHz",
  "frequency_range": [
    2000000000.0,
    3000000000.0
  ]
}