{
  "geometry": {
    "length": 0.032934035549006396,
    "width": 0.031383115937442446,
    "height": 0.0030541926241433107,
    "feed_x": 0.010886468270061844,
    "feed_y": 0.001
  },
  "substrate": {
    "relative_permittivity": 4.4,
    "loss_tangent": 0.02,
    "substrate_type": "FR4",
    "thickness": 0.0030541926241433107
  },
  "feed_type": "INSET",
  "frequency_band": "2.4GHz",
  "frequency_range": [
    2000000000.0,
    3000000000.0
  ]
}