{
  "geometry": {
    "length": 0.03459234975594822,
    "width": 0.04009038501800431,
    "height": 0.0029786801063259585,
    "feed_x": 0.005470972076322476,
    "feed_y": 0.016036154007201726
  },
  "substrate": {
    "relative_permittivity": 4.4,
    "loss_tangent": 0.02,
    "substrate_type": "FR4",
    "thickness": 0.0029786801063259585
  },
  "feed_type": "INSET",
  "frequency_band": "2.4GHz",
  "frequency_range": [
    2000000000.0,
    3000000000.0
  ]
}