{
  "geometry": {
    "length": 0.029304102100161444,
    "width": 0.04266473999844658,
    "height": 0.0012977884487645262,
    "feed_x": 0.001,
    "feed_y": 0.013403186045579555
  },
  "substrate": {
    "relative_permittivity": 4.4,
    "loss_tangent": 0.02,
    "substrate_type": "FR4",
    "thickness": 0.0012977884487645262
  },
  "feed_type": "INSET",
  "frequency_band": "2.4GHz",
  "frequency_range": [
    2000000000.0,
    3000000000.0
  ]
}