{
  "geometry": {
    "length": 0.029132839000293415,
    "width": 0.040509643266061546,
    "height": 0.0019355555171462085,
    "feed_x": 0.004978205294643827,
    "feed_y": 0.011210266120588959
  },
  "substrate": {
    "relative_permittivity": 4.4,
    "loss_tangent": 0.02,
    "substrate_type": "FR4",
    "thickness": 0.0019355555171462085
  },
  "feed_type": "INSET",
  "frequency_band": "2.4GHz",
  "frequency_range": [
    2000000000.0,
    3000000000.0
  ]
}