{
  "geometry": {
    "length": 0.025357633159964026,
    "width": 0.03279211990319274,
    "height": 0.0009170168339312892,
    "feed_x": 0.001,
    "feed_y": 0.0035626237865214985
  },
  "substrate": {
    "relative_permittivity": 4.4,
    "loss_tangent": 0.02,
    "substrate_type": "FR4",
    "thickness": 0.0009170168339312892
  },
  "feed_type": "INSET",
  "frequency_band": "2.4GHz",
  "frequency_range": [
    2000000000.0,
    3000000000.0
  ]
}