{
  "geometry": {
    "length": 0.03143597830900854,
    "width": 0.033117316128215155,
    "height": 0.0020278064302969873,
    "feed_x": 0.005426057077518839,
    "feed_y": 0.00583015492344157
  },
  "substrate": {
    "relative_permittivity": 4.4,
    "loss_tangent": 0.02,
    "substrate_type": "FR4",
    "thickness": 0.0020278064302969873
  },
  "feed_type": "INSET",
  "frequency_band": "2.4GHz",
  "frequency_range": [
    2000000000.0,
    3000000000.0
  ]
}