{
  "geometry": {
    "length": 0.02569904812461663,
    "width": 0.041774991478061116,
    "height": 0.002973363330413599,
    "feed_x": 0.0064277271541583235,
    "feed_y": 0.009592927762755353
  },
  "substrate": {
    "relative_permittivity": 4.4,
    "loss_tangent": 0.02,
    "substrate_type": "FR4",
    "thickness": 0.002973363330413599
  },
  "feed_type": "INSET",
  "frequency_band": "2.4GHz",
  "frequency_range": [
    2000000000.0,
    3000000000.0
  ]
}