{
  "geometry": {
    "length": 0.032606816736123714,
    "width": 0.042563081866712434,
    "height": 0.001235780535380443,
    "feed_x": 0.013042726694449487,
    "feed_y": 0.007263980176196706
  },
  "substrate": {
    "relative_permittivity": 4.4,
    "loss_tangent": 0.02,
    "substrate_type": "FR4",
    "thickness": 0.001235780535380443
  },
  "feed_type": "INSET",
  "frequency_band": "2.4GHz",
  "frequency_range": [
    2000000000.0,
    3000000000.0
  ]
}