{
  "geometry": {
    "length": 0.0339048912285073,
    "width": 0.04397467409893807,
    "height": 0.002437663099976198,
    "feed_x": 0.004449234796489034,
    "feed_y": 0.01758986963957523
  },
  "substrate": {
    "relative_permittivity": 4.4,
    "loss_tangent": 0.02,
    "substrate_type": "FR4",
    "thickness": 0.002437663099976198
  },
  "feed_type": "INSET",
  "frequency_band": "2.4GHz",
  "frequency_range": [
    2000000000.0,
    3000000000.0
  ]
}