{
  "geometry": {
    "length": 0.02605438059076399,
    "width": 0.03562006821603285,
    "height": 0.0012600263869452608,
    "feed_x": 0.009640028516325594,
    "feed_y": 0.010034240192700671
  },
  "substrate": {
    "relative_permittivity": 4.4,
    "loss_tangent": 0.02,
    "substrate_type": "FR4",
    "thickness": 0.0012600263869452608
  },
  "feed_type": "INSET",
  "frequency_band": "2.4GHz",
  "frequency_range": [
    2000000000.0,
    3000000000.0
  ]
}