{
  "geometry": {
    "length": 0.028297500132459717,
    "width": 0.03774693254401503,
    "height": 0.0025821487357249504,
    "feed_x": 0.008411800001562603,
    "feed_y": 0.015098773017606013
  },
  "substrate": {
    "relative_permittivity": 4.4,
    "loss_tangent": 0.02,
    "substrate_type": "FR4",
    "thickness": 0.0025821487357249504
  },
  "feed_type": "INSET",
  "frequency_band": "2.4GHz",
  "frequency_range": [
    2000000000.0,
    3000000000.0
  ]
}