{
  "geometry": {
    "length": 0.033347132560990214,
    "width": 0.03465200586339876,
    "height": 0.0022761862650224106,
    "feed_x": 0.005643054586886355,
    "feed_y": 0.001
  },
  "substrate": {
    "relative_permittivity": 4.4,
    "loss_tangent": 0.02,
    "substrate_type": "FR4",
    "thickness": 0.0022761862650224106
  },
  "feed_type": "INSET",
  "frequency_band": "2.4GHz",
  "frequency_range": [
    2000000000.0,
    3000000000.0
  ]
}