{
  "geometry": {
    "length": 0.029535044651958477,
    "width": 0.038240739793501115,
    "height": 0.0031468360070989296,
    "feed_x": 0.00987628899080248,
    "feed_y": 0.013015811324395794
  },
  "substrate": {
    "relative_permittivity": 4.4,
    "loss_tangent": 0.02,
    "substrate_type": "FR4",
    "thickness": 0.0031468360070989296
  },
  "feed_type": "INSET",
  "frequency_band": "2.4GHz",
  "frequency_range": [
    2000000000.0,
    3000000000.0
  ]
}