{
  "geometry": {
    "length": 0.025128688448308154,
    "width": 0.03166202124504703,
    "height": 0.002264895620041318,
    "feed_x": 0.0034960630835410597,
    "feed_y": 0.0028195870879908617
  },
  "substrate": {
    "relative_permittivity": 4.4,
    "loss_tangent": 0.02,
    "substrate_type": "FR4",
    "thickness": 0.002264895620041318
  },
  "feed_type": "INSET",
  "frequency_band": "2.4GHz",
  "frequency_range": [
    2000000000.0,
    3000000000.0
  ]
}