{
  "geometry": {
    "length": 0.0343835599059855,
    "width": 0.030650843938362385,
    "height": 0.0019933360437538673,
    "feed_x": 0.013309695186970196,
    "feed_y": 0.012260337575344955
  },
  "substrate": {
    "relative_permittivity": 4.4,
    "loss_tangent": 0.02,
    "substrate_type": "FR4",
    "thickness": 0.0019933360437538673
  },
  "feed_type": "INSET",
  "frequency_band": "2.4GHz",
  "frequency_range": [
    2000000000.0,
    3000000000.0
  ]
}