{
  "geometry": {
    "length": 0.03355712526981452,
    "width": 0.0341973819430256,
    "height": 0.0016405662174717893,
    "feed_x": 0.005058798903985433,
    "feed_y": 0.0061740082355503725
  },
  "substrate": {
    "relative_permittivity": 4.4,
    "loss_tangent": 0.02,
    "substrate_type": "FR4",
    "thickness": 0.0016405662174717893
  },
  "feed_type": "INSET",
  "frequency_band": "2.4GHz",
  "frequency_range": [
    2000000000.0,
    3000000000.0
  ]
}