{
  "geometry": {
    "length": 0.03365718616107978,
    "width": 0.0355305960936335,
    "height": 0.0026728114003646557,
    "feed_x": 0.013462874464431913,
    "feed_y": 0.014212238437453402
  },
  "substrate": {
    "relative_permittivity": 4.4,
    "loss_tangent": 0.02,
    "substrate_type": "FR4",
    "thickness": 0.0026728114003646557
  },
  "feed_type": "INSET",
  "frequency_band": "2.4GHz",
  "frequency_range": [
    2000000000.0,
    3000000000.0
  ]
}