{
  "geometry": {
    "length": 0.03239704980791288,
    "width": 0.03735646749291924,
    "height": 0.0019657043981267616,
    "feed_x": 0.012958819923165152,
    "feed_y": 0.014942586997167696
  },
  "substrate": {
    "relative_permittivity": 4.4,
    "loss_tangent": 0.02,
    "substrate_type": "FR4",
    "thickness": 0.0019657043981267616
  },
  "feed_type": "INSET",
  "frequency_band": "2.4GHz",
  "frequency_range": [
    2000000000.0,
    3000000000.0
  ]
}