{
  "geometry": {
    "length": 0.034842169871645436,
    "width": 0.035852578158174934,
    "height": 0.0016028569170965993,
    "feed_x": 0.007273149774688559,
    "feed_y": 0.0020307257744613377
  },
  "substrate": {
    "relative_permittivity": 4.4,
    "loss_tangent": 0.02,
    "substrate_type": "FR4",
    "thickness": 0.0016028569170965993
  },
  "feed_type": "INSET",
  "frequency_band": "2.4GHz",
  "frequency_range": [
    2000000000.0,
    3000000000.0
  ]
}