{
  "geometry": {
    "length": 0.026854057055719863,
    "width": 0.04372188544241859,
    "height": 0.003129048474695396,
    "feed_x": 0.010689500343340916,
    "feed_y": 0.017488754176967436
  },
  "substrate": {
    "relative_permittivity": 4.4,
    "loss_tangent": 0.02,
    "substrate_type": "FR4",
    "thickness": 0.003129048474695396
  },
  "feed_type": "INSET",
  "frequency_band": "2.4GHz",
  "frequency_range": [
    2000000000.0,
    3000000000.0
  ]
}