{
  "geometry": {
    "length": 0.029587869250656013,
    "width": 0.03502493541336498,
    "height": 0.0029538291983310662,
    "feed_x": 0.0055626070321705065,
    "feed_y": 0.012503225185343409
  },
  "substrate": {
    "relative_permittivity": 4.4,
    "loss_tangent": 0.02,
    "substrate_type": "FR4",
    "thickness": 0.0029538291983310662
  },
  "feed_type": "INSET",
  "frequency_band": "2.4GHz",
  "frequency_range": [
    2000000000.0,
    3000000000.0
  ]
}