{
  "geometry": {
    "length": 0.033123472127755085,
    "width": 0.0389562133550315,
    "height": 0.0019613587471966,
    "feed_x": 0.013249388851102035,
    "feed_y": 0.002491786369016999
  },
  "substrate": {
    "relative_permittivity": 4.4,
    "loss_tangent": 0.02,
    "substrate_type": "FR4",
    "thickness": 0.0019613587471966
  },
  "feed_type": "INSET",
  "frequency_band": "2.4GHz",
  "frequency_range": [
    2000000000.0,
    3000000000.0
  ]
}