{
  "geometry": {
    "length": 0.03131967132329734,
    "width": 0.031318258510381475,
    "height": 0.0021199070657570507,
    "feed_x": 0.012527868529318937,
    "feed_y": 0.004736957201365039
  },
  "substrate": {
    "relative_permittivity": 4.4,
    "loss_tangent": 0.02,
    "substrate_type": "FR4",
    "thickness": 0.0021199070657570507
  },
  "feed_type": "INSET",
  "frequency_band": "2.4GHz",
  "frequency_range": [
    2000000000.0,
    3000000000.0
  ]
}