{
  "geometry": {
    "length": 0.031647931864724865,
    "width": 0.030060876917148927,
    "height": 0.0019109104271901353,
    "feed_x": 0.012659172745889947,
    "feed_y": 0.0119777504609104
  },
  "substrate": {
    "relative_permittivity": 4.4,
    "loss_tangent": 0.02,
    "substrate_type": "FR4",
    "thickness": 0.0019109104271901353
  },
  "feed_type": "INSET",
  "frequency_band": "2.4GHz",
  "frequency_range": [
    2000000000.0,
    3000000000.0
  ]
}