{
  "geometry": {
    "length": 0.034056452746788035,
    "width": 0.03320027104812794,
    "height": 0.0016579662843295069,
    "feed_x": 0.0035033916830519013,
    "feed_y": 0.01171745098705415
  },
  "substrate": {
    "relative_permittivity": 4.4,
    "loss_tangent": 0.02,
    "substrate_type": "FR4",
    "thickness": 0.0016579662843295069
  },
  "feed_type": "INSET",
  "frequency_band": "2.4GHz",
  "frequency_range": [
    2000000000.0,
    3000000000.0
  ]
}