{
  "geometry": {
    "length": 0.02787051353532084,
    "width": 0.03425428038692315,
    "height": 0.0025762982276336882,
    "feed_x": 0.008138371882926819,
    "feed_y": 0.008171789319338778
  },
  "substrate": {
    "relative_permittivity": 4.4,
    "loss_tangent": 0.02,
    "substrate_type": "FR4",
    "thickness": 0.0025762982276336882
  },
  "feed_type": "INSET",
  "frequency_band": "2.4GHz",
  "frequency_range": [
    2000000000.0,
    3000000000.0
  ]
}