{
  "geometry": {
    "length": 0.032982662465025625,
    "width": 0.03460875024693097,
    "height": 0.0011447684171328487,
    "feed_x": 0.001333755052346555,
    "feed_y": 0.006315388358503952
  },
  "substrate": {
    "relative_permittivity": 4.4,
    "loss_tangent": 0.02,
    "substrate_type": "FR4",
    "thickness": 0.0011447684171328487
  },
  "feed_type": "INSET",
  "frequency_band": "2.4GHz",
  "frequency_range": [
    2000000000.0,
    3000000000.0
  ]
}