{
  "geometry": {
    "length": 0.03261660522245791,
    "width": 0.03187567652412216,
    "height": 0.0020330153678111396,
    "feed_x": 0.013046642088983165,
    "feed_y": 0.006554380130114342
  },
  "substrate": {
    "relative_permittivity": 4.4,
    "loss_tangent": 0.02,
    "substrate_type": "FR4",
    "thickness": 0.0020330153678111396
  },
  "feed_type": "INSET",
  "frequency_band": "2.4GHz",
  "frequency_range": [
    2000000000.0,
    3000000000.0
  ]
}