{
  "geometry": {
    "length": 0.032799126601849284,
    "width": 0.042893384720641435,
    "height": 0.0022146050071451522,
    "feed_x": 0.011328257042135203,
    "feed_y": 0.017157353888256576
  },
  "substrate": {
    "relative_permittivity": 4.4,
    "loss_tangent": 0.02,
    "substrate_type": "FR4",
    "thickness": 0.0022146050071451522
  },
  "feed_type": "INSET",
  "frequency_band": "2.4GHz",
  "frequency_range": [
    2000000000.0,
    3000000000.0
  ]
}