{
  "geometry": {
    "length": 0.028403007291909862,
    "width": 0.040929649608005166,
    "height": 0.0018837215505415205,
    "feed_x": 0.009300373231409274,
    "feed_y": 0.010957531277763713
  },
  "substrate": {
    "relative_permittivity": 4.4,
    "loss_tangent": 0.02,
    "substrate_type": "FR4",
    "thickness": 0.0018837215505415205
  },
  "feed_type": "INSET",
  "frequency_band": "2.4GHz",
  "frequency_range": [
    2000000000.0,
    3000000000.0
  ]
}