{
  "geometry": {
    "length": 0.03009005196575408,
    "width": 0.032221224056829145,
    "height": 0.001973083818060425,
    "feed_x": 0.012036020786301633,
    "feed_y": 0.00816060973378546
  },
  "substrate": {
    "relative_permittivity": 4.4,
    "loss_tangent": 0.02,
    "substrate_type": "FR4",
    "thickness": 0.001973083818060425
  },
  "feed_type": "INSET",
  "frequency_band": "2.4GHz",
  "frequency_range": [
    2000000000.0,
    3000000000.0
  ]
}