{
  "geometry": {
    "length": 0.031556819358528915,
    "width": 0.03246980678316958,
    "height": 0.001794595645228061,
    "feed_x": 0.001663100670177636,
    "feed_y": 0.012987922713267833
  },
  "substrate": {
    "relative_permittivity": 4.4,
    "loss_tangent": 0.02,
    "substrate_type": "FR4",
    "thickness": 0.001794595645228061
  },
  "feed_type": "INSET",
  "frequency_band": "2.4GHz",
  "frequency_range": [
    2000000000.0,
    3000000000.0
  ]
}