{
  "geometry": {
    "length": 0.03320143139608084,
    "width": 0.030643531750796777,
    "height": 0.0023905377827791023,
    "feed_x": 0.011630226061041854,
    "feed_y": 0.012011613915499557
  },
  "substrate": {
    "relative_permittivity": 4.4,
    "loss_tangent": 0.02,
    "substrate_type": "FR4",
    "thickness": 0.0023905377827791023
  },
  "feed_type": "INSET",
  "frequency_band": "2.4GHz",
  "frequency_range": [
    2000000000.0,
    3000000000.0
  ]
}