{
  "geometry": {
    "length": 0.03111111204505819,
    "width": 0.030351838528627766,
    "height": 0.0022954738671316544,
    "feed_x": 0.010838718692865913,
    "feed_y": 0.010754718335610144
  },
  "substrate": {
    "relative_permittivity": 4.4,
    "loss_tangent": 0.02,
    "substrate_type": "FR4",
    "thickness": 0.0022954738671316544
  },
  "feed_type": "INSET",
  "frequency_band": "2.4GHz",
  "frequency_range": [
    2000000000.0,
    3000000000.0
  ]
}