{
  "geometry": {
    "length": 0.028894796448140348,
    "width": 0.03031802940748092,
    "height": 0.002287379384309482,
    "feed_x": 0.007963120730555658,
    "feed_y": 0.011050875315693152
  },
  "substrate": {
    "relative_permittivity": 4.4,
    "loss_tangent": 0.02,
    "substrate_type": "FR4",
    "thickness": 0.002287379384309482
  },
  "feed_type": "INSET",
  "frequency_band": "2.4GHz",
  "frequency_range": [
    2000000000.0,
    3000000000.0
  ]
}