{
  "geometry": {
    "length": 0.0255706989448075,
    "width": 0.03353246380509554,
    "height": 0.0029072692756356745,
    "feed_x": 0.006261511937399845,
    "feed_y": 0.006161514017643376
  },
  "substrate": {
    "relative_permittivity": 4.4,
    "loss_tangent": 0.02,
    "substrate_type": "FR4",
    "thickness": 0.0029072692756356745
  },
  "feed_type": "INSET",
  "frequency_band": "2.4GHz",
  "frequency_range": [
    2000000000.0,
    3000000000.0
  ]
}