{
  "geometry": {
    "length": 0.025657154591248885,
    "width": 0.037486545048018405,
    "height": 0.0017738357669194865,
    "feed_x": 0.001291512622492066,
    "feed_y": 0.005830862177932154
  },
  "substrate": {
    "relative_permittivity": 4.4,
    "loss_tangent": 0.02,
    "substrate_type": "FR4",
    "thickness": 0.0017738357669194865
  },
  "feed_type": "INSET",
  "frequency_band": "2.4GHz",
  "frequency_range": [
    2000000000.0,
    3000000000.0
  ]
}