{
  "geometry": {
    "length": 0.02516838217542208,
    "width": 0.031248007310914226,
    "height": 0.0012010701850444718,
    "feed_x": 0.010067352870168833,
    "feed_y": 0.01154998079136938
  },
  "substrate": {
    "relative_permittivity": 4.4,
    "loss_tangent": 0.02,
    "substrate_type": "FR4",
    "thickness": 0.0012010701850444718
  },
  "feed_type": "INSET",
  "frequency_band": "2.4GHz",
  "frequency_range": [
    2000000000.0,
    3000000000.0
  ]
}