{
  "geometry": {
    "length": 0.0321404092666192,
    "width": 0.03496939099208707,
    "height": 0.0010688289465706103,
    "feed_x": 0.005850016323053146,
    "feed_y": 0.008219224721944817
  },
  "substrate": {
    "relative_permittivity": 4.4,
    "loss_tangent": 0.02,
    "substrate_type": "FR4",
    "thickness": 0.0010688289465706103
  },
  "feed_type": "INSET",
  "frequency_band": "2.4GHz",
  "frequency_range": [
    2000000000.0,
    3000000000.0
  ]
}