{
  "geometry": {
    "length": 0.03476109207509122,
    "width": 0.040126598300404534,
    "height": 0.0024571547399350724,
    "feed_x": 0.013904436830036488,
    "feed_y": 0.001
  },
  "substrate": {
    "relative_permittivity": 4.4,
    "loss_tangent": 0.02,
    "substrate_type": "FR4",
    "thickness": 0.0024571547399350724
  },
  "feed_type": "INSET",
  "frequency_band": "2.4GHz",
  "frequency_range": [
    2000000000.0,
    3000000000.0
  ]
}