{
  "geometry": {
    "length": 0.033416059280258315,
    "width": 0.04477784546167089,
    "height": 0.0028678931896539374,
    "feed_x": 0.007643414948228001,
    "feed_y": 0.011360284572525671
  },
  "substrate": {
    "relative_permittivity": 4.4,
    "loss_tangent": 0.02,
    "substrate_type": "FR4",
    "thickness": 0.0028678931896539374
  },
  "feed_type": "INSET",
  "frequency_band": "2.4GHz",
  "frequency_range": [
    2000000000.0,
    3000000000.0
  ]
}