{
  "geometry": {
    "length": 0.0273026214281864,
    "width": 0.04168243494775146,
    "height": 0.0018189782899430077,
    "feed_x": 0.006218348876264481,
    "feed_y": 0.008853672813993557
  },
  "substrate": {
    "relative_permittivity": 4.4,
    "loss_tangent": 0.02,
    "substrate_type": "FR4",
    "thickness": 0.0018189782899430077
  },
  "feed_type": "INSET",
  "frequency_band": "2.4GHz",
  "frequency_range": [
    2000000000.0,
    3000000000.0
  ]
}