{
  "geometry": {
    "length": 0.02790695044486251,
    "width": 0.03142229532831007,
    "height": 0.0022361273745494814,
    "feed_x": 0.0011409974855913542,
    "feed_y": 0.001624655103095655
  },
  "substrate": {
    "relative_permittivity": 4.4,
    "loss_tangent": 0.02,
    "substrate_type": "FR4",
    "thickness": 0.0022361273745494814
  },
  "feed_type": "INSET",
  "frequency_band": "2.4GHz",
  "frequency_range": [
    2000000000.0,
    3000000000.0
  ]
}