{
  "geometry": {
    "length": 0.02896503582517561,
    "width": 0.039548013638394636,
    "height": 0.001997586864538797,
    "feed_x": 0.010155334906084518,
    "feed_y": 0.010928486189257063
  },
  "substrate": {
    "relative_permittivity": 4.4,
    "loss_tangent": 0.02,
    "substrate_type": "FR4",
    "thickness": 0.001997586864538797
  },
  "feed_type": "INSET",
  "frequency_band": "2.4GHz",
  "frequency_range": [
    2000000000.0,
    3000000000.0
  ]
}