{
  "geometry": {
    "length": 0.02901434209780626,
    "width": 0.03636879887633415,
    "height": 0.002125222610333478,
    "feed_x": 0.004740120626484758,
    "feed_y": 0.0021099400205123026
  },
  "substrate": {
    "relative_permittivity": 4.4,
    "loss_tangent": 0.02,
    "substrate_type": "FR4",
    "thickness": 0.002125222610333478
  },
  "feed_type": "INSET",
  "frequency_band": "2.4GHz",
  "frequency_range": [
    2000000000.0,
    3000000000.0
  ]
}