{
  "geometry": {
    "length": 0.02769919455053287,
    "width": 0.03562909483641058,
    "height": 0.0008915262212702189,
    "feed_x": 0.0021585525437279036,
    "feed_y": 0.001028107485458098
  },
  "substrate": {
    "relative_permittivity": 4.4,
    "loss_tangent": 0.02,
    "substrate_type": "FR4",
    "thickness": 0.0008915262212702189
  },
  "feed_type": "INSET",
  "frequency_band": "2.4GHz",
  "frequency_range": [
    2000000000.0,
    3000000000.0
  ]
}