{
  "geometry": {
    "length": 0.030002540556440645,
    "width": 0.042649773004294525,
    "height": 0.0029910811161390394,
    "feed_x": 0.003343315030965591,
    "feed_y": 0.01705990920171781
  },
  "substrate": {
    "relative_permittivity": 4.4,
    "loss_tangent": 0.02,
    "substrate_type": "FR4",
    "thickness": 0.0029910811161390394
  },
  "feed_type": "INSET",
  "frequency_band": "2.4GHz",
  "frequency_range": [
    2000000000.0,
    3000000000.0
  ]
}