{
  "geometry": {
    "length": 0.02500385620259458,
    "width": 0.03328357356377655,
    "height": 0.001967058282492149,
    "feed_x": 0.003011908344265868,
    "feed_y": 0.013313429425510621
  },
  "substrate": {
    "relative_permittivity": 4.4,
    "loss_tangent": 0.02,
    "substrate_type": "FR4",
    "thickness": 0.001967058282492149
  },
  "feed_type": "INSET",
  "frequency_band": "2.4GHz",
  "frequency_range": [
    2000000000.0,
    3000000000.0
  ]
}