{
  "geometry": {
    "length": 0.031120133684550758,
    "width": 0.03691923359645995,
    "height": 0.003192917132815991,
    "feed_x": 0.010625682118693209,
    "feed_y": 0.014548937128011597
  },
  "substrate": {
    "relative_permittivity": 4.4,
    "loss_tangent": 0.02,
    "substrate_type": "FR4",
    "thickness": 0.003192917132815991
  },
  "feed_type": "INSET",
  "frequency_band": "2.4GHz",
  "frequency_range": [
    2000000000.0,
    3000000000.0
  ]
}