{
  "geometry": {
    "length": 0.03336774702661218,
    "width": 0.043759139816217235,
    "height": 0.002633990279652067,
    "feed_x": 0.013347098810644872,
    "feed_y": 0.013567913432027415
  },
  "substrate": {
    "relative_permittivity": 4.4,
    "loss_tangent": 0.02,
    "substrate_type": "FR4",
    "thickness": 0.002633990279652067
  },
  "feed_type": "INSET",
  "frequency_band": "2.4GHz",
  "frequency_range": [
    2000000000.0,
    3000000000.0
  ]
}