{
  "geometry": {
    "length": 0.025259550357575013,
    "width": 0.03202690140095469,
    "height": 0.0012615355869815457,
    "feed_x": 0.001982370188189701,
    "feed_y": 0.00952755010934248
  },
  "substrate": {
    "relative_permittivity": 4.4,
    "loss_tangent": 0.02,
    "substrate_type": "FR4",
    "thickness": 0.0012615355869815457
  },
  "feed_type": "INSET",
  "frequency_band": "2.4GHz",
  "frequency_range": [
    2000000000.0,
    3000000000.0
  ]
}