{
  "geometry": {
    "length": 0.026748907177088856,
    "width": 0.03321487041556999,
    "height": 0.0018638881803288523,
    "feed_x": 0.007465971464634376,
    "feed_y": 0.011428149844616872
  },
  "substrate": {
    "relative_permittivity": 4.4,
    "loss_tangent": 0.02,
    "substrate_type": "FR4",
    "thickness": 0.0018638881803288523
  },
  "feed_type": "INSET",
  "frequency_band": "2.4GHz",
  "frequency_range": [
    2000000000.0,
    3000000000.0
  ]
}