{
  "geometry": {
    "length": 0.0261470396713709,
    "width": 0.04203943121044367,
    "height": 0.0025270283480853762,
    "feed_x": 0.0012451218334172895,
    "feed_y": 0.010766879465331038
  },
  "substrate": {
    "relative_permittivity": 4.4,
    "loss_tangent": 0.02,
    "substrate_type": "FR4",
    "thickness": 0.0025270283480853762
  },
  "feed_type": "INSET",
  "frequency_band": "2.4GHz",
  "frequency_range": [
    2000000000.0,
    3000000000.0
  ]
}