{
  "geometry": {
    "length": 0.027967366576412647,
    "width": 0.03313718265395452,
    "height": 0.001169550111621258,
    "feed_x": 0.001,
    "feed_y": 0.0056366314566632025
  },
  "substrate": {
    "relative_permittivity": 4.4,
    "loss_tangent": 0.02,
    "substrate_type": "FR4",
    "thickness": 0.001169550111621258
  },
  "feed_type": "INSET",
  "frequency_band": "2.4GHz",
  "frequency_range": [
    2000000000.0,
    3000000000.0
  ]
}