{
  "geometry": {
    "length": 0.030889513325451593,
    "width": 0.03968955552171036,
    "height": 0.0013376248196079877,
    "feed_x": 0.012355805330180637,
    "feed_y": 0.01449947734727056
  },
  "substrate": {
    "relative_permittivity": 4.4,
    "loss_tangent": 0.02,
    "substrate_type": "FR4",
    "thickness": 0.0013376248196079877
  },
  "feed_type": "INSET",
  "frequency_band": "2.4GHz",
  "frequency_range": [
    2000000000.0,
    3000000000.0
  ]
}