{
  "geometry": {
    "length": 0.02638132402134427,
    "width": 0.03096362441585102,
    "height": 0.0014480186067024484,
    "feed_x": 0.01055252960853771,
    "feed_y": 0.003640514402805814
  },
  "substrate": {
    "relative_permittivity": 4.4,
    "loss_tangent": 0.02,
    "substrate_type": "FR4",
    "thickness": 0.0014480186067024484
  },
  "feed_type": "INSET",
  "frequency_band": "2.4GHz",
  "frequency_range": [
    2000000000.0,
    3000000000.0
  ]
}