{
  "geometry": {
    "length": 0.03467567674704131,
    "width": 0.03254837120178267,
    "height": 0.001550831532094293,
    "feed_x": 0.00671255881568362,
    "feed_y": 0.005948468970589834
  },
  "substrate": {
    "relative_permittivity": 4.4,
    "loss_tangent": 0.02,
    "substrate_type": "FR4",
    "thickness": 0.001550831532094293
  },
  "feed_type": "INSET",
  "frequency_band": "2.4GHz",
  "frequency_range": [
    2000000000.0,
    3000000000.0
  ]
}