{
  "geometry": {
    "length": 0.025415011710755733,
    "width": 0.043990672610952866,
    "height": 0.001310768272484714,
    "feed_x": 0.00936697726571375,
    "feed_y": 0.012983623395847273
  },
  "substrate": {
    "relative_permittivity": 4.4,
    "loss_tangent": 0.02,
    "substrate_type": "FR4",
    "thickness": 0.001310768272484714
  },
  "feed_type": "INSET",
  "frequency_band": "2.4GHz",
  "frequency_range": [
    2000000000.0,
    3000000000.0
  ]
}