{
  "geometry": {
    "length": 0.02834663329192403,
    "width": 0.0328398138868482,
    "height": 0.0008317842872878355,
    "feed_x": 0.008981232476879469,
    "feed_y": 0.011841681548742376
  },
  "substrate": {
    "relative_permittivity": 4.4,
    "loss_tangent": 0.02,
    "substrate_type": "FR4",
    "thickness": 0.0008317842872878355
  },
  "feed_type": "INSET",
  "frequency_band": "2.4GHz",
  "frequency_range": [
    2000000000.0,
    3000000000.0
  ]
}