{
  "geometry": {
    "length": 0.027912384922521804,
    "width": 0.04117615891356262,
    "height": 0.0013161999673172017,
    "feed_x": 0.006815515065209303,
    "feed_y": 0.008566118482435617
  },
  "substrate": {
    "relative_permittivity": 4.4,
    "loss_tangent": 0.02,
    "substrate_type": "FR4",
    "thickness": 0.0013161999673172017
  },
  "feed_type": "INSET",
  "frequency_band": "2.4GHz",
  "frequency_range": [
    2000000000.0,
    3000000000.0
  ]
}