{
  "geometry": {
    "length": 0.025923186705273105,
    "width": 0.03680712118257883,
    "height": 0.0015891788906082103,
    "feed_x": 0.010369274682109242,
    "feed_y": 0.002001116466444936
  },
  "substrate": {
    "relative_permittivity": 4.4,
    "loss_tangent": 0.02,
    "substrate_type": "FR4",
    "thickness": 0.0015891788906082103
  },
  "feed_type": "INSET",
  "frequency_band": "2.4GHz",
  "frequency_range": [
    2000000000.0,
    3000000000.0
  ]
}