{
  "geometry": {
    "length": 0.02561607142161399,
    "width": 0.0362602932181789,
    "height": 0.0025989928193772575,
    "feed_x": 0.001,
    "feed_y": 0.005130304417745271
  },
  "substrate": {
    "relative_permittivity": 4.4,
    "loss_tangent": 0.02,
    "substrate_type": "FR4",
    "thickness": 0.0025989928193772575
  },
  "feed_type": "INSET",
  "frequency_band": "2.4GHz",
  "frequency_range": [
    2000000000.0,
    3000000000.0
  ]
}