{
  "geometry": {
    "length": 0.0308238966461121,
    "width": 0.03287064680445536,
    "height": 0.002957275808498678,
    "feed_x": 0.006909275987174949,
    "feed_y": 0.003555375437960529
  },
  "substrate": {
    "relative_permittivity": 4.4,
    "loss_tangent": 0.02,
    "substrate_type": "FR4",
    "thickness": 0.002957275808498678
  },
  "feed_type": "INSET",
  "frequency_band": "2.4GHz",
  "frequency_range": [
    2000000000.0,
    3000000000.0
  ]
}