{
  "geometry": {
    "length": 0.03372735192822679,
    "width": 0.03932084272398988,
    "height": 0.0029691070632855863,
    "feed_x": 0.01322300452469085,
    "feed_y": 0.005054111073901234
  },
  "substrate": {
    "relative_permittivity": 4.4,
    "loss_tangent": 0.02,
    "substrate_type": "FR4",
    "thickness": 0.0029691070632855863
  },
  "feed_type": "INSET",
  "frequency_band": "2.4GHz",
  "frequency_range": [
    2000000000.0,
    3000000000.0
  ]
}