{
  "geometry": {
    "length": 0.02828020378318876,
    "width": 0.030953653704205494,
    "height": 0.0017574063670918049,
    "feed_x": 0.010049037083551485,
    "feed_y": 0.00918955608592116
  },
  "substrate": {
    "relative_permittivity": 4.4,
    "loss_tangent": 0.02,
    "substrate_type": "FR4",
    "thickness": 0.0017574063670918049
  },
  "feed_type": "INSET",
  "frequency_band": "2.4GHz",
  "frequency_range": [
    2000000000.0,
    3000000000.0
  ]
}