{
  "geometry": {
    "length": 0.025661319827055676,
    "width": 0.032335216522217394,
    "height": 0.0021086009690096355,
    "feed_x": 0.001,
    "feed_y": 0.005437416424729691
  },
  "substrate": {
    "relative_permittivity": 4.4,
    "loss_tangent": 0.02,
    "substrate_type": "FR4",
    "thickness": 0.0021086009690096355
  },
  "feed_type": "INSET",
  "frequency_band": "2.4GHz",
  "frequency_range": [
    2000000000.0,
    3000000000.0
  ]
}