{
  "geometry": {
    "length": 0.031199505408628543,
    "width": 0.03593097662321316,
    "height": 0.002044433139018507,
    "feed_x": 0.0033498880151467607,
    "feed_y": 0.007088846522041363
  },
  "substrate": {
    "relative_permittivity": 4.4,
    "loss_tangent": 0.02,
    "substrate_type": "FR4",
    "thickness": 0.002044433139018507
  },
  "feed_type": "INSET",
  "frequency_band": "2.4GHz",
  "frequency_range": [
    2000000000.0,
    3000000000.0
  ]
}