{
  "geometry": {
    "length": 0.02588772188848914,
    "width": 0.031323872686296404,
    "height": 0.0021866290162720057,
    "feed_x": 0.0011004787698472617,
    "feed_y": 0.012529549074518562
  },
  "substrate": {
    "relative_permittivity": 4.4,
    "loss_tangent": 0.02,
    "substrate_type": "FR4",
    "thickness": 0.0021866290162720057
  },
  "feed_type": "INSET",
  "frequency_band": "2.4GHz",
  "frequency_range": [
    2000000000.0,
    3000000000.0
  ]
}