{
  "geometry": {
    "length": 0.0346571979909469,
    "width": 0.03615336253794727,
    "height": 0.0012485309618421765,
    "feed_x": 0.013862879196378762,
    "feed_y": 0.013114024523810257
  },
  "substrate": {
    "relative_permittivity": 4.4,
    "loss_tangent": 0.02,
    "substrate_type": "FR4",
    "thickness": 0.0012485309618421765
  },
  "feed_type": "INSET",
  "frequency_band": "2.4GHz",
  "frequency_range": [
    2000000000.0,
    3000000000.0
  ]
}