{
  "geometry": {
    "length": 0.029987121909850388,
    "width": 0.03640981281947341,
    "height": 0.003118270269652115,
    "feed_x": 0.0062379831650200375,
    "feed_y": 0.014563925127789366
  },
  "substrate": {
    "relative_permittivity": 4.4,
    "loss_tangent": 0.02,
    "substrate_type": "FR4",
    "thickness": 0.003118270269652115
  },
  "feed_type": "INSET",
  "frequency_band": "2.4GHz",
  "frequency_range": [
    2000000000.0,
    3000000000.0
  ]
}