{
  "geometry": {
    "length": 0.0342985345317349,
    "width": 0.0378602808521401,
    "height": 0.001396117615423592,
    "feed_x": 0.01371941381269396,
    "feed_y": 0.01347851178827505
  },
  "substrate": {
    "relative_permittivity": 4.4,
    "loss_tangent": 0.02,
    "substrate_type": "FR4",
    "thickness": 0.001396117615423592
  },
  "feed_type": "INSET",
  "frequency_band": "2.4GHz",
  "frequency_range": [
    2000000000.0,
    3000000000.0
  ]
}