{
  "geometry": {
    "length": 0.02975675875785399,
    "width": 0.03704154291152973,
    "height": 0.0022129822698183335,
    "feed_x": 0.0015381251844572652,
    "feed_y": 0.004843792136783414
  },
  "substrate": {
    "relative_permittivity": 4.4,
    "loss_tangent": 0.02,
    "substrate_type": "FR4",
    "thickness": 0.0022129822698183335
  },
  "feed_type": "INSET",
  "frequency_band": "2.4GHz",
  "frequency_range": [
    2000000000.0,
    3000000000.0
  ]
}