{
  "geometry": {
    "length": 0.029797402017543738,
    "width": 0.037541377655904526,
    "height": 0.0018577638145074204,
    "feed_x": 0.006371180317949366,
    "feed_y": 0.015016551062361811
  },
  "substrate": {
    "relative_permittivity": 4.4,
    "loss_tangent": 0.02,
    "substrate_type": "FR4",
    "thickness": 0.0018577638145074204
  },
  "feed_type": "INSET",
  "frequency_band": "2.4GHz",
  "frequency_range": [
    2000000000.0,
    3000000000.0
  ]
}