{
  "geometry": {
    "length": 0.03194873436207876,
    "width": 0.031068727206595807,
    "height": 0.002932381575206092,
    "feed_x": 0.010962833895065313,
    "feed_y": 0.012427490882638323
  },
  "substrate": {
    "relative_permittivity": 4.4,
    "loss_tangent": 0.02,
    "substrate_type": "FR4",
    "thickness": 0.002932381575206092
  },
  "feed_type": "INSET",
  "frequency_band": "2.4GHz",
  "frequency_range": [
    2000000000.0,
    3000000000.0
  ]
}