{
  "geometry": {
    "length": 0.02863477874907097,
    "width": 0.03450430875459358,
    "height": 0.001845326257395699,
    "feed_x": 0.01145391149962839,
    "feed_y": 0.011378353876711288
  },
  "substrate": {
    "relative_permittivity": 4.4,
    "loss_tangent": 0.02,
    "substrate_type": "FR4",
    "thickness": 0.001845326257395699
  },
  "feed_type": "INSET",
  "frequency_band": "2.4GHz",
  "frequency_range": [
    2000000000.0,
    3000000000.0
  ]
}