{
  "geometry": {
    "length": 0.0340036050556451,
    "width": 0.04327897379333607,
    "height": 0.003085491878912188,
    "feed_x": 0.013601442022258041,
    "feed_y": 0.011486590376043364
  },
  "substrate": {
    "relative_permittivity": 4.4,
    "loss_tangent": 0.02,
    "substrate_type": "FR4",
    "thickness": 0.003085491878912188
  },
  "feed_type": "INSET",
  "frequency_band": "2.4GHz",
  "frequency_range": [
    2000000000.0,
    3000000000.0
  ]
}