{
  "geometry": {
    "length": 0.02750513341669162,
    "width": 0.03917263939508468,
    "height": 0.00107374921650806,
    "feed_x": 0.010004005835496415,
    "feed_y": 0.004926478648998171
  },
  "substrate": {
    "relative_permittivity": 4.4,
    "loss_tangent": 0.02,
    "substrate_type": "FR4",
    "thickness": 0.00107374921650806
  },
  "feed_type": "INSET",
  "frequency_band": "2.4GHz",
  "frequency_range": [
    2000000000.0,
    3000000000.0
  ]
}