{
  "geometry": {
    "length": 0.03352478081529231,
    "width": 0.034720278755721534,
    "height": 0.0014706461716710868,
    "feed_x": 0.0020839564895498786,
    "feed_y": 0.0030542373861919556
  },
  "substrate": {
    "relative_permittivity": 4.4,
    "loss_tangent": 0.02,
    "substrate_type": "FR4",
    "thickness": 0.0014706461716710868
  },
  "feed_type": "INSET",
  "frequency_band": "2.4GHz",
  "frequency_range": [
    2000000000.0,
    3000000000.0
  ]
}