{
  "geometry": {
    "length": 0.026767854153271806,
    "width": 0.04215887207034413,
    "height": 0.003056351832624157,
    "feed_x": 0.0031688596881435413,
    "feed_y": 0.0042146582181203035
  },
  "substrate": {
    "relative_permittivity": 4.4,
    "loss_tangent": 0.02,
    "substrate_type": "FR4",
    "thickness": 0.003056351832624157
  },
  "feed_type": "INSET",
  "frequency_band": "2.4GHz",
  "frequency_range": [
    2000000000.0,
    3000000000.0
  ]
}