{
  "geometry": {
    "length": 0.02523241912259915,
    "width": 0.03231968211047805,
    "height": 0.0013592703247414524,
    "feed_x": 0.009438273158183156,
    "feed_y": 0.003849623458609394
  },
  "substrate": {
    "relative_permittivity": 4.4,
    "loss_tangent": 0.02,
    "substrate_type": "FR4",
    "thickness": 0.0013592703247414524
  },
  "feed_type": "INSET",
  "frequency_band": "2.4GHz",
  "frequency_range": [
    2000000000.0,
    3000000000.0
  ]
}