{
  "geometry": {
    "length": 0.03056169980820841,
    "width": 0.03571536153689448,
    "height": 0.0031211788288267595,
    "feed_x": 0.001009401259462924,
    "feed_y": 0.011444506603280648
  },
  "substrate": {
    "relative_permittivity": 4.4,
    "loss_tangent": 0.02,
    "substrate_type": "FR4",
    "thickness": 0.0031211788288267595
  },
  "feed_type": "INSET",
  "frequency_band": "2.4GHz",
  "frequency_range": [
    2000000000.0,
    3000000000.0
  ]
}