{
  "geometry": {
    "length": 0.027894928098806844,
    "width": 0.039578445160675324,
    "height": 0.002469584679070011,
    "feed_x": 0.002144425023229798,
    "feed_y": 0.01583137806427013
  },
  "substrate": {
    "relative_permittivity": 4.4,
    "loss_tangent": 0.02,
    "substrate_type": "FR4",
    "thickness": 0.002469584679070011
  },
  "feed_type": "INSET",
  "frequency_band": "2.4GHz",
  "frequency_range": [
    2000000000.0,
    3000000000.0
  ]
}