{
  "geometry": {
    "length": 0.03308121070967053,
    "width": 0.03296362527446668,
    "height": 0.0018241401639392711,
    "feed_x": 0.005567086842418366,
    "feed_y": 0.012239479095849362
  },
  "substrate": {
    "relative_permittivity": 4.4,
    "loss_tangent": 0.02,
    "substrate_type": "FR4",
    "thickness": 0.0018241401639392711
  },
  "feed_type": "INSET",
  "frequency_band": "2.4GHz",
  "frequency_range": [
    2000000000.0,
    3000000000.0
  ]
}