{
  "geometry": {
    "length": 0.033591397181137815,
    "width": 0.03913019404194604,
    "height": 0.0024791341791523566,
    "feed_x": 0.001,
    "feed_y": 0.0057647116498308745
  },
  "substrate": {
    "relative_permittivity": 4.4,
    "loss_tangent": 0.02,
    "substrate_type": "FR4",
    "thickness": 0.0024791341791523566
  },
  "feed_type": "INSET",
  "frequency_band": "2.4GHz",
  "frequency_range": [
    2000000000.0,
    3000000000.0
  ]
}