{
  "geometry": {
    "length": 0.03430209970230837,
    "width": 0.034177311706311886,
    "height": 0.0008615912321147197,
    "feed_x": 0.009404571522510674,
    "feed_y": 0.010191150642887146
  },
  "substrate": {
    "relative_permittivity": 4.4,
    "loss_tangent": 0.02,
    "substrate_type": "FR4",
    "thickness": 0.0008615912321147197
  },
  "feed_type": "INSET",
  "frequency_band": "2.4GHz",
  "frequency_range": [
    2000000000.0,
    3000000000.0
  ]
}