{
  "geometry": {
    "length": 0.03058248509189429,
    "width": 0.03851821634477949,
    "height": 0.0019181936423597339,
    "feed_x": 0.010838795251055215,
    "feed_y": 0.001421796987325099
  },
  "substrate": {
    "relative_permittivity": 4.4,
    "loss_tangent": 0.02,
    "substrate_type": "FR4",
    "thickness": 0.0019181936423597339
  },
  "feed_type": "INSET",
  "frequency_band": "2.4GHz",
  "frequency_range": [
    2000000000.0,
    3000000000.0
  ]
}