{
  "geometry": {
    "length": 0.034112377486516965,
    "width": 0.04047019220501937,
    "height": 0.0020910922872260573,
    "feed_x": 0.010954370122443787,
    "feed_y": 0.016044977071458254
  },
  "substrate": {
    "relative_permittivity": 4.4,
    "loss_tangent": 0.02,
    "substrate_type": "FR4",
    "thickness": 0.0020910922872260573
  },
  "feed_type": "INSET",
  "frequency_band": "2.4GHz",
  "frequency_range": [
    2000000000.0,
    3000000000.0
  ]
}