{
  "geometry": {
    "length": 0.030969972927263244,
    "width": 0.03191551861394066,
    "height": 0.001849867898515874,
    "feed_x": 0.008883208791230135,
    "feed_y": 0.012766207445576265
  },
  "substrate": {
    "relative_permittivity": 4.4,
    "loss_tangent": 0.02,
    "substrate_type": "FR4",
    "thickness": 0.001849867898515874
  },
  "feed_type": "INSET",
  "frequency_band": "2.4GHz",
  "frequency_range": [
    2000000000.0,
    3000000000.0
  ]
}