{
  "geometry": {
    "length": 0.030724464205993424,
    "width": 0.037011611892588815,
    "height": 0.00239527051976465,
    "feed_x": 0.01228978568239737,
    "feed_y": 0.0017869813695320512
  },
  "substrate": {
    "relative_permittivity": 4.4,
    "loss_tangent": 0.02,
    "substrate_type": "FR4",
    "thickness": 0.00239527051976465
  },
  "feed_type": "INSET",
  "frequency_band": "2.4GHz",
  "frequency_range": [
    2000000000.0,
    3000000000.0
  ]
}