{
  "geometry": {
    "length": 0.03480708670546442,
    "width": 0.031012059129689604,
    "height": 0.0021034812186415184,
    "feed_x": 0.011734155567415914,
    "feed_y": 0.005586695960942522
  },
  "substrate": {
    "relative_permittivity": 4.4,
    "loss_tangent": 0.02,
    "substrate_type": "FR4",
    "thickness": 0.0021034812186415184
  },
  "feed_type": "INSET",
  "frequency_band": "2.4GHz",
  "frequency_range": [
    2000000000.0,
    3000000000.0
  ]
}