{
  "geometry": {
    "length": 0.027721938090345555,
    "width": 0.03560744488209512,
    "height": 0.001846451278054639,
    "feed_x": 0.0063829951025007,
    "feed_y": 0.006169102486420686
  },
  "substrate": {
    "relative_permittivity": 4.4,
    "loss_tangent": 0.02,
    "substrate_type": "FR4",
    "thickness": 0.001846451278054639
  },
  "feed_type": "INSET",
  "frequency_band": "2.4GHz",
  "frequency_range": [
    2000000000.0,
    3000000000.0
  ]
}