{
  "geometry": {
    "length": 0.028119192282407928,
    "width": 0.03729414482495138,
    "height": 0.0026010743394045193,
    "feed_x": 0.004192067040452704,
    "feed_y": 0.002400254968877304
  },
  "substrate": {
    "relative_permittivity": 4.4,
    "loss_tangent": 0.02,
    "substrate_type": "FR4",
    "thickness": 0.0026010743394045193
  },
  "feed_type": "INSET",
  "frequency_band": "2.4GHz",
  "frequency_range": [
    2000000000.0,
    3000000000.0
  ]
}