{
  "geometry": {
    "length": 0.03371073329511919,
    "width": 0.031061131589862782,
    "height": 0.002432736976182594,
    "feed_x": 0.005225377511185894,
    "feed_y": 0.00403560823007353
  },
  "substrate": {
    "relative_permittivity": 4.4,
    "loss_tangent": 0.02,
    "substrate_type": "FR4",
    "thickness": 0.002432736976182594
  },
  "feed_type": "INSET",
  "frequency_band": "2.4GHz",
  "frequency_range": [
    2000000000.0,
    3000000000.0
  ]
}