{
  "geometry": {
    "length": 0.03461113354441873,
    "width": 0.0351177111092166,
    "height": 0.0020156171892798352,
    "feed_x": 0.003586182501081915,
    "feed_y": 0.0053506900731757475
  },
  "substrate": {
    "relative_permittivity": 4.4,
    "loss_tangent": 0.02,
    "substrate_type": "FR4",
    "thickness": 0.0020156171892798352
  },
  "feed_type": "INSET",
  "frequency_band": "2.4GHz",
  "frequency_range": [
    2000000000.0,
    3000000000.0
  ]
}