{
  "geometry": {
    "length": 0.030607031315144927,
    "width": 0.033554090538867154,
    "height": 0.0023183146918862303,
    "feed_x": 0.011749204525593629,
    "feed_y": 0.00391935397407014
  },
  "substrate": {
    "relative_permittivity": 4.4,
    "loss_tangent": 0.02,
    "substrate_type": "FR4",
    "thickness": 0.0023183146918862303
  },
  "feed_type": "INSET",
  "frequency_band": "2.4GHz",
  "frequency_range": [
    2000000000.0,
    3000000000.0
  ]
}