{
  "geometry": {
    "length": 0.02737776409679124,
    "width": 0.03980317658397401,
    "height": 0.001547806567234269,
    "feed_x": 0.0026258469798227254,
    "feed_y": 0.0020135548270706727
  },
  "substrate": {
    "relative_permittivity": 4.4,
    "loss_tangent": 0.02,
    "substrate_type": "FR4",
    "thickness": 0.001547806567234269
  },
  "feed_type": "INSET",
  "frequency_band": "2.4GHz",
  "frequency_range": [
    2000000000.0,
    3000000000.0
  ]
}