{
  "geometry": {
    "length": 0.03200505740223188,
    "width": 0.03091203776922205,
    "height": 0.0013331338731955495,
    "feed_x": 0.005811749284049108,
    "feed_y": 0.002088074925995424
  },
  "substrate": {
    "relative_permittivity": 4.4,
    "loss_tangent": 0.02,
    "substrate_type": "FR4",
    "thickness": 0.0013331338731955495
  },
  "feed_type": "INSET",
  "frequency_band": "2.4GHz",
  "frequency_range": [
    2000000000.0,
    3000000000.0
  ]
}