{
  "geometry": {
    "length": 0.03393629371738495,
    "width": 0.0373319446597638,
    "height": 0.0017381323487744686,
    "feed_x": 0.0013554176219451285,
    "feed_y": 0.014316818696026096
  },
  "substrate": {
    "relative_permittivity": 4.4,
    "loss_tangent": 0.02,
    "substrate_type": "FR4",
    "thickness": 0.0017381323487744686
  },
  "feed_type": "INSET",
  "frequency_band": "2.4GHz",
  "frequency_range": [
    2000000000.0,
    3000000000.0
  ]
}