{
  "frequency": [
    2082500000.0,
    2089850000.0,
    2097200000.0,
    2104550000.0,
    2111900000.0,
    2119250000.0,
    2126600000.0,
    2133950000.0,
    2141300000.0,
    2148650000.0,
    2156000000.0,
    2163350000.0,
    2170700000.0,
    2178050000.0,
    2185400000.0,
    2192750000.0,
    2200100000.0,
    2207450000.0,
    2214800000.0,
    2222150000.0,
    2229500000.0,
    2236850000.0,
    2244200000.0,
    2251550000.0,
    2258900000.0,
    2266250000.0,
    2273600000.0,
    2280950000.0,
    2288300000.0,
    2295650000.0,
    2303000000.0,
    2310350000.0,
    2317700000.0,
    2325050000.0,
    2332400000.0,
    2339750000.0,
    2347100000.0,
    2354450000.0,
    2361800000.0,
    2369150000.0,
    2376500000.0,
    2383850000.0,
    2391200000.0,
    2398550000.0,
    2405900000.0,
    2413250000.0,
    2420600000.0,
    2427950000.0,
    2435300000.0,
    2442650000.0,
    2450000000.0,
    2457350000.0,
    2464700000.0,
    2472050000.0,
    2479400000.0,
    2486750000.0,
    2494100000.0,
    2501450000.0,
    2508800000.0,
    2516150000.0,
    2523500000.0,
    2530850000.0,
    2538200000.0,
    2545550000.0,
    2552900000.0,
    2560250000.0,
    2567600000.0,
    2574950000.0,
    2582300000.0,
    2589650000.0,
    2597000000.0,
    2604350000.0,
    2611700000.0,
    2619050000.0,
    2626400000.0,
    2633750000.0,
    2641100000.0,
    2648450000.0,
    2655800000.0,
    2663150000.0,
    2670500000.0,
    2677850000.0,
    2685200000.0,
    2692550000.0,
    2699900000.0,
    2707250000.0,
    2714600000.0,
    2721950000.0,
    2729300000.0,
    2736650000.0,
    2744000000.0,
    2751350000.0,
    2758700000.0,
    2766050000.0,
    2773400000.0,
    2780750000.0,
    2788100000.0,
    2795450000.0,
    2802800000.0,
    2810150000.0,
    2817500000.0
  ],
  "s11_magnitude": [
    -0.22299218190219583,
    -0.21253742611785592,
    -0.20262931994516276,
    -0.19325671936712555,
    -0.18441955848883998,
    -0.1761221486630884,
    -0.16836827722243108,
    -0.16115786910127572,
    -0.15448496667914094,
    -0.1483367859665641,
    -0.142693618706056,
    -0.13752936786593203,
    -0.13281252626456713,
    -0.12850743283086957,
    -0.124575666754341,
    -0.1209774653056227,
    -0.11767307552381526,
    -0.11462397263951268,
    -0.11179389861810064,
    -0.10914969231980973,
    -0.10666189836489663,
    -0.10430515484169212,
    -0.10205837055745591,
    -0.09990471071328294,
    -0.09783141583786585,
    -0.09582948272652991,
    -0.0938932382124707,
    -0.09201983707886414,
    -0.0902087145442397,
    -0.08846102176791451,
    -0.08677906997105178,
    -0.0851658052882756,
    -0.08362433257512432,
    -0.08215750229856641,
    -0.08076757050816342,
    -0.07945593787576646,
    -0.07822297002536677,
    -0.07706789795056596,
    -0.0759887943072259,
    -0.07498261882246321,
    -0.07404532400841196,
    -0.07317201081951782,
    -0.07235712284326594,
    -0.07159466704843533,
    -0.07087844900602999,
    -0.07020231081096362,
    -0.06956036062502216,
    -0.06894718378771736,
    -0.06835802674898966,
    -0.06778894661344494,
    -0.06723692079220972,
    -0.06669991307913775,
    -0.06617689434380492,
    -0.06566781790796514,
    -0.06517355148889765,
    -0.06469576929896385,
    -0.06423680943772786,
    -0.06379950305563077,
    -0.06338698286858221,
    -0.06300247942979073,
    -0.06264911409208064,
    -0.062329697806333975,
    -0.0620465447883985,
    -0.06180130964869798,
    -0.06159485582165173,
    -0.061427162072625385,
    -0.06129727252009994,
    -0.06120329402224685,
    -0.0611424429777321,
    -0.06111114162595935,
    -0.06110516185516086,
    -0.06111981239729571,
    -0.061150163172530414,
    -0.06119129851487403,
    -0.06123858914189998,
    -0.06128797110522672,
    -0.061336218657526066,
    -0.06138119707842492,
    -0.06142208109491809,
    -0.0614595246843808,
    -0.061495768822085795,
    -0.06153467517884306,
    -0.06158167591616655,
    -0.06164363257311185,
    -0.061728600569649274,
    -0.06184550001386681,
    -0.06200369821108367,
    -0.06221251440963281,
    -0.062480662725781,
    -0.06281565467319057,
    -0.06322318805191761,
    -0.0637065538638192,
    -0.06426609711918083,
    -0.06489877056389706,
    -0.06559782214081986,
    -0.06635265705145832,
    -0.06714891324418235,
    -0.06796878468255581,
    -0.0687916195328227,
    -0.0695948102051384,
    -0.07035497883540855
  ],
  "s11_phase": null,
  "gain": 1.1855721751040456,
  "efficiency": 0.3086332525136203,
  "resonance_frequency": 2082500000.0
}