{
  "geometry": {
    "length": 0.027158069924638414,
    "width": 0.03614187392142505,
    "height": 0.001020490694228791,
    "feed_x": 0.010863227969855366,
    "feed_y": 0.011873618511143135
  },
  "substrate": {
    "relative_permittivity": 4.4,
    "loss_tangent": 0.02,
    "substrate_type": "FR4",
    "thickness": 0.001020490694228791
  },
  "feed_type": "INSET",
  "frequency_band": "2.4GHz",
  "frequency_range": [
    2000000000.0,
    3000000000.0
  ]
}