{
  "geometry": {
    "length": 0.030318761563180568,
    "width": 0.031377030288803745,
    "height": 0.0022237632290625477,
    "feed_x": 0.0017873374645977803,
    "feed_y": 0.005869069152550712
  },
  "substrate": {
    "relative_permittivity": 4.4,
    "loss_tangent": 0.02,
    "substrate_type": "FR4",
    "thickness": 0.0022237632290625477
  },
  "feed_type": "INSET",
  "frequency_band": "2.4GHz",
  "frequency_range": [
    2000000000.0,
    3000000000.0
  ]
}