{
  "geometry": {
    "length": 0.029382582835894806,
    "width": 0.0414940329603502,
    "height": 0.0023557208956879374,
    "feed_x": 0.011753033134357924,
    "feed_y": 0.006927333053241001
  },
  "substrate": {
    "relative_permittivity": 4.4,
    "loss_tangent": 0.02,
    "substrate_type": "FR4",
    "thickness": 0.0023557208956879374
  },
  "feed_type": "INSET",
  "frequency_band": "2.4GHz",
  "frequency_range": [
    2000000000.0,
    3000000000.0
  ]
}