{
  "geometry": {
    "length": 0.026163123349508342,
    "width": 0.03307941890451774,
    "height": 0.0013894691799316073,
    "feed_x": 0.001,
    "feed_y": 0.009543234921822364
  },
  "substrate": {
    "relative_permittivity": 4.4,
    "loss_tangent": 0.02,
    "substrate_type": "FR4",
    "thickness": 0.0013894691799316073
  },
  "feed_type": "INSET",
  "frequency_band": "2.4GHz",
  "frequency_range": [
    2000000000.0,
    3000000000.0
  ]
}