{
  "geometry": {
    "length": 0.028951992870264457,
    "width": 0.044994143302344046,
    "height": 0.001499637887565728,
    "feed_x": 0.004461800921415846,
    "feed_y": 0.001
  },
  "substrate": {
    "relative_permittivity": 4.4,
    "loss_tangent": 0.02,
    "substrate_type": "FR4",
    "thickness": 0.001499637887565728
  },
  "feed_type": "INSET",
  "frequency_band": "2.4GHz",
  "frequency_range": [
    2000000000.0,
    3000000000.0
  ]
}