{
  "geometry": {
    "length": 0.03348735966297725,
    "width": 0.03778218212177711,
    "height": 0.002415102963364657,
    "feed_x": 0.005971392946262035,
    "feed_y": 0.015112872848710844
  },
  "substrate": {
    "relative_permittivity": 4.4,
    "loss_tangent": 0.02,
    "substrate_type": "FR4",
    "thickness": 0.002415102963364657
  },
  "feed_type": "INSET",
  "frequency_band": "2.4GHz",
  "frequency_range": [
    2000000000.0,
    3000000000.0
  ]
}