{
  "geometry": {
    "length": 0.02876250270649279,
    "width": 0.03109985409334924,
    "height": 0.0009878092794662497,
    "feed_x": 0.005375587425142983,
    "feed_y": 0.0015472430168193536
  },
  "substrate": {
    "relative_permittivity": 4.4,
    "loss_tangent": 0.02,
    "substrate_type": "FR4",
    "thickness": 0.0009878092794662497
  },
  "feed_type": "INSET",
  "frequency_band": "2.4GHz",
  "frequency_range": [
    2000000000.0,
    3000000000.0
  ]
}