{
  "geometry": {
    "length": 0.03456568923642363,
    "width": 0.04286946151670989,
    "height": 0.002430716958196906,
    "feed_x": 0.006619441084158356,
    "feed_y": 0.0030231821299911855
  },
  "substrate": {
    "relative_permittivity": 4.4,
    "loss_tangent": 0.02,
    "substrate_type": "FR4",
    "thickness": 0.002430716958196906
  },
  "feed_type": "INSET",
  "frequency_band": "2.4GHz",
  "frequency_range": [
    2000000000.0,
    3000000000.0
  ]
}