{
  "geometry": {
    "length": 0.02782226043951444,
    "width": 0.042593416823403715,
    "height": 0.0015659393649922128,
    "feed_x": 0.002146524006599029,
    "feed_y": 0.017037366729361486
  },
  "substrate": {
    "relative_permittivity": 4.4,
    "loss_tangent": 0.02,
    "substrate_type": "FR4",
    "thickness": 0.0015659393649922128
  },
  "feed_type": "INSET",
  "frequency_band": "2.4GHz",
  "frequency_range": [
    2000000000.0,
    3000000000.0
  ]
}