{
  "geometry": {
    "length": 0.027802368445101804,
    "width": 0.03946604994978968,
    "height": 0.002344404963553307,
    "feed_x": 0.001,
    "feed_y": 0.01365787437541031
  },
  "substrate": {
    "relative_permittivity": 4.4,
    "loss_tangent": 0.02,
    "substrate_type": "FR4",
    "thickness": 0.002344404963553307
  },
  "feed_type": "INSET",
  "frequency_band": "2.4GHz",
  "frequency_range": [
    2000000000.0,
    3000000000.0
  ]
}