{
  "geometry": {
    "length": 0.03199195998839737,
    "width": 0.03455847847423718,
    "height": 0.0009408590036275929,
    "feed_x": 0.001334619527336409,
    "feed_y": 0.013823391389694873
  },
  "substrate": {
    "relative_permittivity": 4.4,
    "loss_tangent": 0.02,
    "substrate_type": "FR4",
    "thickness": 0.0009408590036275929
  },
  "feed_type": "INSET",
  "frequency_band": "2.4GHz",
  "frequency_range": [
    2000000000.0,
    3000000000.0
  ]
}