{
  "geometry": {
    "length": 0.033244326394409864,
    "width": 0.033512568936912096,
    "height": 0.0013514329037563593,
    "feed_x": 0.013297730557763947,
    "feed_y": 0.0011678831102156456
  },
  "substrate": {
    "relative_permittivity": 4.4,
    "loss_tangent": 0.02,
    "substrate_type": "FR4",
    "thickness": 0.0013514329037563593
  },
  "feed_type": "INSET",
  "frequency_band": "2.4GHz",
  "frequency_range": [
    2000000000.0,
    3000000000.0
  ]
}