{
  "geometry": {
    "length": 0.028704542017142606,
    "width": 0.04186859367472223,
    "height": 0.0010268658656399916,
    "feed_x": 0.011481816806857044,
    "feed_y": 0.013615253851468945
  },
  "substrate": {
    "relative_permittivity": 4.4,
    "loss_tangent": 0.02,
    "substrate_type": "FR4",
    "thickness": 0.0010268658656399916
  },
  "feed_type": "INSET",
  "frequency_band": "2.4GHz",
  "frequency_range": [
    2000000000.0,
    3000000000.0
  ]
}