{
  "geometry": {
    "length": 0.027366980726085576,
    "width": 0.03820622337156727,
    "height": 0.0015901248943149646,
    "feed_x": 0.008372782866726058,
    "feed_y": 0.005902918158169658
  },
  "substrate": {
    "relative_permittivity": 4.4,
    "loss_tangent": 0.02,
    "substrate_type": "FR4",
    "thickness": 0.0015901248943149646
  },
  "feed_type": "INSET",
  "frequency_band": "2.4GHz",
  "frequency_range": [
    2000000000.0,
    3000000000.0
  ]
}