{
  "geometry": {
    "length": 0.03281121685269107,
    "width": 0.031750169488777034,
    "height": 0.0025242283620767712,
    "feed_x": 0.007706072538873887,
    "feed_y": 0.0024121661891901374
  },
  "substrate": {
    "relative_permittivity": 4.4,
    "loss_tangent": 0.02,
    "substrate_type": "FR4",
    "thickness": 0.0025242283620767712
  },
  "feed_type": "INSET",
  "frequency_band": "2.4GHz",
  "frequency_range": [
    2000000000.0,
    3000000000.0
  ]
}