{
  "geometry": {
    "length": 0.029578560913039217,
    "width": 0.034591813968305116,
    "height": 0.002587769371440868,
    "feed_x": 0.009758654569300043,
    "feed_y": 0.013836725587322046
  },
  "substrate": {
    "relative_permittivity": 4.4,
    "loss_tangent": 0.02,
    "substrate_type": "FR4",
    "thickness": 0.002587769371440868
  },
  "feed_type": "INSET",
  "frequency_band": "2.4GHz",
  "frequency_range": [
    2000000000.0,
    3000000000.0
  ]
}