{
  "geometry": {
    "length": 0.027145887968229514,
    "width": 0.034984989046678516,
    "height": 0.0028533038105639508,
    "feed_x": 0.005120346148299368,
    "feed_y": 0.003970243820543825
  },
  "substrate": {
    "relative_permittivity": 4.4,
    "loss_tangent": 0.02,
    "substrate_type": "FR4",
    "thickness": 0.0028533038105639508
  },
  "feed_type": "INSET",
  "frequency_band": "2.4GHz",
  "frequency_range": [
    2000000000.0,
    3000000000.0
  ]
}