{
  "geometry": {
    "length": 0.02925476909500721,
    "width": 0.038547172046491884,
    "height": 0.0016740914425794017,
    "feed_x": 0.004856867604232367,
    "feed_y": 0.001
  },
  "substrate": {
    "relative_permittivity": 4.4,
    "loss_tangent": 0.02,
    "substrate_type": "FR4",
    "thickness": 0.0016740914425794017
  },
  "feed_type": "INSET",
  "frequency_band": "2.4GHz",
  "frequency_range": [
    2000000000.0,
    3000000000.0
  ]
}