{
  "geometry": {
    "length": 0.02735803327173712,
    "width": 0.04130205299083639,
    "height": 0.0023855261399306194,
    "feed_x": 0.003714091887133232,
    "feed_y": 0.0016329979970222135
  },
  "substrate": {
    "relative_permittivity": 4.4,
    "loss_tangent": 0.02,
    "substrate_type": "FR4",
    "thickness": 0.0023855261399306194
  },
  "feed_type": "INSET",
  "frequency_band": "2.4GHz",
  "frequency_range": [
    2000000000.0,
    3000000000.0
  ]
}