{
  "geometry": {
    "length": 0.02582132261046224,
    "width": 0.038810953392639916,
    "height": 0.002894209828233743,
    "feed_x": 0.0016477336836193312,
    "feed_y": 0.010587125831288197
  },
  "substrate": {
    "relative_permittivity": 4.4,
    "loss_tangent": 0.02,
    "substrate_type": "FR4",
    "thickness": 0.002894209828233743
  },
  "feed_type": "INSET",
  "frequency_band": "2.4GHz",
  "frequency_range": [
    2000000000.0,
    3000000000.0
  ]
}