{
  "geometry": {
    "length": 0.02595527112817846,
    "width": 0.03938017329162863,
    "height": 0.0025538957909028237,
    "feed_x": 0.010382108451271384,
    "feed_y": 0.0028531313633494487
  },
  "substrate": {
    "relative_permittivity": 4.4,
    "loss_tangent": 0.02,
    "substrate_type": "FR4",
    "thickness": 0.0025538957909028237
  },
  "feed_type": "INSET",
  "frequency_band": "2.4GHz",
  "frequency_range": [
    2000000000.0,
    3000000000.0
  ]
}