{
  "geometry": {
    "length": 0.026649771961289703,
    "width": 0.041235621611801374,
    "height": 0.0031364424717513373,
    "feed_x": 0.0010155863628535094,
    "feed_y": 0.01649424864472055
  },
  "substrate": {
    "relative_permittivity": 4.4,
    "loss_tangent": 0.02,
    "substrate_type": "FR4",
    "thickness": 0.0031364424717513373
  },
  "feed_type": "INSET",
  "frequency_band": "2.4GHz",
  "frequency_range": [
    2000000000.0,
    3000000000.0
  ]
}