{
  "geometry": {
    "length": 0.025245822567136374,
    "width": 0.03722613941530417,
    "height": 0.0017107935696204896,
    "feed_x": 0.00914969450077759,
    "feed_y": 0.0064707977617012285
  },
  "substrate": {
    "relative_permittivity": 4.4,
    "loss_tangent": 0.02,
    "substrate_type": "FR4",
    "thickness": 0.0017107935696204896
  },
  "feed_type": "INSET",
  "frequency_band": "2.4GHz",
  "frequency_range": [
    2000000000.0,
    3000000000.0
  ]
}