{
  "geometry": {
    "length": 0.03243011823575443,
    "width": 0.043390096208172114,
    "height": 0.0031157878634349985,
    "feed_x": 0.002687667284341095,
    "feed_y": 0.017356038483268846
  },
  "substrate": {
    "relative_permittivity": 4.4,
    "loss_tangent": 0.02,
    "substrate_type": "FR4",
    "thickness": 0.0031157878634349985
  },
  "feed_type": "INSET",
  "frequency_band": "2.4GHz",
  "frequency_range": [
    2000000000.0,
    3000000000.0
  ]
}