{
  "geometry": {
    "length": 0.029129589209066952,
    "width": 0.04189130900082742,
    "height": 0.000951042726958596,
    "feed_x": 0.001,
    "feed_y": 0.010273506562926122
  },
  "substrate": {
    "relative_permittivity": 4.4,
    "loss_tangent": 0.02,
    "substrate_type": "FR4",
    "thickness": 0.000951042726958596
  },
  "feed_type": "INSET",
  "frequency_band": "2.4GHz",
  "frequency_range": [
    2000000000.0,
    3000000000.0
  ]
}