{
  "geometry": {
    "length": 0.03266053107708867,
    "width": 0.030920220564809503,
    "height": 0.0025672089883735233,
    "feed_x": 0.013064212430835468,
    "feed_y": 0.009463053322728735
  },
  "substrate": {
    "relative_permittivity": 4.4,
    "loss_tangent": 0.02,
    "substrate_type": "FR4",
    "thickness": 0.0025672089883735233
  },
  "feed_type": "INSET",
  "frequency_band": "2.4GHz",
  "frequency_range": [
    2000000000.0,
    3000000000.0
  ]
}