{
  "geometry": {
    "length": 0.02935510497993493,
    "width": 0.03598000358758484,
    "height": 0.0009597648151516485,
    "feed_x": 0.005360527190709367,
    "feed_y": 0.00899785764250625
  },
  "substrate": {
    "relative_permittivity": 4.4,
    "loss_tangent": 0.02,
    "substrate_type": "FR4",
    "thickness": 0.0009597648151516485
  },
  "feed_type": "INSET",
  "frequency_band": "2.4GHz",
  "frequency_range": [
    2000000000.0,
    3000000000.0
  ]
}