{
  "geometry": {
    "length": 0.029050551948280563,
    "width": 0.037088321018010004,
    "height": 0.0022263791732703773,
    "feed_x": 0.007657128213281755,
    "feed_y": 0.005470694243000686
  },
  "substrate": {
    "relative_permittivity": 4.4,
    "loss_tangent": 0.02,
    "substrate_type": "FR4",
    "thickness": 0.0022263791732703773
  },
  "feed_type": "INSET",
  "frequency_band": "2.4GHz",
  "frequency_range": [
    2000000000.0,
    3000000000.0
  ]
}