{
  "geometry": {
    "length": 0.03473060127910772,
    "width": 0.04087558109224877,
    "height": 0.0008079663589384031,
    "feed_x": 0.00578580879416658,
    "feed_y": 0.015536963187376516
  },
  "substrate": {
    "relative_permittivity": 4.4,
    "loss_tangent": 0.02,
    "substrate_type": "FR4",
    "thickness": 0.0008079663589384031
  },
  "feed_type": "INSET",
  "frequency_band": "2.4GHz",
  "frequency_range": [
    2000000000.0,
    3000000000.0
  ]
}