{
  "geometry": {
    "length": 0.03442238051821436,
    "width": 0.03167789324762416,
    "height": 0.00169926307540169,
    "feed_x": 0.006050667381531946,
    "feed_y": 0.01076537849938074
  },
  "substrate": {
    "relative_permittivity": 4.4,
    "loss_tangent": 0.02,
    "substrate_type": "FR4",
    "thickness": 0.00169926307540169
  },
  "feed_type": "INSET",
  "frequency_band": "2.4GHz",
  "frequency_range": [
    2000000000.0,
    3000000000.0
  ]
}