{
  "geometry": {
    "length": 0.030178743749544486,
    "width": 0.040656697287225194,
    "height": 0.002558373781310853,
    "feed_x": 0.001,
    "feed_y": 0.012346881032441685
  },
  "substrate": {
    "relative_permittivity": 4.4,
    "loss_tangent": 0.02,
    "substrate_type": "FR4",
    "thickness": 0.002558373781310853
  },
  "feed_type": "INSET",
  "frequency_band": "2.4GHz",
  "frequency_range": [
    2000000000.0,
    3000000000.0
  ]
}