{
  "geometry": {
    "length": 0.025091593038294665,
    "width": 0.040794051709157564,
    "height": 0.0020638541981854034,
    "feed_x": 0.001,
    "feed_y": 0.0011118090333027896
  },
  "substrate": {
    "relative_permittivity": 4.4,
    "loss_tangent": 0.02,
    "substrate_type": "FR4",
    "thickness": 0.0020638541981854034
  },
  "feed_type": "INSET",
  "frequency_band": "2.4GHz",
  "frequency_range": [
    2000000000.0,
    3000000000.0
  ]
}