{
  "geometry": {
    "length": 0.026357821627081165,
    "width": 0.03046699736906379,
    "height": 0.001670369597918629,
    "feed_x": 0.007499815774702114,
    "feed_y": 0.007765925612385374
  },
  "substrate": {
    "relative_permittivity": 4.4,
    "loss_tangent": 0.02,
    "substrate_type": "FR4",
    "thickness": 0.001670369597918629
  },
  "feed_type": "INSET",
  "frequency_band": "2.4GHz",
  "frequency_range": [
    2000000000.0,
    3000000000.0
  ]
}