{
  "geometry": {
    "length": 0.034430292898388046,
    "width": 0.030051745147414533,
    "height": 0.0014238124252642752,
    "feed_x": 0.009539777033811526,
    "feed_y": 0.001
  },
  "substrate": {
    "relative_permittivity": 4.4,
    "loss_tangent": 0.02,
    "substrate_type": "FR4",
    "thickness": 0.0014238124252642752
  },
  "feed_type": "INSET",
  "frequency_band": "2.4GHz",
  "frequency_range": [
    2000000000.0,
    3000000000.0
  ]
}