{
  "geometry": {
    "length": 0.03258072539541496,
    "width": 0.030458276890076144,
    "height": 0.00269766191582619,
    "feed_x": 0.001,
    "feed_y": 0.002862966634799621
  },
  "substrate": {
    "relative_permittivity": 4.4,
    "loss_tangent": 0.02,
    "substrate_type": "FR4",
    "thickness": 0.00269766191582619
  },
  "feed_type": "INSET",
  "frequency_band": "2.4GHz",
  "frequency_range": [
    2000000000.0,
    3000000000.0
  ]
}