{
  "geometry": {
    "length": 0.03197261015996085,
    "width": 0.04361803413372664,
    "height": 0.0017189029908712392,
    "feed_x": 0.002718829870755498,
    "feed_y": 0.007188304842450355
  },
  "substrate": {
    "relative_permittivity": 4.4,
    "loss_tangent": 0.02,
    "substrate_type": "FR4",
    "thickness": 0.0017189029908712392
  },
  "feed_type": "INSET",
  "frequency_band": "2.4GHz",
  "frequency_range": [
    2000000000.0,
    3000000000.0
  ]
}