{
  "geometry": {
    "length": 0.02934653521344593,
    "width": 0.04294471448778274,
    "height": 0.0017164028293818038,
    "feed_x": 0.00462611175479368,
    "feed_y": 0.016132008259432444
  },
  "substrate": {
    "relative_permittivity": 4.4,
    "loss_tangent": 0.02,
    "substrate_type": "FR4",
    "thickness": 0.0017164028293818038
  },
  "feed_type": "INSET",
  "frequency_band": "2.4GHz",
  "frequency_range": [
    2000000000.0,
    3000000000.0
  ]
}