{
  "geometry": {
    "length": 0.02947620734049414,
    "width": 0.03583219880673495,
    "height": 0.002244468548629115,
    "feed_x": 0.008736204600332226,
    "feed_y": 0.004962225059720217
  },
  "substrate": {
    "relative_permittivity": 4.4,
    "loss_tangent": 0.02,
    "substrate_type": "FR4",
    "thickness": 0.002244468548629115
  },
  "feed_type": "INSET",
  "frequency_band": "2.4GHz",
  "frequency_range": [
    2000000000.0,
    3000000000.0
  ]
}