{
  "geometry": {
    "length": 0.026820049905826763,
    "width": 0.043903818850651755,
    "height": 0.002488676759665613,
    "feed_x": 0.008727502969752233,
    "feed_y": 0.002626499414288689
  },
  "substrate": {
    "relative_permittivity": 4.4,
    "loss_tangent": 0.02,
    "substrate_type": "FR4",
    "thickness": 0.002488676759665613
  },
  "feed_type": "INSET",
  "frequency_band": "2.4GHz",
  "frequency_range": [
    2000000000.0,
    3000000000.0
  ]
}