{
  "geometry": {
    "length": 0.03488120799975693,
    "width": 0.03019074137343204,
    "height": 0.0010619914482088138,
    "feed_x": 0.007427841283035004,
    "feed_y": 0.007275982185422477
  },
  "substrate": {
    "relative_permittivity": 4.4,
    "loss_tangent": 0.02,
    "substrate_type": "FR4",
    "thickness": 0.0010619914482088138
  },
  "feed_type": "INSET",
  "frequency_band": "2.4GHz",
  "frequency_range": [
    2000000000.0,
    3000000000.0
  ]
}