{
  "geometry": {
    "length": 0.033497780459604394,
    "width": 0.03690823177058764,
    "height": 0.00271408928254924,
    "feed_x": 0.004458112231770943,
    "feed_y": 0.0054682526688800215
  },
  "substrate": {
    "relative_permittivity": 4.4,
    "loss_tangent": 0.02,
    "substrate_type": "FR4",
    "thickness": 0.00271408928254924
  },
  "feed_type": "INSET",
  "frequency_band": "2.4GHz",
  "frequency_range": [
    2000000000.0,
    3000000000.0
  ]
}