{
  "geometry": {
    "length": 0.033587131644453205,
    "width": 0.03922304962507473,
    "height": 0.0020419970980795074,
    "feed_x": 0.009585430688537394,
    "feed_y": 0.015689219850029894
  },
  "substrate": {
    "relative_permittivity": 4.4,
    "loss_tangent": 0.02,
    "substrate_type": "FR4",
    "thickness": 0.0020419970980795074
  },
  "feed_type": "INSET",
  "frequency_band": "2.4GHz",
  "frequency_range": [
    2000000000.0,
    3000000000.0
  ]
}