{
  "geometry": {
    "length": 0.028467557949992343,
    "width": 0.04254130992247117,
    "height": 0.0011385827012012036,
    "feed_x": 0.004656675832238252,
    "feed_y": 0.01416671981021579
  },
  "substrate": {
    "relative_permittivity": 4.4,
    "loss_tangent": 0.02,
    "substrate_type": "FR4",
    "thickness": 0.0011385827012012036
  },
  "feed_type": "INSET",
  "frequency_band": "2.4GHz",
  "frequency_range": [
    2000000000.0,
    3000000000.0
  ]
}