{
  "geometry": {
    "length": 0.025796436825163433,
    "width": 0.040206591007874,
    "height": 0.002454846538043617,
    "feed_x": 0.010318574730065373,
    "feed_y": 0.015606852469094988
  },
  "substrate": {
    "relative_permittivity": 4.4,
    "loss_tangent": 0.02,
    "substrate_type": "FR4",
    "thickness": 0.002454846538043617
  },
  "feed_type": "INSET",
  "frequency_band": "2.4GHz",
  "frequency_range": [
    2000000000.0,
    3000000000.0
  ]
}