{
  "geometry": {
    "length": 0.03346929688861436,
    "width": 0.030989726533905165,
    "height": 0.001956740125475104,
    "feed_x": 0.013387718755445744,
    "feed_y": 0.00909840402038269
  },
  "substrate": {
    "relative_permittivity": 4.4,
    "loss_tangent": 0.02,
    "substrate_type": "FR4",
    "thickness": 0.001956740125475104
  },
  "feed_type": "INSET",
  "frequency_band": "2.4GHz",
  "frequency_range": [
    2000000000.0,
    3000000000.0
  ]
}