{
  "geometry": {
    "length": 0.03280234260892485,
    "width": 0.04089311965135755,
    "height": 0.002759835922938794,
    "feed_x": 0.0012674418792066246,
    "feed_y": 0.01016367536106708
  },
  "substrate": {
    "relative_permittivity": 4.4,
    "loss_tangent": 0.02,
    "substrate_type": "FR4",
    "thickness": 0.002759835922938794
  },
  "feed_type": "INSET",
  "frequency_band": "2.4GHz",
  "frequency_range": [
    2000000000.0,
    3000000000.0
  ]
}