{
  "geometry": {
    "length": 0.027616448351130064,
    "width": 0.04172321324647748,
    "height": 0.0019918012119678388,
    "feed_x": 0.011046579340452027,
    "feed_y": 0.00469598154299221
  },
  "substrate": {
    "relative_permittivity": 4.4,
    "loss_tangent": 0.02,
    "substrate_type": "FR4",
    "thickness": 0.0019918012119678388
  },
  "feed_type": "INSET",
  "frequency_band": "2.4GHz",
  "frequency_range": [
    2000000000.0,
    3000000000.0
  ]
}