{
  "geometry": {
    "length": 0.02679125176845726,
    "width": 0.03879125912503047,
    "height": 0.0012803593702756738,
    "feed_x": 0.009230060691168168,
    "feed_y": 0.015516503650012187
  },
  "substrate": {
    "relative_permittivity": 4.4,
    "loss_tangent": 0.02,
    "substrate_type": "FR4",
    "thickness": 0.0012803593702756738
  },
  "feed_type": "INSET",
  "frequency_band": "2.4GHz",
  "frequency_range": [
    2000000000.0,
    3000000000.0
  ]
}