{
  "geometry": {
    "length": 0.025722550084742203,
    "width": 0.03184852999157157,
    "height": 0.00194776978377929,
    "feed_x": 0.002720409082053662,
    "feed_y": 0.001155202678989009
  },
  "substrate": {
    "relative_permittivity": 4.4,
    "loss_tangent": 0.02,
    "substrate_type": "FR4",
    "thickness": 0.00194776978377929
  },
  "feed_type": "INSET",
  "frequency_band": "2.4GHz",
  "frequency_range": [
    2000000000.0,
    3000000000.0
  ]
}