{
  "geometry": {
    "length": 0.029886247218603067,
    "width": 0.03483045102175425,
    "height": 0.0023883849744613596,
    "feed_x": 0.008796723003787914,
    "feed_y": 0.001
  },
  "substrate": {
    "relative_permittivity": 4.4,
    "loss_tangent": 0.02,
    "substrate_type": "FR4",
    "thickness": 0.0023883849744613596
  },
  "feed_type": "INSET",
  "frequency_band": "2.4GHz",
  "frequency_range": [
    2000000000.0,
    3000000000.0
  ]
}