{
  "geometry": {
    "length": 0.026938341339702767,
    "width": 0.03573270512670697,
    "height": 0.002839922841451759,
    "feed_x": 0.0030387351211900926,
    "feed_y": 0.013795133702035868
  },
  "substrate": {
    "relative_permittivity": 4.4,
    "loss_tangent": 0.02,
    "substrate_type": "FR4",
    "thickness": 0.002839922841451759
  },
  "feed_type": "INSET",
  "frequency_band": "2.4GHz",
  "frequency_range": [
    2000000000.0,
    3000000000.0
  ]
}