{
  "geometry": {
    "length": 0.030612910554809785,
    "width": 0.03900077778473227,
    "height": 0.0013877802563975108,
    "feed_x": 0.003714476238516401,
    "feed_y": 0.0030179840778779975
  },
  "substrate": {
    "relative_permittivity": 4.4,
    "loss_tangent": 0.02,
    "substrate_type": "FR4",
    "thickness": 0.0013877802563975108
  },
  "feed_type": "INSET",
  "frequency_band": "2.4GHz",
  "frequency_range": [
    2000000000.0,
    3000000000.0
  ]
}