{
  "geometry": {
    "length": 0.033303710519828375,
    "width": 0.0337258134100612,
    "height": 0.002415789031290945,
    "feed_x": 0.001,
    "feed_y": 0.013490325364024482
  },
  "substrate": {
    "relative_permittivity": 4.4,
    "loss_tangent": 0.02,
    "substrate_type": "FR4",
    "thickness": 0.002415789031290945
  },
  "feed_type": "INSET",
  "frequency_band": "2.4GHz",
  "frequency_range": [
    2000000000.0,
    3000000000.0
  ]
}