{
  "geometry": {
    "length": 0.02948155586453341,
    "width": 0.0379529603108791,
    "height": 0.001498097020552241,
    "feed_x": 0.0030495065591417785,
    "feed_y": 0.012004203827047083
  },
  "substrate": {
    "relative_permittivity": 4.4,
    "loss_tangent": 0.02,
    "substrate_type": "FR4",
    "thickness": 0.001498097020552241
  },
  "feed_type": "INSET",
  "frequency_band": "2.4GHz",
  "frequency_range": [
    2000000000.0,
    3000000000.0
  ]
}