{
  "geometry": {
    "length": 0.029048460364174227,
    "width": 0.0329186579950118,
    "height": 0.0008393127955376723,
    "feed_x": 0.00713237158388604,
    "feed_y": 0.013167463198004721
  },
  "substrate": {
    "relative_permittivity": 4.4,
    "loss_tangent": 0.02,
    "substrate_type": "FR4",
    "thickness": 0.0008393127955376723
  },
  "feed_type": "INSET",
  "frequency_band": "2.4GHz",
  "frequency_range": [
    2000000000.0,
    3000000000.0
  ]
}