{
  "geometry": {
    "length": 0.028094872679357,
    "width": 0.038783505412606986,
    "height": 0.0013735139773965966,
    "feed_x": 0.005352638310254322,
    "feed_y": 0.003566085095381105
  },
  "substrate": {
    "relative_permittivity": 4.4,
    "loss_tangent": 0.02,
    "substrate_type": "FR4",
    "thickness": 0.0013735139773965966
  },
  "feed_type": "INSET",
  "frequency_band": "2.4GHz",
  "frequency_range": [
    2000000000.0,
    3000000000.0
  ]
}