{
  "geometry": {
    "length": 0.03236621407212441,
    "width": 0.03992858040347626,
    "height": 0.0026260014496822066,
    "feed_x": 0.009309767424712458,
    "feed_y": 0.014705913839015634
  },
  "substrate": {
    "relative_permittivity": 4.4,
    "loss_tangent": 0.02,
    "substrate_type": "FR4",
    "thickness": 0.0026260014496822066
  },
  "feed_type": "INSET",
  "frequency_band": "2.4GHz",
  "frequency_range": [
    2000000000.0,
    3000000000.0
  ]
}