{
  "geometry": {
    "length": 0.031160960267091222,
    "width": 0.043502016411910184,
    "height": 0.0020220845661540364,
    "feed_x": 0.011231970270944896,
    "feed_y": 0.016221806272833834
  },
  "substrate": {
    "relative_permittivity": 4.4,
    "loss_tangent": 0.02,
    "substrate_type": "FR4",
    "thickness": 0.0020220845661540364
  },
  "feed_type": "INSET",
  "frequency_band": "2.4GHz",
  "frequency_range": [
    2000000000.0,
    3000000000.0
  ]
}