{
  "geometry": {
    "length": 0.02805146630540658,
    "width": 0.044300713213703595,
    "height": 0.0014884094156333483,
    "feed_x": 0.01001755819063312,
    "feed_y": 0.01772028528548144
  },
  "substrate": {
    "relative_permittivity": 4.4,
    "loss_tangent": 0.02,
    "substrate_type": "FR4",
    "thickness": 0.0014884094156333483
  },
  "feed_type": "INSET",
  "frequency_band": "2.4GHz",
  "frequency_range": [
    2000000000.0,
    3000000000.0
  ]
}