{
  "geometry": {
    "length": 0.025544952085170967,
    "width": 0.034396356716341926,
    "height": 0.0012113909025427113,
    "feed_x": 0.003910290036962263,
    "feed_y": 0.009023186096790021
  },
  "substrate": {
    "relative_permittivity": 4.4,
    "loss_tangent": 0.02,
    "substrate_type": "FR4",
    "thickness": 0.0012113909025427113
  },
  "feed_type": "INSET",
  "frequency_band": "2.4GHz",
  "frequency_range": [
    2000000000.0,
    3000000000.0
  ]
}