{
  "geometry": {
    "length": 0.03360598644442447,
    "width": 0.03358656547677924,
    "height": 0.001729588129258746,
    "feed_x": 0.001,
    "feed_y": 0.010699793392468706
  },
  "substrate": {
    "relative_permittivity": 4.4,
    "loss_tangent": 0.02,
    "substrate_type": "FR4",
    "thickness": 0.001729588129258746
  },
  "feed_type": "INSET",
  "frequency_band": "2.4GHz",
  "frequency_range": [
    2000000000.0,
    3000000000.0
  ]
}