{
  "geometry": {
    "length": 0.027980720293918345,
    "width": 0.0407176228112788,
    "height": 0.0027475312219085403,
    "feed_x": 0.009966704630454765,
    "feed_y": 0.01628704912451152
  },
  "substrate": {
    "relative_permittivity": 4.4,
    "loss_tangent": 0.02,
    "substrate_type": "FR4",
    "thickness": 0.0027475312219085403
  },
  "feed_type": "INSET",
  "frequency_band": "2.4GHz",
  "frequency_range": [
    2000000000.0,
    3000000000.0
  ]
}