{
  "geometry": {
    "length": 0.02986952636226701,
    "width": 0.03200907171784462,
    "height": 0.0027391387962464957,
    "feed_x": 0.008653207478794276,
    "feed_y": 0.001
  },
  "substrate": {
    "relative_permittivity": 4.4,
    "loss_tangent": 0.02,
    "substrate_type": "FR4",
    "thickness": 0.0027391387962464957
  },
  "feed_type": "INSET",
  "frequency_band": "2.4GHz",
  "frequency_range": [
    2000000000.0,
    3000000000.0
  ]
}