{
  "geometry": {
    "length": 0.030280574907366804,
    "width": 0.032500212390423486,
    "height": 0.002544185746203486,
    "feed_x": 0.009053900846342212,
    "feed_y": 0.0027183390573122224
  },
  "substrate": {
    "relative_permittivity": 4.4,
    "loss_tangent": 0.02,
    "substrate_type": "FR4",
    "thickness": 0.002544185746203486
  },
  "feed_type": "INSET",
  "frequency_band": "2.4GHz",
  "frequency_range": [
    2000000000.0,
    3000000000.0
  ]
}