{
  "geometry": {
    "length": 0.029362591847683646,
    "width": 0.042423229366362177,
    "height": 0.002786872008030131,
    "feed_x": 0.006821026144849896,
    "feed_y": 0.0010204291627655523
  },
  "substrate": {
    "relative_permittivity": 4.4,
    "loss_tangent": 0.02,
    "substrate_type": "FR4",
    "thickness": 0.002786872008030131
  },
  "feed_type": "INSET",
  "frequency_band": "2.4GHz",
  "frequency_range": [
    2000000000.0,
    3000000000.0
  ]
}