{
  "geometry": {
    "length": 0.028074780026129544,
    "width": 0.0404201984285117,
    "height": 0.002337859816338141,
    "feed_x": 0.003502727431123806,
    "feed_y": 0.016168079371404683
  },
  "substrate": {
    "relative_permittivity": 4.4,
    "loss_tangent": 0.02,
    "substrate_type": "FR4",
    "thickness": 0.002337859816338141
  },
  "feed_type": "INSET",
  "frequency_band": "2.4GHz",
  "frequency_range": [
    2000000000.0,
    3000000000.0
  ]
}