{
  "geometry": {
    "length": 0.027559115977092995,
    "width": 0.044404887072113326,
    "height": 0.0028295846337254025,
    "feed_x": 0.007081711088705663,
    "feed_y": 0.012200790998687733
  },
  "substrate": {
    "relative_permittivity": 4.4,
    "loss_tangent": 0.02,
    "substrate_type": "FR4",
    "thickness": 0.0028295846337254025
  },
  "feed_type": "INSET",
  "frequency_band": "2.4GHz",
  "frequency_range": [
    2000000000.0,
    3000000000.0
  ]
}