{
  "geometry": {
    "length": 0.03212477858552791,
    "width": 0.03176171620319484,
    "height": 0.0026474918213533374,
    "feed_x": 0.006620604440869706,
    "feed_y": 0.006137973888859045
  },
  "substrate": {
    "relative_permittivity": 4.4,
    "loss_tangent": 0.02,
    "substrate_type": "FR4",
    "thickness": 0.0026474918213533374
  },
  "feed_type": "INSET",
  "frequency_band": "2.4GHz",
  "frequency_range": [
    2000000000.0,
    3000000000.0
  ]
}