{
  "geometry": {
    "length": 0.02980480832765086,
    "width": 0.03305200125285252,
    "height": 0.0010011730100280892,
    "feed_x": 0.004685120507246511,
    "feed_y": 0.013220800501141008
  },
  "substrate": {
    "relative_permittivity": 4.4,
    "loss_tangent": 0.02,
    "substrate_type": "FR4",
    "thickness": 0.0010011730100280892
  },
  "feed_type": "INSET",
  "frequency_band": "2.4GHz",
  "frequency_range": [
    2000000000.0,
    3000000000.0
  ]
}