{
  "geometry": {
    "length": 0.034490724951403755,
    "width": 0.037206039082063894,
    "height": 0.0022791945256184208,
    "feed_x": 0.012070847040980675,
    "feed_y": 0.014882415632825559
  },
  "substrate": {
    "relative_permittivity": 4.4,
    "loss_tangent": 0.02,
    "substrate_type": "FR4",
    "thickness": 0.0022791945256184208
  },
  "feed_type": "INSET",
  "frequency_band": "2.4GHz",
  "frequency_range": [
    2000000000.0,
    3000000000.0
  ]
}