{
  "geometry": {
    "length": 0.02593646662304932,
    "width": 0.03556818804188053,
    "height": 0.0008484029118193232,
    "feed_x": 0.0036204554147836973,
    "feed_y": 0.0018954880329561383
  },
  "substrate": {
    "relative_permittivity": 4.4,
    "loss_tangent": 0.02,
    "substrate_type": "FR4",
    "thickness": 0.0008484029118193232
  },
  "feed_type": "INSET",
  "frequency_band": "2.4GHz",
  "frequency_range": [
    2000000000.0,
    3000000000.0
  ]
}