{
  "geometry": {
    "length": 0.030872742990292776,
    "width": 0.04028897068714336,
    "height": 0.0016311395670529144,
    "feed_x": 0.00800172675315708,
    "feed_y": 0.015354985902597401
  },
  "substrate": {
    "relative_permittivity": 4.4,
    "loss_tangent": 0.02,
    "substrate_type": "FR4",
    "thickness": 0.0016311395670529144
  },
  "feed_type": "INSET",
  "frequency_band": "2.4GHz",
  "frequency_range": [
    2000000000.0,
    3000000000.0
  ]
}