{
  "geometry": {
    "length": 0.03235022494015871,
    "width": 0.041633334507560425,
    "height": 0.0008831784439850057,
    "feed_x": 0.012222342150832493,
    "feed_y": 0.004306262997326403
  },
  "substrate": {
    "relative_permittivity": 4.4,
    "loss_tangent": 0.02,
    "substrate_type": "FR4",
    "thickness": 0.0008831784439850057
  },
  "feed_type": "INSET",
  "frequency_band": "2.4GHz",
  "frequency_range": [
    2000000000.0,
    3000000000.0
  ]
}