{
  "geometry": {
    "length": 0.033185308665630284,
    "width": 0.03230023781602434,
    "height": 0.0019780923630243613,
    "feed_x": 0.013274123466252114,
    "feed_y": 0.01058631048962508
  },
  "substrate": {
    "relative_permittivity": 4.4,
    "loss_tangent": 0.02,
    "substrate_type": "FR4",
    "thickness": 0.0019780923630243613
  },
  "feed_type": "INSET",
  "frequency_band": "2.4GHz",
  "frequency_range": [
    2000000000.0,
    3000000000.0
  ]
}