{
  "geometry": {
    "length": 0.02797345430033721,
    "width": 0.03411695520334166,
    "height": 0.0023690291950762836,
    "feed_x": 0.008478355419392172,
    "feed_y": 0.011890268314018718
  },
  "substrate": {
    "relative_permittivity": 4.4,
    "loss_tangent": 0.02,
    "substrate_type": "FR4",
    "thickness": 0.0023690291950762836
  },
  "feed_type": "INSET",
  "frequency_band": "2.4GHz",
  "frequency_range": [
    2000000000.0,
    3000000000.0
  ]
}