{
  "geometry": {
    "length": 0.025762823608523586,
    "width": 0.03271788852591036,
    "height": 0.0030320030159118397,
    "feed_x": 0.0031650097421488826,
    "feed_y": 0.001
  },
  "substrate": {
    "relative_permittivity": 4.4,
    "loss_tangent": 0.02,
    "substrate_type": "FR4",
    "thickness": 0.0030320030159118397
  },
  "feed_type": "INSET",
  "frequency_band": "2.4GHz",
  "frequency_range": [
    2000000000.0,
    3000000000.0
  ]
}