{
  "geometry": {
    "length": 0.029180113961014807,
    "width": 0.044087725381969436,
    "height": 0.0030110201248814443,
    "feed_x": 0.004297227584396108,
    "feed_y": 0.017635090152787775
  },
  "substrate": {
    "relative_permittivity": 4.4,
    "loss_tangent": 0.02,
    "substrate_type": "FR4",
    "thickness": 0.0030110201248814443
  },
  "feed_type": "INSET",
  "frequency_band": "2.4GHz",
  "frequency_range": [
    2000000000.0,
    3000000000.0
  ]
}