{
  "geometry": {
    "length": 0.033895782339372856,
    "width": 0.03848899761367948,
    "height": 0.001408176904085241,
    "feed_x": 0.012571471674913494,
    "feed_y": 0.001
  },
  "substrate": {
    "relative_permittivity": 4.4,
    "loss_tangent": 0.02,
    "substrate_type": "FR4",
    "thickness": 0.001408176904085241
  },
  "feed_type": "INSET",
  "frequency_band": "2.4GHz",
  "frequency_range": [
    2000000000.0,
    3000000000.0
  ]
}