{
  "geometry": {
    "length": 0.02788798217889281,
    "width": 0.038368126144810416,
    "height": 0.002512389125623537,
    "feed_x": 0.009359971115486605,
    "feed_y": 0.001
  },
  "substrate": {
    "relative_permittivity": 4.4,
    "loss_tangent": 0.02,
    "substrate_type": "FR4",
    "thickness": 0.002512389125623537
  },
  "feed_type": "INSET",
  "frequency_band": "2.4GHz",
  "frequency_range": [
    2000000000.0,
    3000000000.0
  ]
}