{
  "geometry": {
    "length": 0.02691560649938144,
    "width": 0.039088318152547916,
    "height": 0.003016356069737972,
    "feed_x": 0.010616861901382443,
    "feed_y": 0.0033192968486372583
  },
  "substrate": {
    "relative_permittivity": 4.4,
    "loss_tangent": 0.02,
    "substrate_type": "FR4",
    "thickness": 0.003016356069737972
  },
  "feed_type": "INSET",
  "frequency_band": "2.4GHz",
  "frequency_range": [
    2000000000.0,
    3000000000.0
  ]
}