{
  "geometry": {
    "length": 0.029726767927105074,
    "width": 0.03747613383574569,
    "height": 0.00261530768913488,
    "feed_x": 0.009219953953591833,
    "feed_y": 0.0011635366533864877
  },
  "substrate": {
    "relative_permittivity": 4.4,
    "loss_tangent": 0.02,
    "substrate_type": "FR4",
    "thickness": 0.00261530768913488
  },
  "feed_type": "INSET",
  "frequency_band": "2.4GHz",
  "frequency_range": [
    2000000000.0,
    3000000000.0
  ]
}