{
  "geometry": {
    "length": 0.031031189639480823,
    "width": 0.04082582829964693,
    "height": 0.002282714988556051,
    "feed_x": 0.001,
    "feed_y": 0.012196266869301484
  },
  "substrate": {
    "relative_permittivity": 4.4,
    "loss_tangent": 0.02,
    "substrate_type": "FR4",
    "thickness": 0.002282714988556051
  },
  "feed_type": "INSET",
  "frequency_band": "2.4GHz",
  "frequency_range": [
    2000000000.0,
    3000000000.0
  ]
}