{
  "geometry": {
    "length": 0.03391651968576591,
    "width": 0.03606219982993284,
    "height": 0.0009312825352373146,
    "feed_x": 0.006705460093576658,
    "feed_y": 0.0015795795264952302
  },
  "substrate": {
    "relative_permittivity": 4.4,
    "loss_tangent": 0.02,
    "substrate_type": "FR4",
    "thickness": 0.0009312825352373146
  },
  "feed_type": "INSET",
  "frequency_band": "2.4GHz",
  "frequency_range": [
    2000000000.0,
    3000000000.0
  ]
}