{
  "geometry": {
    "length": 0.03472995992395267,
    "width": 0.04411475130297154,
    "height": 0.003012816597003367,
    "feed_x": 0.0023514850331890487,
    "feed_y": 0.004121929945823906
  },
  "substrate": {
    "relative_permittivity": 4.4,
    "loss_tangent": 0.02,
    "substrate_type": "FR4",
    "thickness": 0.003012816597003367
  },
  "feed_type": "INSET",
  "frequency_band": "2.4GHz",
  "frequency_range": [
    2000000000.0,
    3000000000.0
  ]
}