{
  "geometry": {
    "length": 0.031042552378440925,
    "width": 0.03415548735401348,
    "height": 0.0016248180191404684,
    "feed_x": 0.011992196486853074,
    "feed_y": 0.007779432162928057
  },
  "substrate": {
    "relative_permittivity": 4.4,
    "loss_tangent": 0.02,
    "substrate_type": "FR4",
    "thickness": 0.0016248180191404684
  },
  "feed_type": "INSET",
  "frequency_band": "2.4GHz",
  "frequency_range": [
    2000000000.0,
    3000000000.0
  ]
}