{
  "geometry": {
    "length": 0.025587132257892397,
    "width": 0.041997959588321684,
    "height": 0.002771481636602538,
    "feed_x": 0.005034951490516815,
    "feed_y": 0.0020051466679487187
  },
  "substrate": {
    "relative_permittivity": 4.4,
    "loss_tangent": 0.02,
    "substrate_type": "FR4",
    "thickness": 0.002771481636602538
  },
  "feed_type": "INSET",
  "frequency_band": "2.4GHz",
  "frequency_range": [
    2000000000.0,
    3000000000.0
  ]
}