{
  "geometry": {
    "length": 0.027455224941263724,
    "width": 0.03894357851155224,
    "height": 0.0017890320131072864,
    "feed_x": 0.01098208997650549,
    "feed_y": 0.015577431404620895
  },
  "substrate": {
    "relative_permittivity": 4.4,
    "loss_tangent": 0.02,
    "substrate_type": "FR4",
    "thickness": 0.0017890320131072864
  },
  "feed_type": "INSET",
  "frequency_band": "2.4GHz",
  "frequency_range": [
    2000000000.0,
    3000000000.0
  ]
}