{
  "geometry": {
    "length": 0.03158518876898237,
    "width": 0.033003266832070985,
    "height": 0.0011918048236905143,
    "feed_x": 0.005846180397843936,
    "feed_y": 0.00495959495561593
  },
  "substrate": {
    "relative_permittivity": 4.4,
    "loss_tangent": 0.02,
    "substrate_type": "FR4",
    "thickness": 0.0011918048236905143
  },
  "feed_type": "INSET",
  "frequency_band": "2.4GHz",
  "frequency_range": [
    2000000000.0,
    3000000000.0
  ]
}