{
  "geometry": {
    "length": 0.033097234279863434,
    "width": 0.04022954685077637,
    "height": 0.0023340419999472164,
    "feed_x": 0.013238893711945374,
    "feed_y": 0.01214828110077109
  },
  "substrate": {
    "relative_permittivity": 4.4,
    "loss_tangent": 0.02,
    "substrate_type": "FR4",
    "thickness": 0.0023340419999472164
  },
  "feed_type": "INSET",
  "frequency_band": "2.4GHz",
  "frequency_range": [
    2000000000.0,
    3000000000.0
  ]
}