{
  "geometry": {
    "length": 0.03161432243883159,
    "width": 0.0357879366547876,
    "height": 0.0012210462276345797,
    "feed_x": 0.012645728975532636,
    "feed_y": 0.008402454873168064
  },
  "substrate": {
    "relative_permittivity": 4.4,
    "loss_tangent": 0.02,
    "substrate_type": "FR4",
    "thickness": 0.0012210462276345797
  },
  "feed_type": "INSET",
  "frequency_band": "2.4GHz",
  "frequency_range": [
    2000000000.0,
    3000000000.0
  ]
}