{
  "geometry": {
    "length": 0.025830666116431554,
    "width": 0.041055946401899655,
    "height": 0.0014442894702398046,
    "feed_x": 0.010332266446572622,
    "feed_y": 0.013008743008950172
  },
  "substrate": {
    "relative_permittivity": 4.4,
    "loss_tangent": 0.02,
    "substrate_type": "FR4",
    "thickness": 0.0014442894702398046
  },
  "feed_type": "INSET",
  "frequency_band": "2.4GHz",
  "frequency_range": [
    2000000000.0,
    3000000000.0
  ]
}