{
  "geometry": {
    "length": 0.030556290777161377,
    "width": 0.03451755315385301,
    "height": 0.0014604601964670458,
    "feed_x": 0.012222516310864552,
    "feed_y": 0.00652463044489535
  },
  "substrate": {
    "relative_permittivity": 4.4,
    "loss_tangent": 0.02,
    "substrate_type": "FR4",
    "thickness": 0.0014604601964670458
  },
  "feed_type": "INSET",
  "frequency_band": "2.4GHz",
  "frequency_range": [
    2000000000.0,
    3000000000.0
  ]
}