{
  "geometry": {
    "length": 0.033625059363963386,
    "width": 0.03856049592131786,
    "height": 0.0010172546410160581,
    "feed_x": 0.013450023745585356,
    "feed_y": 0.005085658667556878
  },
  "substrate": {
    "relative_permittivity": 4.4,
    "loss_tangent": 0.02,
    "substrate_type": "FR4",
    "thickness": 0.0010172546410160581
  },
  "feed_type": "INSET",
  "frequency_band": "2.4GHz",
  "frequency_range": [
    2000000000.0,
    3000000000.0
  ]
}