{
  "frequency": [
    2040000000.0,
    2047200000.0,
    2054400000.0,
    2061600000.0,
    2068800000.0,
    2076000000.0,
    2083200000.0,
    2090400000.0,
    2097600000.0,
    2104800000.0,
    2112000000.0,
    2119200000.0,
    2126400000.0,
    2133600000.0,
    2140800000.0,
    2148000000.0,
    2155200000.0,
    2162400000.0,
    2169600000.0,
    2176800000.0,
    2184000000.0,
    2191200000.0,
    2198400000.0,
    2205600000.0,
    2212800000.0,
    2220000000.0,
    2227200000.0,
    2234400000.0,
    2241600000.0,
    2248800000.0,
    2256000000.0,
    2263200000.0,
    2270400000.0,
    2277600000.0,
    2284800000.0,
    2292000000.0,
    2299200000.0,
    2306400000.0,
    2313600000.0,
    2320800000.0,
    2328000000.0,
    2335200000.0,
    2342400000.0,
    2349600000.0,
    2356800000.0,
    2364000000.0,
    2371200000.0,
    2378400000.0,
    2385600000.0,
    2392800000.0,
    2400000000.0,
    2407200000.0,
    2414400000.0,
    2421600000.0,
    2428800000.0,
    2436000000.0,
    2443200000.0,
    2450400000.0,
    2457600000.0,
    2464800000.0,
    2472000000.0,
    2479200000.0,
    2486400000.0,
    2493600000.0,
    2500800000.0,
    2508000000.0,
    2515200000.0,
    2522400000.0,
    2529600000.0,
    2536800000.0,
    2544000000.0,
    2551200000.0,
    2558400000.0,
    2565600000.0,
    2572800000.0,
    2580000000.0,
    2587200000.0,
    2594400000.0,
    2601600000.0,
    2608800000.0,
    2616000000.0,
    2623200000.0,
    2630400000.0,
    2637600000.0,
    2644800000.0,
    2652000000.0,
    2659200000.0,
    2666400000.0,
    2673600000.0,
    2680800000.0,
    2688000000.0,
    2695200000.0,
    2702400000.0,
    2709600000.0,
    2716800000.0,
    2724000000.0,
    2731200000.0,
    2738400000.0,
    2745600000.0,
    2752800000.0,
    2760000000.0
  ],
  "s11_magnitude": [
    -0.06972313844666107,
    -0.06388894858761053,
    -0.05878873567672696,
    -0.05446676765584502,
    -0.050912045949090406,
    -0.048069996322783415,
    -0.0458548209403253,
    -0.0441614846021835,
    -0.04287658980724491,
    -0.04188764404042562,
    -0.04109043577564979,
    -0.04039441355620132,
    -0.03972610685167646,
    -0.039030740019350266,
    -0.03827227330125245,
    -0.03743215907381245,
    -0.036507129591282834,
    -0.035506336920220934,
    -0.034448150091737205,
    -0.03335688281016693,
    -0.03225968187809063,
    -0.03118375643162228,
    -0.030154075454007556,
    -0.02919160960622144,
    -0.028312146170264164,
    -0.0275256649839736,
    -0.02683622996284376,
    -0.026242325726923452,
    -0.0257375519485495,
    -0.025311578831723774,
    -0.024951264837661087,
    -0.02464184140561383,
    -0.024368077903056937,
    -0.02411535225887046,
    -0.02387056757617351,
    -0.023622871416843737,
    -0.023364151387276877,
    -0.023089297210645718,
    -0.02279623483041685,
    -0.022485751568333337,
    -0.022161142426952836,
    -0.021827715915913665,
    -0.021492203101170348,
    -0.02116211590636458,
    -0.020845100172745053,
    -0.020548325882555944,
    -0.020277951654150125,
    -0.020038693586056675,
    -0.01983352026928028,
    -0.019663486824932457,
    -0.019527711671981043,
    -0.019423490869507013,
    -0.019346536745076356,
    -0.019291320491806367,
    -0.019251492799197394,
    -0.019220352610957323,
    -0.01919133192953168,
    -0.019158464283266723,
    -0.019116806021937455,
    -0.01906278290768511,
    -0.018994439335622216,
    -0.018911573687339815,
    -0.01881575045895565,
    -0.01871018752826998,
    -0.018599524811077708,
    -0.018489488170284382,
    -0.018386469355224682,
    -0.018297048566029497,
    -0.018227490611781076,
    -0.018183248284231523,
    -0.018168507302147918,
    -0.018185805889459724,
    -0.018235758720454506,
    -0.01831690968542936,
    -0.018425730883203238,
    -0.018556776714080535,
    -0.01870299229806481,
    -0.018856165136447865,
    -0.019007498502714264,
    -0.019148275086052192,
    -0.01927057055427775,
    -0.019367969603291606,
    -0.01943623234505431,
    -0.019473857121530738,
    -0.01948248747136654,
    -0.019467116317206625,
    -0.019436049582043292,
    -0.019400604246787967,
    -0.0193745319417015,
    -0.019373177877317373,
    -0.01941240538026174,
    -0.01950733740913503,
    -0.019670986911875864,
    -0.019912866352723175,
    -0.020237681709421126,
    -0.02064422622451365,
    -0.021124592719577645,
    -0.021663818987709985,
    -0.022240067479387206,
    -0.022825417312953296,
    -0.023387313139906857
  ],
  "s11_phase": null
}