{
  "frequency": [
    2040000000.0,
    2047200000.0,
    2054400000.0,
    2061600000.0,
    2068800000.0,
    2076000000.0,
    2083200000.0,
    2090400000.0,
    2097600000.0,
    2104800000.0,
    2112000000.0,
    2119200000.0,
    2126400000.0,
    2133600000.0,
    2140800000.0,
    2148000000.0,
    2155200000.0,
    2162400000.0,
    2169600000.0,
    2176800000.0,
    2184000000.0,
    2191200000.0,
    2198400000.0,
    2205600000.0,
    2212800000.0,
    2220000000.0,
    2227200000.0,
    2234400000.0,
    2241600000.0,
    2248800000.0,
    2256000000.0,
    2263200000.0,
    2270400000.0,
    2277600000.0,
    2284800000.0,
    2292000000.0,
    2299200000.0,
    2306400000.0,
    2313600000.0,
    2320800000.0,
    2328000000.0,
    2335200000.0,
    2342400000.0,
    2349600000.0,
    2356800000.0,
    2364000000.0,
    2371200000.0,
    2378400000.0,
    2385600000.0,
    2392800000.0,
    2400000000.0,
    2407200000.0,
    2414400000.0,
    2421600000.0,
    2428800000.0,
    2436000000.0,
    2443200000.0,
    2450400000.0,
    2457600000.0,
    2464800000.0,
    2472000000.0,
    2479200000.0,
    2486400000.0,
    2493600000.0,
    2500800000.0,
    2508000000.0,
    2515200000.0,
    2522400000.0,
    2529600000.0,
    2536800000.0,
    2544000000.0,
    2551200000.0,
    2558400000.0,
    2565600000.0,
    2572800000.0,
    2580000000.0,
    2587200000.0,
    2594400000.0,
    2601600000.0,
    2608800000.0,
    2616000000.0,
    2623200000.0,
    2630400000.0,
    2637600000.0,
    2644800000.0,
    2652000000.0,
    2659200000.0,
    2666400000.0,
    2673600000.0,
    2680800000.0,
    2688000000.0,
    2695200000.0,
    2702400000.0,
    2709600000.0,
    2716800000.0,
    2724000000.0,
    2731200000.0,
    2738400000.0,
    2745600000.0,
    2752800000.0,
    2760000000.0
  ],
  "s11_magnitude": [
    -0.19970073767992974,
    -0.19085177320149466,
    -0.1828456663202152,
    -0.17554411367365924,
    -0.16883405720798955,
    -0.16262371467325637,
    -0.15683911571601653,
    -0.151421091481472,
    -0.14632267067358734,
    -0.14150683927740584,
    -0.1369446248101418,
    -0.13261346919407854,
    -0.1284958572531146,
    -0.12457817051644646,
    -0.12084973852730475,
    -0.11730206224154646,
    -0.11392818638080296,
    -0.11072219978780196,
    -0.10767884491687349,
    -0.10479321957658524,
    -0.10206055591695029,
    -0.09947606341344499,
    -0.09703482423802075,
    -0.09473173091891984,
    -0.0925614575742239,
    -0.09051845725919079,
    -0.0885969790958537,
    -0.0867910998608059,
    -0.08509476559799325,
    -0.08350183960549319,
    -0.0820061538264599,
    -0.08060156126276129,
    -0.0792819875340526,
    -0.07804148013394147,
    -0.07687425429615936,
    -0.07577473468593708,
    -0.07473759238184619,
    -0.07375777681854186,
    -0.07283054252720575,
    -0.07195147064352801,
    -0.0711164852581796,
    -0.07032186476618943,
    -0.06956424843318412,
    -0.06884063844188654,
    -0.06814839771432313,
    -0.0674852438262721,
    -0.06684923934314618,
    -0.06623877891217565,
    -0.06565257344636125,
    -0.06508963173206771,
    -0.0645492397859934,
    -0.06403093827908446,
    -0.06353449833541815,
    -0.06305989600443992,
    -0.06260728569476902,
    -0.062176972848646636,
    -0.06176938612701798,
    -0.0613850493677012,
    -0.06102455357274599,
    -0.06068852917587046,
    -0.060377618837437655,
    -0.060092451012486725,
    -0.05983361453693963,
    -0.05960163447838062,
    -0.05939694950037656,
    -0.059219890993252186,
    -0.05907066422920951,
    -0.05894933180553129,
    -0.058855799645475514,
    -0.058789805832663994,
    -0.0587509125596923,
    -0.05873850147573624,
    -0.05875177271902954,
    -0.05878974791847978,
    -0.05885127744206068,
    -0.05893505215783483,
    -0.059039619954016034,
    -0.05916340723672892,
    -0.05930474558556553,
    -0.0594619036967975,
    -0.05963312467902962,
    -0.059816668685996485,
    -0.06001086077234651,
    -0.06021414374057905,
    -0.0604251356079474,
    -0.06064269116049442,
    -0.060865966876629686,
    -0.06109448829328347,
    -0.06132821865554734,
    -0.061567627435514916,
    -0.061813757029522076,
    -0.06206828564900882,
    -0.062333584111845454,
    -0.06261276392305187,
    -0.06290971371363886,
    -0.06322912079161244,
    -0.0635764742573678,
    -0.06395804586218655,
    -0.06438084455098242,
    -0.06485254044839121,
    -0.06538135393711053
  ],
  "s11_phase": null
}