{
  "frequency": [
    2082500000.0,
    2089850000.0,
    2097200000.0,
    2104550000.0,
    2111900000.0,
    2119250000.0,
    2126600000.0,
    2133950000.0,
    2141300000.0,
    2148650000.0,
    2156000000.0,
    2163350000.0,
    2170700000.0,
    2178050000.0,
    2185400000.0,
    2192750000.0,
    2200100000.0,
    2207450000.0,
    2214800000.0,
    2222150000.0,
    2229500000.0,
    2236850000.0,
    2244200000.0,
    2251550000.0,
    2258900000.0,
    2266250000.0,
    2273600000.0,
    2280950000.0,
    2288300000.0,
    2295650000.0,
    2303000000.0,
    2310350000.0,
    2317700000.0,
    2325050000.0,
    2332400000.0,
    2339750000.0,
    2347100000.0,
    2354450000.0,
    2361800000.0,
    2369150000.0,
    2376500000.0,
    2383850000.0,
    2391200000.0,
    2398550000.0,
    2405900000.0,
    2413250000.0,
    2420600000.0,
    2427950000.0,
    2435300000.0,
    2442650000.0,
    2450000000.0,
    2457350000.0,
    2464700000.0,
    2472050000.0,
    2479400000.0,
    2486750000.0,
    2494100000.0,
    2501450000.0,
    2508800000.0,
    2516150000.0,
    2523500000.0,
    2530850000.0,
    2538200000.0,
    2545550000.0,
    2552900000.0,
    2560250000.0,
    2567600000.0,
    2574950000.0,
    2582300000.0,
    2589650000.0,
    2597000000.0,
    2604350000.0,
    2611700000.0,
    2619050000.0,
    2626400000.0,
    2633750000.0,
    2641100000.0,
    2648450000.0,
    2655800000.0,
    2663150000.0,
    2670500000.0,
    2677850000.0,
    2685200000.0,
    2692550000.0,
    2699900000.0,
    2707250000.0,
    2714600000.0,
    2721950000.0,
    2729300000.0,
    2736650000.0,
    2744000000.0,
    2751350000.0,
    2758700000.0,
    2766050000.0,
    2773400000.0,
    2780750000.0,
    2788100000.0,
    2795450000.0,
    2802800000.0,
    2810150000.0,
    2817500000.0
  ],
  "s11_magnitude": [
    -0.22234943962630682,
    -0.21215543539220472,
    -0.20248962742954074,
    -0.1933289353527548,
    -0.18466517733146764,
    -0.17649817219140573,
    -0.16883047941557322,
    -0.1616635880261855,
    -0.15499535435699485,
    -0.14881848675046042,
    -0.14311988081744578,
    -0.13788062043190386,
    -0.13307647544351486,
    -0.12867874566070606,
    -0.12465532068407724,
    -0.1209718456026773,
    -0.11759290259255262,
    -0.11448313748352365,
    -0.1116082779723458,
    -0.1089360060907893,
    -0.10643666162917226,
    -0.1040837653966996,
    -0.10185436146396055,
    -0.09972918591788617,
    -0.09769267624566037,
    -0.09573284035773805,
    -0.09384100759403462,
    -0.09201148598226154,
    -0.09024115069843373,
    -0.08852898829228975,
    -0.08687561996361144,
    -0.0852828251894129,
    -0.08375308447945445,
    -0.08228915714419546,
    -0.08089370684513789,
    -0.07956898449880875,
    -0.07831657493888497,
    -0.07713721070569442,
    -0.0760306535086972,
    -0.07499564135745236,
    -0.07402989712720422,
    -0.07313019244633442,
    -0.07229245928366003,
    -0.07151194048023946,
    -0.07078336971030318,
    -0.07010117095892021,
    -0.06945966755171656,
    -0.06885329104248378,
    -0.06827678082858438,
    -0.06772536619106462,
    -0.06719492350927567,
    -0.06668210264134031,
    -0.06618441784988528,
    -0.06570030014502844,
    -0.0652291094689429,
    -0.0647711067143235,
    -0.0643273871084342,
    -0.06389977796195966,
    -0.06349070513668911,
    -0.06310303379041196,
    -0.06273988997593705,
    -0.062404470474761595,
    -0.062099848808234055,
    -0.06182878567151508,
    -0.061593552062270046,
    -0.0613957731208924,
    -0.06123630015787713,
    -0.061115117523136454,
    -0.06103128988155791,
    -0.06098295411711128,
    -0.060967358519215184,
    -0.060980950142744864,
    -0.061019509315848555,
    -0.061078328246911846,
    -0.06115242860828287,
    -0.0612368109146933,
    -0.061326726539496744,
    -0.06141796140041464,
    -0.06150711878273191,
    -0.061591887538684324,
    -0.06167128109598341,
    -0.06174583241326473,
    -0.06181773031532827,
    -0.06189088359863301,
    -0.06197090097329906,
    -0.062064977338558015,
    -0.062181680088547645,
    -0.06233063309707064,
    -0.06252210068697728,
    -0.0627664791660326,
    -0.063073709282865,
    -0.06345262905748347,
    -0.06391029266023798,
    -0.06445128709768788,
    -0.06507708411077306,
    -0.06578546955888051,
    -0.0665700962628883,
    -0.0674202083902736,
    -0.06832058553222256,
    -0.06925175217700198,
    -0.07019049286108177
  ],
  "s11_phase": null
}