{
  "frequency": [
    1900000000.0,
    1910000000.0,
    1920000000.0,
    1930000000.0,
    1940000000.0,
    1950000000.0,
    1960000000.0,
    1970000000.0,
    1980000000.0,
    1990000000.0,
    2000000000.0,
    2010000000.0,
    2020000000.0,
    2030000000.0,
    2040000000.0,
    2050000000.0,
    2060000000.0,
    2070000000.0,
    2080000000.0,
    2090000000.0,
    2100000000.0,
    2110000000.0,
    2120000000.0,
    2130000000.0,
    2140000000.0,
    2150000000.0,
    2160000000.0,
    2170000000.0,
    2180000000.0,
    2190000000.0,
    2200000000.0,
    2210000000.0,
    2220000000.0,
    2230000000.0,
    2240000000.0,
    2250000000.0,
    2260000000.0,
    2270000000.0,
    2280000000.0,
    2290000000.0,
    2300000000.0,
    2310000000.0,
    2320000000.0,
    2330000000.0,
    2340000000.0,
    2350000000.0,
    2360000000.0,
    2370000000.0,
    2380000000.0,
    2390000000.0,
    2400000000.0,
    2410000000.0,
    2420000000.0,
    2430000000.0,
    2440000000.0,
    2450000000.0,
    2460000000.0,
    2470000000.0,
    2480000000.0,
    2490000000.0,
    2500000000.0,
    2510000000.0,
    2520000000.0,
    2530000000.0,
    2540000000.0,
    2550000000.0,
    2560000000.0,
    2570000000.0,
    2580000000.0,
    2590000000.0,
    2600000000.0,
    2610000000.0,
    2620000000.0,
    2630000000.0,
    2640000000.0,
    2650000000.0,
    2660000000.0,
    2670000000.0,
    2680000000.0,
    2690000000.0,
    2700000000.0,
    2710000000.0,
    2720000000.0,
    2730000000.0,
    2740000000.0,
    2750000000.0,
    2760000000.0,
    2770000000.0,
    2780000000.0,
    2790000000.0,
    2800000000.0,
    2810000000.0,
    2820000000.0,
    2830000000.0,
    2840000000.0,
    2850000000.0,
    2860000000.0,
    2870000000.0,
    2880000000.0,
    2890000000.0,
    2900000000.0
  ],
  "s11_magnitude": [
    -12.531519159282798,
    -17.884761315794343,
    -24.567898199894096,
    -17.09447901795744,
    -11.976168417872685,
    -8.825795779200456,
    -6.667900867175261,
    -5.113153512156821,
    -3.9680105913010237,
    -3.1184461473706904,
    -2.4887390410641315,
    -2.024437810842754,
    -1.6844017526806128,
    -1.436646783687108,
    -1.2559569797230932,
    -1.1224152612153009,
    -1.0204658048122537,
    -0.9382941300718085,
    -0.8673756105193977,
    -0.8020765966716752,
    -0.7392272764141238,
    -0.6776296485756179,
    -0.6175099860766254,
    -0.5599596350374401,
    -0.506421546077212,
    -0.4582723871170163,
    -0.4165292700587952,
    -0.38168645396521994,
    -0.35366869178389626,
    -0.33187724847311195,
    -0.31530116679775466,
    -0.30266737564811547,
    -0.29260606219754937,
    -0.2838107918129678,
    -0.27517584540552337,
    -0.26589668081721807,
    -0.2555240054477823,
    -0.24396790345160008,
    -0.23145524795141692,
    -0.2184500495842172,
    -0.20555108099716693,
    -0.19338311373919767,
    -0.1824972218667994,
    -0.1732924201531264,
    -0.16596643006469342,
    -0.1604986397418345,
    -0.15666409065379264,
    -0.15407394014912107,
    -0.15223537329108663,
    -0.15062230571200946,
    -0.14874740578671208,
    -0.14622604573538148,
    -0.1428238981122628,
    -0.13848208462738057,
    -0.13331691130672418,
    -0.12759487738532468,
    -0.12168721435226305,
    -0.1160110517016344,
    -0.11096593471634693,
    -0.10687465011031352,
    -0.10393627093328238,
    -0.1021973498466422,
    -0.10154467293224978,
    -0.10172027998604294,
    -0.10235679852192828,
    -0.10302868418276094,
    -0.10331286153334729,
    -0.10285073036577297,
    -0.10140283023818639,
    -0.09888792822059206,
    -0.09540006964381557,
    -0.09120010495918138,
    -0.08668195754491197,
    -0.08231776454447148,
    -0.0785892852348631,
    -0.07591506888005163,
    -0.07458355418586592,
    -0.07470160259880484,
    -0.07616621862652667,
    -0.07866468570586259,
    -0.08170525234292703,
    -0.08467693117052817,
    -0.08693300612569092,
    -0.08788873769023109,
    -0.08712009715835252,
    -0.0844480554279154,
    -0.07999299277950513,
    -0.07418683348125507,
    -0.06773642365951195,
    -0.061539418062374486,
    -0.056561832617908404,
    -0.05369275785495796,
    -0.05359546942044771,
    -0.05657524174043103,
    -0.06248325506397464,
    -0.07067390854478056,
    -0.08002986366925022,
    -0.08906449856261575,
    -0.09610359415989339,
    -0.09953556853616499,
    -0.09810268433746182
  ],
  "s11_phase": null
}