{
  "frequency": [
    2082500000.0,
    2089850000.0,
    2097200000.0,
    2104550000.0,
    2111900000.0,
    2119250000.0,
    2126600000.0,
    2133950000.0,
    2141300000.0,
    2148650000.0,
    2156000000.0,
    2163350000.0,
    2170700000.0,
    2178050000.0,
    2185400000.0,
    2192750000.0,
    2200100000.0,
    2207450000.0,
    2214800000.0,
    2222150000.0,
    2229500000.0,
    2236850000.0,
    2244200000.0,
    2251550000.0,
    2258900000.0,
    2266250000.0,
    2273600000.0,
    2280950000.0,
    2288300000.0,
    2295650000.0,
    2303000000.0,
    2310350000.0,
    2317700000.0,
    2325050000.0,
    2332400000.0,
    2339750000.0,
    2347100000.0,
    2354450000.0,
    2361800000.0,
    2369150000.0,
    2376500000.0,
    2383850000.0,
    2391200000.0,
    2398550000.0,
    2405900000.0,
    2413250000.0,
    2420600000.0,
    2427950000.0,
    2435300000.0,
    2442650000.0,
    2450000000.0,
    2457350000.0,
    2464700000.0,
    2472050000.0,
    2479400000.0,
    2486750000.0,
    2494100000.0,
    2501450000.0,
    2508800000.0,
    2516150000.0,
    2523500000.0,
    2530850000.0,
    2538200000.0,
    2545550000.0,
    2552900000.0,
    2560250000.0,
    2567600000.0,
    2574950000.0,
    2582300000.0,
    2589650000.0,
    2597000000.0,
    2604350000.0,
    2611700000.0,
    2619050000.0,
    2626400000.0,
    2633750000.0,
    2641100000.0,
    2648450000.0,
    2655800000.0,
    2663150000.0,
    2670500000.0,
    2677850000.0,
    2685200000.0,
    2692550000.0,
    2699900000.0,
    2707250000.0,
    2714600000.0,
    2721950000.0,
    2729300000.0,
    2736650000.0,
    2744000000.0,
    2751350000.0,
    2758700000.0,
    2766050000.0,
    2773400000.0,
    2780750000.0,
    2788100000.0,
    2795450000.0,
    2802800000.0,
    2810150000.0,
    2817500000.0
  ],
  "s11_magnitude": [
    -0.21049006932989467,
    -0.2005889860240137,
    -0.19171681568764867,
    -0.18371533504646714,
    -0.17645130193600536,
    -0.16981298117406327,
    -0.1637070896119272,
    -0.15805611380193296,
    -0.15279595943552324,
    -0.1478738964719824,
    -0.1432467678772219,
    -0.13887943328076544,
    -0.13474342176349016,
    -0.13081577051361748,
    -0.12707802831343915,
    -0.12351540480666758,
    -0.12011604829320316,
    -0.11687043643847232,
    -0.1137708657926017,
    -0.11081102740795187,
    -0.10798565713395664,
    -0.10529025036283753,
    -0.10272083210580671,
    -0.10027377429919355,
    -0.09794565317811824,
    -0.09573314041426498,
    -0.09363292249682209,
    -0.09164164354584914,
    -0.08975586738721968,
    -0.08797205529299841,
    -0.08628655630380391,
    -0.08469560750458982,
    -0.08319534202710423,
    -0.08178180290476425,
    -0.08045096121360878,
    -0.07919873720014808,
    -0.0780210233275815,
    -0.07691370836978279,
    -0.07587270185127697,
    -0.07489395827416052,
    -0.07397350069356243,
    -0.0731074433032401,
    -0.07229201277632312,
    -0.07152356817409883,
    -0.07079861929090314,
    -0.07011384334740507,
    -0.0694660999788742,
    -0.06885244449187392,
    -0.06827013938228299,
    -0.06771666412183597,
    -0.06718972322952572,
    -0.06668725264965732,
    -0.06620742446053512,
    -0.06574864993729637,
    -0.06530958099006173,
    -0.0648891099943764,
    -0.06448636802598519,
    -0.06410072150588714,
    -0.06373176725519261,
    -0.06337932595314402,
    -0.06304343398500058,
    -0.06272433366112917,
    -0.062422461783356226,
    -0.06213843653124866,
    -0.0618730426382215,
    -0.06162721482751991,
    -0.061402019479265,
    -0.06119863450478353,
    -0.06101832741175962,
    -0.06086243155526942,
    -0.06073232058515801,
    -0.06062938112081287,
    -0.06055498371046486,
    -0.06051045216409489,
    -0.06049703138858914,
    -0.06051585390059219,
    -0.06056790524803722,
    -0.060653988636089264,
    -0.0607746891279986,
    -0.06093033787657061,
    -0.06112097693825262,
    -0.06134632532954625,
    -0.061605747104265494,
    -0.061898222359961126,
    -0.062222322222318806,
    -0.06257618900456477,
    -0.06295752289565157,
    -0.06336357669001186,
    -0.06379116023271406,
    -0.06423665640918974,
    -0.06469605065433764,
    -0.06516497608341236,
    -0.06563877644714125,
    -0.06611258917749918,
    -0.06658145080280442,
    -0.06704042696048583,
    -0.0674847691030944,
    -0.06791009976237908,
    -0.06831262788523675,
    -0.06868939526113242,
    -0.06903855439685845
  ],
  "s11_phase": null
}