{
  "geometry": {
    "length": 0.0324765864667781,
    "width": 0.034871758319173767,
    "height": 0.0030236360953994155,
    "feed_x": 0.003512072209209605,
    "feed_y": 0.0031857671586925126
  },
  "substrate": {
    "relative_permittivity": 4.4,
    "loss_tangent": 0.02,
    "substrate_type": "FR4",
    "thickness": 0.0030236360953994155
  },
  "feed_type": "INSET",
  "frequency_band": "2.4GHz",
  "frequency_range": [
    2000000000.0,
    3000000000.0
  ]
}