{
  "geometry": {
    "length": 0.031217783028516233,
    "width": 0.0318120992196026,
    "height": 0.003170444291652134,
    "feed_x": 0.010069258924019626,
    "feed_y": 0.012724839687841043
  },
  "substrate": {
    "relative_permittivity": 4.4,
    "loss_tangent": 0.02,
    "substrate_type": "FR4",
    "thickness": 0.003170444291652134
  },
  "feed_type": "INSET",
  "frequency_band": "2.4GHz",
  "frequency_range": [
    2000000000.0,
    3000000000.0
  ]
}