{
  "geometry": {
    "length": 0.025983297967446486,
    "width": 0.03763855645471441,
    "height": 0.0027654605396438686,
    "feed_x": 0.010393319186978596,
    "feed_y": 0.004638208205241748
  },
  "substrate": {
    "relative_permittivity": 4.4,
    "loss_tangent": 0.02,
    "substrate_type": "FR4",
    "thickness": 0.0027654605396438686
  },
  "feed_type": "INSET",
  "frequency_band": "2.4GHz",
  "frequency_range": [
    2000000000.0,
    3000000000.0
  ]
}