{
  "geometry": {
    "length": 0.027830672203803433,
    "width": 0.03788412762030704,
    "height": 0.0025848097700969658,
    "feed_x": 0.011132268881521374,
    "feed_y": 0.014366268585473775
  },
  "substrate": {
    "relative_permittivity": 4.4,
    "loss_tangent": 0.02,
    "substrate_type": "FR4",
    "thickness": 0.0025848097700969658
  },
  "feed_type": "INSET",
  "frequency_band": "2.4GHz",
  "frequency_range": [
    2000000000.0,
    3000000000.0
  ]
}