{
  "geometry": {
    "length": 0.0294242033528069,
    "width": 0.04313059850903509,
    "height": 0.0031871521050813516,
    "feed_x": 0.01176968134112276,
    "feed_y": 0.008350722303770203
  },
  "substrate": {
    "relative_permittivity": 4.4,
    "loss_tangent": 0.02,
    "substrate_type": "FR4",
    "thickness": 0.0031871521050813516
  },
  "feed_type": "INSET",
  "frequency_band": "2.4GHz",
  "frequency_range": [
    2000000000.0,
    3000000000.0
  ]
}