{
  "geometry": {
    "length": 0.026656521293382793,
    "width": 0.04291071736512464,
    "height": 0.0026205126029100567,
    "feed_x": 0.010662608517353117,
    "feed_y": 0.01114115427699792
  },
  "substrate": {
    "relative_permittivity": 4.4,
    "loss_tangent": 0.02,
    "substrate_type": "FR4",
    "thickness": 0.0026205126029100567
  },
  "feed_type": "INSET",
  "frequency_band": "2.4GHz",
  "frequency_range": [
    2000000000.0,
    3000000000.0
  ]
}