{
  "geometry": {
    "length": 0.031926424017897775,
    "width": 0.03011281622388285,
    "height": 0.0010772146166164295,
    "feed_x": 0.01277056960715911,
    "feed_y": 0.001
  },
  "substrate": {
    "relative_permittivity": 4.4,
    "loss_tangent": 0.02,
    "substrate_type": "FR4",
    "thickness": 0.0010772146166164295
  },
  "feed_type": "INSET",
  "frequency_band": "2.4GHz",
  "frequency_range": [
    2000000000.0,
    3000000000.0
  ]
}