{
  "geometry": {
    "length": 0.03403767919539331,
    "width": 0.032900699526859326,
    "height": 0.000836511711891146,
    "feed_x": 0.006653391052907592,
    "feed_y": 0.0129324377998002
  },
  "substrate": {
    "relative_permittivity": 4.4,
    "loss_tangent": 0.02,
    "substrate_type": "FR4",
    "thickness": 0.000836511711891146
  },
  "feed_type": "INSET",
  "frequency_band": "2.4GHz",
  "frequency_range": [
    2000000000.0,
    3000000000.0
  ]
}