{
  "geometry": {
    "length": 0.026941768923771932,
    "width": 0.03140402240064789,
    "height": 0.002957623067702335,
    "feed_x": 0.001,
    "feed_y": 0.012561608960259155
  },
  "substrate": {
    "relative_permittivity": 4.4,
    "loss_tangent": 0.02,
    "substrate_type": "FR4",
    "thickness": 0.002957623067702335
  },
  "feed_type": "INSET",
  "frequency_band": "2.4GHz",
  "frequency_range": [
    2000000000.0,
    3000000000.0
  ]
}