{
  "geometry": {
    "length": 0.03136638463921361,
    "width": 0.0432178026098127,
    "height": 0.002690435842117212,
    "feed_x": 0.011326413827701975,
    "feed_y": 0.01728712104392508
  },
  "substrate": {
    "relative_permittivity": 4.4,
    "loss_tangent": 0.02,
    "substrate_type": "FR4",
    "thickness": 0.002690435842117212
  },
  "feed_type": "INSET",
  "frequency_band": "2.4GHz",
  "frequency_range": [
    2000000000.0,
    3000000000.0
  ]
}