{
  "geometry": {
    "length": 0.03010000578090776,
    "width": 0.033382253108960466,
    "height": 0.001128571522191294,
    "feed_x": 0.012040002312363105,
    "feed_y": 0.003288541434056358
  },
  "substrate": {
    "relative_permittivity": 4.4,
    "loss_tangent": 0.02,
    "substrate_type": "FR4",
    "thickness": 0.001128571522191294
  },
  "feed_type": "INSET",
  "frequency_band": "2.4GHz",
  "frequency_range": [
    2000000000.0,
    3000000000.0
  ]
}