{
  "geometry": {
    "length": 0.02571583737574297,
    "width": 0.030524261188201084,
    "height": 0.0019223033260676974,
    "feed_x": 0.01028633495029719,
    "feed_y": 0.003096660780742543
  },
  "substrate": {
    "relative_permittivity": 4.4,
    "loss_tangent": 0.02,
    "substrate_type": "FR4",
    "thickness": 0.0019223033260676974
  },
  "feed_type": "INSET",
  "frequency_band": "2.4GHz",
  "frequency_range": [
    2000000000.0,
    3000000000.0
  ]
}