{
  "geometry": {
    "length": 0.03101959600771158,
    "width": 0.03901941304494556,
    "height": 0.0027984757643199276,
    "feed_x": 0.001,
    "feed_y": 0.015607765217978223
  },
  "substrate": {
    "relative_permittivity": 4.4,
    "loss_tangent": 0.02,
    "substrate_type": "FR4",
    "thickness": 0.0027984757643199276
  },
  "feed_type": "INSET",
  "frequency_band": "2.4GHz",
  "frequency_range": [
    2000000000.0,
    3000000000.0
  ]
}