{
  "geometry": {
    "length": 0.029152171794343516,
    "width": 0.03580586393623787,
    "height": 0.002021546554830489,
    "feed_x": 0.011098211792597922,
    "feed_y": 0.008024741405314487
  },
  "substrate": {
    "relative_permittivity": 4.4,
    "loss_tangent": 0.02,
    "substrate_type": "FR4",
    "thickness": 0.002021546554830489
  },
  "feed_type": "INSET",
  "frequency_band": "2.4GHz",
  "frequency_range": [
    2000000000.0,
    3000000000.0
  ]
}