{
  "geometry": {
    "length": 0.02781061488541039,
    "width": 0.0386740743755138,
    "height": 0.0014469410654036467,
    "feed_x": 0.007649633921882923,
    "feed_y": 0.003702511672241646
  },
  "substrate": {
    "relative_permittivity": 4.4,
    "loss_tangent": 0.02,
    "substrate_type": "FR4",
    "thickness": 0.0014469410654036467
  },
  "feed_type": "INSET",
  "frequency_band": "2.4GHz",
  "frequency_range": [
    2000000000.0,
    3000000000.0
  ]
}