{
  "geometry": {
    "length": 0.028303785415934982,
    "width": 0.044858133972200245,
    "height": 0.0024199513732923103,
    "feed_x": 0.005940263358334992,
    "feed_y": 0.0179432535888801
  },
  "substrate": {
    "relative_permittivity": 4.4,
    "loss_tangent": 0.02,
    "substrate_type": "FR4",
    "thickness": 0.0024199513732923103
  },
  "feed_type": "INSET",
  "frequency_band": "2.4GHz",
  "frequency_range": [
    2000000000.0,
    3000000000.0
  ]
}