{
  "geometry": {
    "length": 0.028869496202617115,
    "width": 0.0327878548889801,
    "height": 0.0026523367395451056,
    "feed_x": 0.008915284629216575,
    "feed_y": 0.013115141955592042
  },
  "substrate": {
    "relative_permittivity": 4.4,
    "loss_tangent": 0.02,
    "substrate_type": "FR4",
    "thickness": 0.0026523367395451056
  },
  "feed_type": "INSET",
  "frequency_band": "2.4GHz",
  "frequency_range": [
    2000000000.0,
    3000000000.0
  ]
}