{
  "geometry": {
    "length": 0.02733979631526316,
    "width": 0.042622454312927584,
    "height": 0.0009059456700795821,
    "feed_x": 0.001999779325673673,
    "feed_y": 0.010979635685538855
  },
  "substrate": {
    "relative_permittivity": 4.4,
    "loss_tangent": 0.02,
    "substrate_type": "FR4",
    "thickness": 0.0009059456700795821
  },
  "feed_type": "INSET",
  "frequency_band": "2.4GHz",
  "frequency_range": [
    2000000000.0,
    3000000000.0
  ]
}