{
  "geometry": {
    "length": 0.027237469652500707,
    "width": 0.04072836313370344,
    "height": 0.0008941475615762501,
    "feed_x": 0.006681646586973216,
    "feed_y": 0.016291345253481377
  },
  "substrate": {
    "relative_permittivity": 4.4,
    "loss_tangent": 0.02,
    "substrate_type": "FR4",
    "thickness": 0.0008941475615762501
  },
  "feed_type": "INSET",
  "frequency_band": "2.4GHz",
  "frequency_range": [
    2000000000.0,
    3000000000.0
  ]
}