{
  "geometry": {
    "length": 0.03396767147715057,
    "width": 0.03886061911004528,
    "height": 0.0014396235258982363,
    "feed_x": 0.005832479405581734,
    "feed_y": 0.01499061419954631
  },
  "substrate": {
    "relative_permittivity": 4.4,
    "loss_tangent": 0.02,
    "substrate_type": "FR4",
    "thickness": 0.0014396235258982363
  },
  "feed_type": "INSET",
  "frequency_band": "2.4GHz",
  "frequency_range": [
    2000000000.0,
    3000000000.0
  ]
}