{
  "geometry": {
    "length": 0.03485494497180643,
    "width": 0.03609544994580125,
    "height": 0.001871820024745681,
    "feed_x": 0.002269942683639555,
    "feed_y": 0.0021416594544373616
  },
  "substrate": {
    "relative_permittivity": 4.4,
    "loss_tangent": 0.02,
    "substrate_type": "FR4",
    "thickness": 0.001871820024745681
  },
  "feed_type": "INSET",
  "frequency_band": "2.4GHz",
  "frequency_range": [
    2000000000.0,
    3000000000.0
  ]
}