{
  "geometry": {
    "length": 0.03286677784326177,
    "width": 0.03833183177396938,
    "height": 0.0009140244217853782,
    "feed_x": 0.0041636915565326305,
    "feed_y": 0.012183118955682836
  },
  "substrate": {
    "relative_permittivity": 4.4,
    "loss_tangent": 0.02,
    "substrate_type": "FR4",
    "thickness": 0.0009140244217853782
  },
  "feed_type": "INSET",
  "frequency_band": "2.4GHz",
  "frequency_range": [
    2000000000.0,
    3000000000.0
  ]
}