{
  "geometry": {
    "length": 0.030452100940182646,
    "width": 0.034364033138513175,
    "height": 0.0013321906613889864,
    "feed_x": 0.006909123351184456,
    "feed_y": 0.01374561325540527
  },
  "substrate": {
    "relative_permittivity": 4.4,
    "loss_tangent": 0.02,
    "substrate_type": "FR4",
    "thickness": 0.0013321906613889864
  },
  "feed_type": "INSET",
  "frequency_band": "2.4GHz",
  "frequency_range": [
    2000000000.0,
    3000000000.0
  ]
}