{
  "geometry": {
    "length": 0.026966753563328897,
    "width": 0.03297717428678721,
    "height": 0.0011541652377028613,
    "feed_x": 0.010104467263343056,
    "feed_y": 0.012879266414921224
  },
  "substrate": {
    "relative_permittivity": 4.4,
    "loss_tangent": 0.02,
    "substrate_type": "FR4",
    "thickness": 0.0011541652377028613
  },
  "feed_type": "INSET",
  "frequency_band": "2.4GHz",
  "frequency_range": [
    2000000000.0,
    3000000000.0
  ]
}