{
  "geometry": {
    "length": 0.026392528891273127,
    "width": 0.044743038722799354,
    "height": 0.0023412633338615505,
    "feed_x": 0.006757319984276336,
    "feed_y": 0.004952908253603142
  },
  "substrate": {
    "relative_permittivity": 4.4,
    "loss_tangent": 0.02,
    "substrate_type": "FR4",
    "thickness": 0.0023412633338615505
  },
  "feed_type": "INSET",
  "frequency_band": "2.4GHz",
  "frequency_range": [
    2000000000.0,
    3000000000.0
  ]
}