{
  "geometry": {
    "length": 0.03115385263255812,
    "width": 0.03971374119585212,
    "height": 0.0015642275792563495,
    "feed_x": 0.012461541053023249,
    "feed_y": 0.001
  },
  "substrate": {
    "relative_permittivity": 4.4,
    "loss_tangent": 0.02,
    "substrate_type": "FR4",
    "thickness": 0.0015642275792563495
  },
  "feed_type": "INSET",
  "frequency_band": "2.4GHz",
  "frequency_range": [
    2000000000.0,
    3000000000.0
  ]
}