{
  "geometry": {
    "length": 0.032631705713851177,
    "width": 0.03364804774367512,
    "height": 0.0017714416622192806,
    "feed_x": 0.013052682285540471,
    "feed_y": 0.003758385722657445
  },
  "substrate": {
    "relative_permittivity": 4.4,
    "loss_tangent": 0.02,
    "substrate_type": "FR4",
    "thickness": 0.0017714416622192806
  },
  "feed_type": "INSET",
  "frequency_band": "2.4GHz",
  "frequency_range": [
    2000000000.0,
    3000000000.0
  ]
}