{
  "geometry": {
    "length": 0.03462456690823765,
    "width": 0.030007510796145387,
    "height": 0.0014344550228829818,
    "feed_x": 0.0019571536138354505,
    "feed_y": 0.012003004318458155
  },
  "substrate": {
    "relative_permittivity": 4.4,
    "loss_tangent": 0.02,
    "substrate_type": "FR4",
    "thickness": 0.0014344550228829818
  },
  "feed_type": "INSET",
  "frequency_band": "2.4GHz",
  "frequency_range": [
    2000000000.0,
    3000000000.0
  ]
}