{
  "geometry": {
    "length": 0.027843617129760877,
    "width": 0.033412275904176406,
    "height": 0.0011555575112307391,
    "feed_x": 0.003042870769895016,
    "feed_y": 0.012332141478071419
  },
  "substrate": {
    "relative_permittivity": 4.4,
    "loss_tangent": 0.02,
    "substrate_type": "FR4",
    "thickness": 0.0011555575112307391
  },
  "feed_type": "INSET",
  "frequency_band": "2.4GHz",
  "frequency_range": [
    2000000000.0,
    3000000000.0
  ]
}