{
  "geometry": {
    "length": 0.03285002324552631,
    "width": 0.03151695814315148,
    "height": 0.003125881165991681,
    "feed_x": 0.013140009298210523,
    "feed_y": 0.004436983899795721
  },
  "substrate": {
    "relative_permittivity": 4.4,
    "loss_tangent": 0.02,
    "substrate_type": "FR4",
    "thickness": 0.003125881165991681
  },
  "feed_type": "INSET",
  "frequency_band": "2.4GHz",
  "frequency_range": [
    2000000000.0,
    3000000000.0
  ]
}