{
  "geometry": {
    "length": 0.025046482976091498,
    "width": 0.044029480937893356,
    "height": 0.001633302442864159,
    "feed_x": 0.009322423525230016,
    "feed_y": 0.017611792375157344
  },
  "substrate": {
    "relative_permittivity": 4.4,
    "loss_tangent": 0.02,
    "substrate_type": "FR4",
    "thickness": 0.001633302442864159
  },
  "feed_type": "INSET",
  "frequency_band": "2.4GHz",
  "frequency_range": [
    2000000000.0,
    3000000000.0
  ]
}