{
  "geometry": {
    "length": 0.03041955824897056,
    "width": 0.04224898102553721,
    "height": 0.0015264225519945498,
    "feed_x": 0.008685564970702725,
    "feed_y": 0.016899592410214884
  },
  "substrate": {
    "relative_permittivity": 4.4,
    "loss_tangent": 0.02,
    "substrate_type": "FR4",
    "thickness": 0.0015264225519945498
  },
  "feed_type": "INSET",
  "frequency_band": "2.4GHz",
  "frequency_range": [
    2000000000.0,
    3000000000.0
  ]
}