{
  "geometry": {
    "length": 0.029214634319864232,
    "width": 0.03689348155372953,
    "height": 0.002424483788401059,
    "feed_x": 0.001,
    "feed_y": 0.011271839451778188
  },
  "substrate": {
    "relative_permittivity": 4.4,
    "loss_tangent": 0.02,
    "substrate_type": "FR4",
    "thickness": 0.002424483788401059
  },
  "feed_type": "INSET",
  "frequency_band": "2.4GHz",
  "frequency_range": [
    2000000000.0,
    3000000000.0
  ]
}