{
  "geometry": {
    "length": 0.028417468153938738,
    "width": 0.03841454918131858,
    "height": 0.0013157145120542236,
    "feed_x": 0.005073699544342138,
    "feed_y": 0.015365819672527432
  },
  "substrate": {
    "relative_permittivity": 4.4,
    "loss_tangent": 0.02,
    "substrate_type": "FR4",
    "thickness": 0.0013157145120542236
  },
  "feed_type": "INSET",
  "frequency_band": "2.4GHz",
  "frequency_range": [
    2000000000.0,
    3000000000.0
  ]
}