{
  "geometry": {
    "length": 0.030973733607823028,
    "width": 0.04406510642456754,
    "height": 0.0020728602528176858,
    "feed_x": 0.0035555947709274413,
    "feed_y": 0.009082707600700915
  },
  "substrate": {
    "relative_permittivity": 4.4,
    "loss_tangent": 0.02,
    "substrate_type": "FR4",
    "thickness": 0.0020728602528176858
  },
  "feed_type": "INSET",
  "frequency_band": "2.4GHz",
  "frequency_range": [
    2000000000.0,
    3000000000.0
  ]
}