{
  "geometry": {
    "length": 0.033110337031127396,
    "width": 0.03508865558667445,
    "height": 0.0018380072490548956,
    "feed_x": 0.010603929407363485,
    "feed_y": 0.006683924331228515
  },
  "substrate": {
    "relative_permittivity": 4.4,
    "loss_tangent": 0.02,
    "substrate_type": "FR4",
    "thickness": 0.0018380072490548956
  },
  "feed_type": "INSET",
  "frequency_band": "2.4GHz",
  "frequency_range": [
    2000000000.0,
    3000000000.0
  ]
}