{
  "geometry": {
    "length": 0.03174000234663086,
    "width": 0.039293169718178346,
    "height": 0.0029507059238020436,
    "feed_x": 0.009561955399749762,
    "feed_y": 0.009353299800169412
  },
  "substrate": {
    "relative_permittivity": 4.4,
    "loss_tangent": 0.02,
    "substrate_type": "FR4",
    "thickness": 0.0029507059238020436
  },
  "feed_type": "INSET",
  "frequency_band": "2.4GHz",
  "frequency_range": [
    2000000000.0,
    3000000000.0
  ]
}