{
  "geometry": {
    "length": 0.03007222656872471,
    "width": 0.03765765450387275,
    "height": 0.0027344347035932123,
    "feed_x": 0.012028890627489885,
    "feed_y": 0.0150630618015491
  },
  "substrate": {
    "relative_permittivity": 4.4,
    "loss_tangent": 0.02,
    "substrate_type": "FR4",
    "thickness": 0.0027344347035932123
  },
  "feed_type": "INSET",
  "frequency_band": "2.4GHz",
  "frequency_range": [
    2000000000.0,
    3000000000.0
  ]
}