{
  "geometry": {
    "length": 0.02929606369543168,
    "width": 0.04175523013354572,
    "height": 0.0031123891370311465,
    "feed_x": 0.0044694806451402854,
    "feed_y": 0.01092210069651303
  },
  "substrate": {
    "relative_permittivity": 4.4,
    "loss_tangent": 0.02,
    "substrate_type": "FR4",
    "thickness": 0.0031123891370311465
  },
  "feed_type": "INSET",
  "frequency_band": "2.4GHz",
  "frequency_range": [
    2000000000.0,
    3000000000.0
  ]
}