{
  "geometry": {
    "length": 0.02513033180121918,
    "width": 0.043264445128487164,
    "height": 0.0016636122782565173,
    "feed_x": 0.003159056898871378,
    "feed_y": 0.004864680663792462
  },
  "substrate": {
    "relative_permittivity": 4.4,
    "loss_tangent": 0.02,
    "substrate_type": "FR4",
    "thickness": 0.0016636122782565173
  },
  "feed_type": "INSET",
  "frequency_band": "2.4GHz",
  "frequency_range": [
    2000000000.0,
    3000000000.0
  ]
}