{
  "geometry": {
    "length": 0.0264004615011005,
    "width": 0.030582825262002043,
    "height": 0.0030763474708307586,
    "feed_x": 0.0042610743532803174,
    "feed_y": 0.0036381885263320956
  },
  "substrate": {
    "relative_permittivity": 4.4,
    "loss_tangent": 0.02,
    "substrate_type": "FR4",
    "thickness": 0.0030763474708307586
  },
  "feed_type": "INSET",
  "frequency_band": "2.4GHz",
  "frequency_range": [
    2000000000.0,
    3000000000.0
  ]
}