{
  "geometry": {
    "length": 0.032889293492842295,
    "width": 0.037154542786363126,
    "height": 0.0016652835964739918,
    "feed_x": 0.013155717397136918,
    "feed_y": 0.010936829609744557
  },
  "substrate": {
    "relative_permittivity": 4.4,
    "loss_tangent": 0.02,
    "substrate_type": "FR4",
    "thickness": 0.0016652835964739918
  },
  "feed_type": "INSET",
  "frequency_band": "2.4GHz",
  "frequency_range": [
    2000000000.0,
    3000000000.0
  ]
}