{
  "geometry": {
    "length": 0.03305107512310313,
    "width": 0.03147375572071616,
    "height": 0.0013208196614804058,
    "feed_x": 0.00471752184369947,
    "feed_y": 0.012589502288286465
  },
  "substrate": {
    "relative_permittivity": 4.4,
    "loss_tangent": 0.02,
    "substrate_type": "FR4",
    "thickness": 0.0013208196614804058
  },
  "feed_type": "INSET",
  "frequency_band": "2.4GHz",
  "frequency_range": [
    2000000000.0,
    3000000000.0
  ]
}