{
  "geometry": {
    "length": 0.028021044954228032,
    "width": 0.033938484761276616,
    "height": 0.0009253594986365428,
    "feed_x": 0.001,
    "feed_y": 0.013575393904510647
  },
  "substrate": {
    "relative_permittivity": 4.4,
    "loss_tangent": 0.02,
    "substrate_type": "FR4",
    "thickness": 0.0009253594986365428
  },
  "feed_type": "INSET",
  "frequency_band": "2.4GHz",
  "frequency_range": [
    2000000000.0,
    3000000000.0
  ]
}