{
  "geometry": {
    "length": 0.03386171802147511,
    "width": 0.0337392247415524,
    "height": 0.0012281931768913497,
    "feed_x": 0.008866310540643437,
    "feed_y": 0.008372434611884349
  },
  "substrate": {
    "relative_permittivity": 4.4,
    "loss_tangent": 0.02,
    "substrate_type": "FR4",
    "thickness": 0.0012281931768913497
  },
  "feed_type": "INSET",
  "frequency_band": "2.4GHz",
  "frequency_range": [
    2000000000.0,
    3000000000.0
  ]
}