{
  "geometry": {
    "length": 0.03065736450337323,
    "width": 0.03510985967729433,
    "height": 0.002200042156161951,
    "feed_x": 0.012224659395690635,
    "feed_y": 0.014043943870917733
  },
  "substrate": {
    "relative_permittivity": 4.4,
    "loss_tangent": 0.02,
    "substrate_type": "FR4",
    "thickness": 0.002200042156161951
  },
  "feed_type": "INSET",
  "frequency_band": "2.4GHz",
  "frequency_range": [
    2000000000.0,
    3000000000.0
  ]
}