{
  "geometry": {
    "length": 0.030475745773701664,
    "width": 0.034935614604239815,
    "height": 0.0022281335138740217,
    "feed_x": 0.008110892436008212,
    "feed_y": 0.00829600425618248
  },
  "substrate": {
    "relative_permittivity": 4.4,
    "loss_tangent": 0.02,
    "substrate_type": "FR4",
    "thickness": 0.0022281335138740217
  },
  "feed_type": "INSET",
  "frequency_band": "2.4GHz",
  "frequency_range": [
    2000000000.0,
    3000000000.0
  ]
}