{
  "geometry": {
    "length": 0.028523174118777833,
    "width": 0.03871388894170892,
    "height": 0.002939727586778206,
    "feed_x": 0.007367407019558052,
    "feed_y": 0.001
  },
  "substrate": {
    "relative_permittivity": 4.4,
    "loss_tangent": 0.02,
    "substrate_type": "FR4",
    "thickness": 0.002939727586778206
  },
  "feed_type": "INSET",
  "frequency_band": "2.4GHz",
  "frequency_range": [
    2000000000.0,
    3000000000.0
  ]
}