{
  "geometry": {
    "length": 0.02967794949401477,
    "width": 0.035192906527669154,
    "height": 0.0015581460451335569,
    "feed_x": 0.0059116334499761765,
    "feed_y": 0.014077162611067662
  },
  "substrate": {
    "relative_permittivity": 4.4,
    "loss_tangent": 0.02,
    "substrate_type": "FR4",
    "thickness": 0.0015581460451335569
  },
  "feed_type": "INSET",
  "frequency_band": "2.4GHz",
  "frequency_range": [
    2000000000.0,
    3000000000.0
  ]
}