{
  "geometry": {
    "length": 0.03074438181069937,
    "width": 0.037549203261974674,
    "height": 0.002303578558035797,
    "feed_x": 0.0066729591396422275,
    "feed_y": 0.0054743114672364795
  },
  "substrate": {
    "relative_permittivity": 4.4,
    "loss_tangent": 0.02,
    "substrate_type": "FR4",
    "thickness": 0.002303578558035797
  },
  "feed_type": "INSET",
  "frequency_band": "2.4GHz",
  "frequency_range": [
    2000000000.0,
    3000000000.0
  ]
}