{
  "geometry": {
    "length": 0.02831491807085222,
    "width": 0.04055344998765992,
    "height": 0.0024488124442572094,
    "feed_x": 0.011325967228340889,
    "feed_y": 0.001
  },
  "substrate": {
    "relative_permittivity": 4.4,
    "loss_tangent": 0.02,
    "substrate_type": "FR4",
    "thickness": 0.0024488124442572094
  },
  "feed_type": "INSET",
  "frequency_band": "2.4GHz",
  "frequency_range": [
    2000000000.0,
    3000000000.0
  ]
}