{
  "geometry": {
    "length": 0.026775539682807704,
    "width": 0.03503385448385177,
    "height": 0.003053163336907336,
    "feed_x": 0.0036852296221351302,
    "feed_y": 0.0023919634213926417
  },
  "substrate": {
    "relative_permittivity": 4.4,
    "loss_tangent": 0.02,
    "substrate_type": "FR4",
    "thickness": 0.003053163336907336
  },
  "feed_type": "INSET",
  "frequency_band": "2.4GHz",
  "frequency_range": [
    2000000000.0,
    3000000000.0
  ]
}