{
  "geometry": {
    "length": 0.031668030404573805,
    "width": 0.03068607155438153,
    "height": 0.003152895314382963,
    "feed_x": 0.006058281788758348,
    "feed_y": 0.009660813309871933
  },
  "substrate": {
    "relative_permittivity": 4.4,
    "loss_tangent": 0.02,
    "substrate_type": "FR4",
    "thickness": 0.003152895314382963
  },
  "feed_type": "INSET",
  "frequency_band": "2.4GHz",
  "frequency_range": [
    2000000000.0,
    3000000000.0
  ]
}