{
  "geometry": {
    "length": 0.030638674536857254,
    "width": 0.035175688375813946,
    "height": 0.002373716324742935,
    "feed_x": 0.00834359731646123,
    "feed_y": 0.001
  },
  "substrate": {
    "relative_permittivity": 4.4,
    "loss_tangent": 0.02,
    "substrate_type": "FR4",
    "thickness": 0.002373716324742935
  },
  "feed_type": "INSET",
  "frequency_band": "2.4GHz",
  "frequency_range": [
    2000000000.0,
    3000000000.0
  ]
}