{
  "geometry": {
    "length": 0.026924385106055857,
    "width": 0.032208120383622876,
    "height": 0.0021829188221374985,
    "feed_x": 0.010769754042422343,
    "feed_y": 0.010459969448313166
  },
  "substrate": {
    "relative_permittivity": 4.4,
    "loss_tangent": 0.02,
    "substrate_type": "FR4",
    "thickness": 0.0021829188221374985
  },
  "feed_type": "INSET",
  "frequency_band": "2.4GHz",
  "frequency_range": [
    2000000000.0,
    3000000000.0
  ]
}