{
  "geometry": {
    "length": 0.030153512250961117,
    "width": 0.04134048139902775,
    "height": 0.002904661757479091,
    "feed_x": 0.006695242674902129,
    "feed_y": 0.0165361925596111
  },
  "substrate": {
    "relative_permittivity": 4.4,
    "loss_tangent": 0.02,
    "substrate_type": "FR4",
    "thickness": 0.002904661757479091
  },
  "feed_type": "INSET",
  "frequency_band": "2.4GHz",
  "frequency_range": [
    2000000000.0,
    3000000000.0
  ]
}