{
  "geometry": {
    "length": 0.0286460707260843,
    "width": 0.04422117221324767,
    "height": 0.0027120340244129407,
    "feed_x": 0.010517029888177199,
    "feed_y": 0.01768846888529907
  },
  "substrate": {
    "relative_permittivity": 4.4,
    "loss_tangent": 0.02,
    "substrate_type": "FR4",
    "thickness": 0.0027120340244129407
  },
  "feed_type": "INSET",
  "frequency_band": "2.4GHz",
  "frequency_range": [
    2000000000.0,
    3000000000.0
  ]
}