{
  "geometry": {
    "length": 0.028617717471245366,
    "width": 0.040195038963869174,
    "height": 0.002064967076917786,
    "feed_x": 0.009342989783254303,
    "feed_y": 0.01607801558554767
  },
  "substrate": {
    "relative_permittivity": 4.4,
    "loss_tangent": 0.02,
    "substrate_type": "FR4",
    "thickness": 0.002064967076917786
  },
  "feed_type": "INSET",
  "frequency_band": "2.4GHz",
  "frequency_range": [
    2000000000.0,
    3000000000.0
  ]
}