{
  "geometry": {
    "length": 0.02881213058864188,
    "width": 0.036938505026772456,
    "height": 0.00178294822794299,
    "feed_x": 0.0042894728393346356,
    "feed_y": 0.012222777198517217
  },
  "substrate": {
    "relative_permittivity": 4.4,
    "loss_tangent": 0.02,
    "substrate_type": "FR4",
    "thickness": 0.00178294822794299
  },
  "feed_type": "INSET",
  "frequency_band": "2.4GHz",
  "frequency_range": [
    2000000000.0,
    3000000000.0
  ]
}