{
  "geometry": {
    "length": 0.025143892298667647,
    "width": 0.034746696887398655,
    "height": 0.001367849200399858,
    "feed_x": 0.0063025979552159325,
    "feed_y": 0.013069522329351825
  },
  "substrate": {
    "relative_permittivity": 4.4,
    "loss_tangent": 0.02,
    "substrate_type": "FR4",
    "thickness": 0.001367849200399858
  },
  "feed_type": "INSET",
  "frequency_band": "2.4GHz",
  "frequency_range": [
    2000000000.0,
    3000000000.0
  ]
}