{
  "geometry": {
    "length": 0.028063437309606726,
    "width": 0.030434457559342577,
    "height": 0.0024103869683980914,
    "feed_x": 0.009498748679944038,
    "feed_y": 0.009486330256463256
  },
  "substrate": {
    "relative_permittivity": 4.4,
    "loss_tangent": 0.02,
    "substrate_type": "FR4",
    "thickness": 0.0024103869683980914
  },
  "feed_type": "INSET",
  "frequency_band": "2.4GHz",
  "frequency_range": [
    2000000000.0,
    3000000000.0
  ]
}