{
  "geometry": {
    "length": 0.02727732124397923,
    "width": 0.03251115740504395,
    "height": 0.0021875235597085094,
    "feed_x": 0.010910928497591692,
    "feed_y": 0.007242127716528794
  },
  "substrate": {
    "relative_permittivity": 4.4,
    "loss_tangent": 0.02,
    "substrate_type": "FR4",
    "thickness": 0.0021875235597085094
  },
  "feed_type": "INSET",
  "frequency_band": "2.4GHz",
  "frequency_range": [
    2000000000.0,
    3000000000.0
  ]
}