{
  "geometry": {
    "length": 0.034538185455446985,
    "width": 0.030552187028301415,
    "height": 0.0013412498881648595,
    "feed_x": 0.006927623488670758,
    "feed_y": 0.003058915490496224
  },
  "substrate": {
    "relative_permittivity": 4.4,
    "loss_tangent": 0.02,
    "substrate_type": "FR4",
    "thickness": 0.0013412498881648595
  },
  "feed_type": "INSET",
  "frequency_band": "2.4GHz",
  "frequency_range": [
    2000000000.0,
    3000000000.0
  ]
}