{
  "geometry": {
    "length": 0.03208560787820766,
    "width": 0.032378293116746344,
    "height": 0.0016050744013994226,
    "feed_x": 0.0042447734781595955,
    "feed_y": 0.012951317246698539
  },
  "substrate": {
    "relative_permittivity": 4.4,
    "loss_tangent": 0.02,
    "substrate_type": "FR4",
    "thickness": 0.0016050744013994226
  },
  "feed_type": "INSET",
  "frequency_band": "2.4GHz",
  "frequency_range": [
    2000000000.0,
    3000000000.0
  ]
}