{
  "geometry": {
    "length": 0.027945908600223755,
    "width": 0.030125973378661984,
    "height": 0.0029601550847130407,
    "feed_x": 0.011178363440089503,
    "feed_y": 0.009260773289088682
  },
  "substrate": {
    "relative_permittivity": 4.4,
    "loss_tangent": 0.02,
    "substrate_type": "FR4",
    "thickness": 0.0029601550847130407
  },
  "feed_type": "INSET",
  "frequency_band": "2.4GHz",
  "frequency_range": [
    2000000000.0,
    3000000000.0
  ]
}