{
  "geometry": {
    "length": 0.025425676645772326,
    "width": 0.03660259927620597,
    "height": 0.0022906182775524844,
    "feed_x": 0.008238782304520985,
    "feed_y": 0.007969039288265372
  },
  "substrate": {
    "relative_permittivity": 4.4,
    "loss_tangent": 0.02,
    "substrate_type": "FR4",
    "thickness": 0.0022906182775524844
  },
  "feed_type": "INSET",
  "frequency_band": "2.4GHz",
  "frequency_range": [
    2000000000.0,
    3000000000.0
  ]
}