{
  "geometry": {
    "length": 0.028424824947556066,
    "width": 0.04299478550099812,
    "height": 0.0019627814987755207,
    "feed_x": 0.007192324772722134,
    "feed_y": 0.003172412637146118
  },
  "substrate": {
    "relative_permittivity": 4.4,
    "loss_tangent": 0.02,
    "substrate_type": "FR4",
    "thickness": 0.0019627814987755207
  },
  "feed_type": "INSET",
  "frequency_band": "2.4GHz",
  "frequency_range": [
    2000000000.0,
    3000000000.0
  ]
}