{
  "geometry": {
    "length": 0.03180820731691843,
    "width": 0.03801600925812719,
    "height": 0.00232190105110199,
    "feed_x": 0.012723282926767372,
    "feed_y": 0.014554232912051721
  },
  "substrate": {
    "relative_permittivity": 4.4,
    "loss_tangent": 0.02,
    "substrate_type": "FR4",
    "thickness": 0.00232190105110199
  },
  "feed_type": "INSET",
  "frequency_band": "2.4GHz",
  "frequency_range": [
    2000000000.0,
    3000000000.0
  ]
}