{
  "geometry": {
    "length": 0.025865609024386976,
    "width": 0.034392294868524374,
    "height": 0.0018781843619176514,
    "feed_x": 0.0023129414109211784,
    "feed_y": 0.009031789744254103
  },
  "substrate": {
    "relative_permittivity": 4.4,
    "loss_tangent": 0.02,
    "substrate_type": "FR4",
    "thickness": 0.0018781843619176514
  },
  "feed_type": "INSET",
  "frequency_band": "2.4GHz",
  "frequency_range": [
    2000000000.0,
    3000000000.0
  ]
}