{
  "frequency": [
    2082500000.0,
    2089850000.0,
    2097200000.0,
    2104550000.0,
    2111900000.0,
    2119250000.0,
    2126600000.0,
    2133950000.0,
    2141300000.0,
    2148650000.0,
    2156000000.0,
    2163350000.0,
    2170700000.0,
    2178050000.0,
    2185400000.0,
    2192750000.0,
    2200100000.0,
    2207450000.0,
    2214800000.0,
    2222150000.0,
    2229500000.0,
    2236850000.0,
    2244200000.0,
    2251550000.0,
    2258900000.0,
    2266250000.0,
    2273600000.0,
    2280950000.0,
    2288300000.0,
    2295650000.0,
    2303000000.0,
    2310350000.0,
    2317700000.0,
    2325050000.0,
    2332400000.0,
    2339750000.0,
    2347100000.0,
    2354450000.0,
    2361800000.0,
    2369150000.0,
    2376500000.0,
    2383850000.0,
    2391200000.0,
    2398550000.0,
    2405900000.0,
    2413250000.0,
    2420600000.0,
    2427950000.0,
    2435300000.0,
    2442650000.0,
    2450000000.0,
    2457350000.0,
    2464700000.0,
    2472050000.0,
    2479400000.0,
    2486750000.0,
    2494100000.0,
    2501450000.0,
    2508800000.0,
    2516150000.0,
    2523500000.0,
    2530850000.0,
    2538200000.0,
    2545550000.0,
    2552900000.0,
    2560250000.0,
    2567600000.0,
    2574950000.0,
    2582300000.0,
    2589650000.0,
    2597000000.0,
    2604350000.0,
    2611700000.0,
    2619050000.0,
    2626400000.0,
    2633750000.0,
    2641100000.0,
    2648450000.0,
    2655800000.0,
    2663150000.0,
    2670500000.0,
    2677850000.0,
    2685200000.0,
    2692550000.0,
    2699900000.0,
    2707250000.0,
    2714600000.0,
    2721950000.0,
    2729300000.0,
    2736650000.0,
    2744000000.0,
    2751350000.0,
    2758700000.0,
    2766050000.0,
    2773400000.0,
    2780750000.0,
    2788100000.0,
    2795450000.0,
    2802800000.0,
    2810150000.0,
    2817500000.0
  ],
  "s11_magnitude": [
    -0.22250056492821685,
    -0.21163810214599413,
    -0.2014502130092959,
    -0.19192166675028904,
    -0.18304160595364855,
    -0.17479861910569294,
    -0.1671775695569866,
    -0.16015786057430104,
    -0.15371283078330658,
    -0.14780999844514847,
    -0.14241190343804372,
    -0.1374773297246511,
    -0.13296272621183433,
    -0.1288236785301276,
    -0.12501631713661973,
    -0.12149857743414434,
    -0.11823125476568697,
    -0.11517882087874995,
    -0.11230998862127098,
    -0.10959802821838599,
    -0.1070208515759439,
    -0.10456089083049099,
    -0.1022048040553244,
    -0.0999430449308581,
    -0.09776933463435428,
    -0.09568007356952016,
    -0.09367372822706417,
    -0.09175022483257085,
    -0.08991037687274356,
    -0.08815536844671693,
    -0.08648630997896957,
    -0.08490387742800792,
    -0.08340804095520556,
    -0.08199788426103102,
    -0.08067151158439229,
    -0.07942603578782065,
    -0.07825763807098804,
    -0.07716168769036749,
    -0.07613290860970237,
    -0.07516557923641447,
    -0.0742537512696297,
    -0.07339147413482941,
    -0.07257301243929123,
    -0.07179304527049112,
    -0.07104683789266707,
    -0.0703303783848864,
    -0.06964047391748004,
    -0.06897480359375686,
    -0.06833192700329109,
    -0.06771124976263385,
    -0.06711294928389779,
    -0.06653786574853486,
    -0.06598736471745932,
    -0.06546317893835116,
    -0.06496723768594737,
    -0.0645014923738632,
    -0.06406774720299857,
    -0.06366750326800659,
    -0.06330182384909804,
    -0.06297122760125463,
    -0.06267561505452877,
    -0.0624142323068572,
    -0.06218567407818187,
    -0.06198792646467238,
    -0.06181844784913925,
    -0.061674284560601894,
    -0.0615522161020869,
    -0.06144892315582586,
    -0.06136117019824214,
    -0.061285993480898256,
    -0.0612208844182124,
    -0.0611639581198425,
    -0.06111409695508223,
    -0.06107105966431704,
    -0.06103554764836028,
    -0.06100922166192754,
    -0.06099466418368335,
    -0.060995285183496346,
    -0.06101517178777042,
    -0.06105888536446627,
    -0.06113121270052781,
    -0.061236881097526244,
    -0.061380250220763245,
    -0.061564996247704666,
    -0.06179380610648963,
    -0.062068101205083076,
    -0.06238781085984259,
    -0.0627512154790953,
    -0.06315487830352542,
    -0.06359368203698888,
    -0.06406098294514928,
    -0.0645488899336111,
    -0.06504866978292148,
    -0.06555127223787244,
    -0.06604796022761858,
    -0.06653102144158675,
    -0.06699452820578129,
    -0.06743510360385176,
    -0.06785264365934754,
    -0.06825093880677469,
    -0.06863813354119819
  ],
  "s11_phase": null,
  "gain": 1.2070605025894723,
  "efficiency": 0.31018250022166516,
  "resonance_frequency": 2082500000.0
}