{
  "geometry": {
    "length": 0.03304607515265735,
    "width": 0.034441141493991814,
    "height": 0.0011514104539405996,
    "feed_x": 0.013218430061062943,
    "feed_y": 0.008523518804536894
  },
  "substrate": {
    "relative_permittivity": 4.4,
    "loss_tangent": 0.02,
    "substrate_type": "FR4",
    "thickness": 0.0011514104539405996
  },
  "feed_type": "INSET",
  "frequency_band": "2.4GHz",
  "frequency_range": [
    2000000000.0,
    3000000000.0
  ]
}