{
  "geometry": {
    "length": 0.030208922590540442,
    "width": 0.03781625982232294,
    "height": 0.0024410474864218525,
    "feed_x": 0.012083569036216178,
    "feed_y": 0.01263904768799424
  },
  "substrate": {
    "relative_permittivity": 4.4,
    "loss_tangent": 0.02,
    "substrate_type": "FR4",
    "thickness": 0.0024410474864218525
  },
  "feed_type": "INSET",
  "frequency_band": "2.4GHz",
  "frequency_range": [
    2000000000.0,
    3000000000.0
  ]
}