{
  "geometry": {
    "length": 0.03109909641123299,
    "width": 0.03725253048661832,
    "height": 0.001250820397127235,
    "feed_x": 0.0016726323953359466,
    "feed_y": 0.009738866792001229
  },
  "substrate": {
    "relative_permittivity": 4.4,
    "loss_tangent": 0.02,
    "substrate_type": "FR4",
    "thickness": 0.001250820397127235
  },
  "feed_type": "INSET",
  "frequency_band": "2.4GHz",
  "frequency_range": [
    2000000000.0,
    3000000000.0
  ]
}