{
  "geometry": {
    "length": 0.030122563996348925,
    "width": 0.03727465289858127,
    "height": 0.0008288498608791026,
    "feed_x": 0.0037747014991568414,
    "feed_y": 0.0060623623599592846
  },
  "substrate": {
    "relative_permittivity": 4.4,
    "loss_tangent": 0.02,
    "substrate_type": "FR4",
    "thickness": 0.0008288498608791026
  },
  "feed_type": "INSET",
  "frequency_band": "2.4GHz",
  "frequency_range": [
    2000000000.0,
    3000000000.0
  ]
}