{
  "geometry": {
    "length": 0.03357001170362667,
    "width": 0.04449579725272905,
    "height": 0.0015178645292803043,
    "feed_x": 0.013428004681450667,
    "feed_y": 0.012329975605163883
  },
  "substrate": {
    "relative_permittivity": 4.4,
    "loss_tangent": 0.02,
    "substrate_type": "FR4",
    "thickness": 0.0015178645292803043
  },
  "feed_type": "INSET",
  "frequency_band": "2.4GHz",
  "frequency_range": [
    2000000000.0,
    3000000000.0
  ]
}