{
  "geometry": {
    "length": 0.028593343152638936,
    "width": 0.037565248124766616,
    "height": 0.003065382942255238,
    "feed_x": 0.010409448987239878,
    "feed_y": 0.001
  },
  "substrate": {
    "relative_permittivity": 4.4,
    "loss_tangent": 0.02,
    "substrate_type": "FR4",
    "thickness": 0.003065382942255238
  },
  "feed_type": "INSET",
  "frequency_band": "2.4GHz",
  "frequency_range": [
    2000000000.0,
    3000000000.0
  ]
}