{
  "geometry": {
    "length": 0.030915553119719896,
    "width": 0.040853357227181517,
    "height": 0.001807827686858336,
    "feed_x": 0.012366221247887959,
    "feed_y": 0.0072128021331200045
  },
  "substrate": {
    "relative_permittivity": 4.4,
    "loss_tangent": 0.02,
    "substrate_type": "FR4",
    "thickness": 0.001807827686858336
  },
  "feed_type": "INSET",
  "frequency_band": "2.4GHz",
  "frequency_range": [
    2000000000.0,
    3000000000.0
  ]
}