{
  "geometry": {
    "length": 0.027686950886547153,
    "width": 0.04359721947407558,
    "height": 0.0008586923599191454,
    "feed_x": 0.003894716997356807,
    "feed_y": 0.008230490128751313
  },
  "substrate": {
    "relative_permittivity": 4.4,
    "loss_tangent": 0.02,
    "substrate_type": "FR4",
    "thickness": 0.0008586923599191454
  },
  "feed_type": "INSET",
  "frequency_band": "2.4GHz",
  "frequency_range": [
    2000000000.0,
    3000000000.0
  ]
}