{
  "geometry": {
    "length": 0.029315372006344067,
    "width": 0.031119223657558495,
    "height": 0.0023056650481490313,
    "feed_x": 0.008307002228159253,
    "feed_y": 0.006112752706489875
  },
  "substrate": {
    "relative_permittivity": 4.4,
    "loss_tangent": 0.02,
    "substrate_type": "FR4",
    "thickness": 0.0023056650481490313
  },
  "feed_type": "INSET",
  "frequency_band": "2.4GHz",
  "frequency_range": [
    2000000000.0,
    3000000000.0
  ]
}