{
  "geometry": {
    "length": 0.034092659834402114,
    "width": 0.03153258838721237,
    "height": 0.0017465757049457842,
    "feed_x": 0.013637063933760846,
    "feed_y": 0.00970669889095631
  },
  "substrate": {
    "relative_permittivity": 4.4,
    "loss_tangent": 0.02,
    "substrate_type": "FR4",
    "thickness": 0.0017465757049457842
  },
  "feed_type": "INSET",
  "frequency_band": "2.4GHz",
  "frequency_range": [
    2000000000.0,
    3000000000.0
  ]
}