{
  "geometry": {
    "length": 0.03375195639084387,
    "width": 0.03645798927597667,
    "height": 0.0008101165677217948,
    "feed_x": 0.012555426764216447,
    "feed_y": 0.01257601671488014
  },
  "substrate": {
    "relative_permittivity": 4.4,
    "loss_tangent": 0.02,
    "substrate_type": "FR4",
    "thickness": 0.0008101165677217948
  },
  "feed_type": "INSET",
  "frequency_band": "2.4GHz",
  "frequency_range": [
    2000000000.0,
    3000000000.0
  ]
}