{
  "geometry": {
    "length": 0.027180280056572984,
    "width": 0.031976291151400396,
    "height": 0.0010994007910905589,
    "feed_x": 0.0014250688940924908,
    "feed_y": 0.01279051646056016
  },
  "substrate": {
    "relative_permittivity": 4.4,
    "loss_tangent": 0.02,
    "substrate_type": "FR4",
    "thickness": 0.0010994007910905589
  },
  "feed_type": "INSET",
  "frequency_band": "2.4GHz",
  "frequency_range": [
    2000000000.0,
    3000000000.0
  ]
}