{
  "geometry": {
    "length": 0.03419810528640916,
    "width": 0.035548051177419965,
    "height": 0.001295658308177058,
    "feed_x": 0.0031423457514449865,
    "feed_y": 0.003471803724305994
  },
  "substrate": {
    "relative_permittivity": 4.4,
    "loss_tangent": 0.02,
    "substrate_type": "FR4",
    "thickness": 0.001295658308177058
  },
  "feed_type": "INSET",
  "frequency_band": "2.4GHz",
  "frequency_range": [
    2000000000.0,
    3000000000.0
  ]
}