{
  "geometry": {
    "length": 0.025975790883005296,
    "width": 0.03087877868663757,
    "height": 0.002474414789939658,
    "feed_x": 0.006013793617904997,
    "feed_y": 0.0035174801593401083
  },
  "substrate": {
    "relative_permittivity": 4.4,
    "loss_tangent": 0.02,
    "substrate_type": "FR4",
    "thickness": 0.002474414789939658
  },
  "feed_type": "INSET",
  "frequency_band": "2.4GHz",
  "frequency_range": [
    2000000000.0,
    3000000000.0
  ]
}