{
  "geometry": {
    "length": 0.03361153125796886,
    "width": 0.03009890246694349,
    "height": 0.002398762946995855,
    "feed_x": 0.0046634911731041,
    "feed_y": 0.0010200061125444659
  },
  "substrate": {
    "relative_permittivity": 4.4,
    "loss_tangent": 0.02,
    "substrate_type": "FR4",
    "thickness": 0.002398762946995855
  },
  "feed_type": "INSET",
  "frequency_band": "2.4GHz",
  "frequency_range": [
    2000000000.0,
    3000000000.0
  ]
}