{
  "geometry": {
    "length": 0.026732108579601312,
    "width": 0.04468078027239189,
    "height": 0.001381531484424656,
    "feed_x": 0.0063099793710827,
    "feed_y": 0.001135316066263527
  },
  "substrate": {
    "relative_permittivity": 4.4,
    "loss_tangent": 0.02,
    "substrate_type": "FR4",
    "thickness": 0.001381531484424656
  },
  "feed_type": "INSET",
  "frequency_band": "2.4GHz",
  "frequency_range": [
    2000000000.0,
    3000000000.0
  ]
}