{
  "geometry": {
    "length": 0.031005881565596992,
    "width": 0.04007394968395126,
    "height": 0.0016953839672774582,
    "feed_x": 0.001,
    "feed_y": 0.005134879244658277
  },
  "substrate": {
    "relative_permittivity": 4.4,
    "loss_tangent": 0.02,
    "substrate_type": "FR4",
    "thickness": 0.0016953839672774582
  },
  "feed_type": "INSET",
  "frequency_band": "2.4GHz",
  "frequency_range": [
    2000000000.0,
    3000000000.0
  ]
}