{
  "geometry": {
    "length": 0.02738981839456086,
    "width": 0.030381064293379712,
    "height": 0.0010298449267047516,
    "feed_x": 0.005534470401271234,
    "feed_y": 0.001181008208600407
  },
  "substrate": {
    "relative_permittivity": 4.4,
    "loss_tangent": 0.02,
    "substrate_type": "FR4",
    "thickness": 0.0010298449267047516
  },
  "feed_type": "INSET",
  "frequency_band": "2.4GHz",
  "frequency_range": [
    2000000000.0,
    3000000000.0
  ]
}