{
  "geometry": {
    "length": 0.029176400673245353,
    "width": 0.03081583763174301,
    "height": 0.00242168898863509,
    "feed_x": 0.002912594730539034,
    "feed_y": 0.008184830175533727
  },
  "substrate": {
    "relative_permittivity": 4.4,
    "loss_tangent": 0.02,
    "substrate_type": "FR4",
    "thickness": 0.00242168898863509
  },
  "feed_type": "INSET",
  "frequency_band": "2.4GHz",
  "frequency_range": [
    2000000000.0,
    3000000000.0
  ]
}