{
  "geometry": {
    "length": 0.03317607630907078,
    "width": 0.040801270518595716,
    "height": 0.001233207400169287,
    "feed_x": 0.0068320428361838366,
    "feed_y": 0.016320508207438286
  },
  "substrate": {
    "relative_permittivity": 4.4,
    "loss_tangent": 0.02,
    "substrate_type": "FR4",
    "thickness": 0.001233207400169287
  },
  "feed_type": "INSET",
  "frequency_band": "2.4GHz",
  "frequency_range": [
    2000000000.0,
    3000000000.0
  ]
}