{
  "geometry": {
    "length": 0.027580470775315148,
    "width": 0.03323084909275669,
    "height": 0.0019825877433655346,
    "feed_x": 0.0022529731125621607,
    "feed_y": 0.01072823916024577
  },
  "substrate": {
    "relative_permittivity": 4.4,
    "loss_tangent": 0.02,
    "substrate_type": "FR4",
    "thickness": 0.0019825877433655346
  },
  "feed_type": "INSET",
  "frequency_band": "2.4GHz",
  "frequency_range": [
    2000000000.0,
    3000000000.0
  ]
}