{
  "geometry": {
    "length": 0.02611822764498751,
    "width": 0.0414048285890868,
    "height": 0.0016091695818528612,
    "feed_x": 0.010081110192793523,
    "feed_y": 0.004213984033890758
  },
  "substrate": {
    "relative_permittivity": 4.4,
    "loss_tangent": 0.02,
    "substrate_type": "FR4",
    "thickness": 0.0016091695818528612
  },
  "feed_type": "INSET",
  "frequency_band": "2.4GHz",
  "frequency_range": [
    2000000000.0,
    3000000000.0
  ]
}