{
  "geometry": {
    "length": 0.02728573204378336,
    "width": 0.044656483420302734,
    "height": 0.001366164040181298,
    "feed_x": 0.009876848934694671,
    "feed_y": 0.001
  },
  "substrate": {
    "relative_permittivity": 4.4,
    "loss_tangent": 0.02,
    "substrate_type": "FR4",
    "thickness": 0.001366164040181298
  },
  "feed_type": "INSET",
  "frequency_band": "2.4GHz",
  "frequency_range": [
    2000000000.0,
    3000000000.0
  ]
}