{
  "geometry": {
    "length": 0.028146103288140174,
    "width": 0.043182585788646276,
    "height": 0.0010105381710188118,
    "feed_x": 0.007446336231855765,
    "feed_y": 0.00819444877626727
  },
  "substrate": {
    "relative_permittivity": 4.4,
    "loss_tangent": 0.02,
    "substrate_type": "FR4",
    "thickness": 0.0010105381710188118
  },
  "feed_type": "INSET",
  "frequency_band": "2.4GHz",
  "frequency_range": [
    2000000000.0,
    3000000000.0
  ]
}