{
  "geometry": {
    "length": 0.0320179831198672,
    "width": 0.030274029430393,
    "height": 0.003106866593346331,
    "feed_x": 0.007986480445374146,
    "feed_y": 0.005311779093062915
  },
  "substrate": {
    "relative_permittivity": 4.4,
    "loss_tangent": 0.02,
    "substrate_type": "FR4",
    "thickness": 0.003106866593346331
  },
  "feed_type": "INSET",
  "frequency_band": "2.4GHz",
  "frequency_range": [
    2000000000.0,
    3000000000.0
  ]
}