{
  "geometry": {
    "length": 0.029114886940465875,
    "width": 0.03041288204866218,
    "height": 0.0024755229635465073,
    "feed_x": 0.011101704751052186,
    "feed_y": 0.012165152819464873
  },
  "substrate": {
    "relative_permittivity": 4.4,
    "loss_tangent": 0.02,
    "substrate_type": "FR4",
    "thickness": 0.0024755229635465073
  },
  "feed_type": "INSET",
  "frequency_band": "2.4GHz",
  "frequency_range": [
    2000000000.0,
    3000000000.0
  ]
}