{
  "geometry": {
    "length": 0.03209173708075806,
    "width": 0.0397665575884224,
    "height": 0.0027772634021864034,
    "feed_x": 0.012836694832303226,
    "feed_y": 0.015906623035368963
  },
  "substrate": {
    "relative_permittivity": 4.4,
    "loss_tangent": 0.02,
    "substrate_type": "FR4",
    "thickness": 0.0027772634021864034
  },
  "feed_type": "INSET",
  "frequency_band": "2.4GHz",
  "frequency_range": [
    2000000000.0,
    3000000000.0
  ]
}