{
  "geometry": {
    "length": 0.0318505585435334,
    "width": 0.041950875436892444,
    "height": 0.0024823371164379494,
    "feed_x": 0.012740223417413361,
    "feed_y": 0.002152778652896677
  },
  "substrate": {
    "relative_permittivity": 4.4,
    "loss_tangent": 0.02,
    "substrate_type": "FR4",
    "thickness": 0.0024823371164379494
  },
  "feed_type": "INSET",
  "frequency_band": "2.4GHz",
  "frequency_range": [
    2000000000.0,
    3000000000.0
  ]
}