{
  "geometry": {
    "length": 0.026507989838513227,
    "width": 0.03477359556317869,
    "height": 0.0008899545669554189,
    "feed_x": 0.006883417261358902,
    "feed_y": 0.001
  },
  "substrate": {
    "relative_permittivity": 4.4,
    "loss_tangent": 0.02,
    "substrate_type": "FR4",
    "thickness": 0.0008899545669554189
  },
  "feed_type": "INSET",
  "frequency_band": "2.4GHz",
  "frequency_range": [
    2000000000.0,
    3000000000.0
  ]
}