{
  "geometry": {
    "length": 0.03175778176697826,
    "width": 0.030044636559688684,
    "height": 0.0031809407194369516,
    "feed_x": 0.012703112706791303,
    "feed_y": 0.007644454291952307
  },
  "substrate": {
    "relative_permittivity": 4.4,
    "loss_tangent": 0.02,
    "substrate_type": "FR4",
    "thickness": 0.0031809407194369516
  },
  "feed_type": "INSET",
  "frequency_band": "2.4GHz",
  "frequency_range": [
    2000000000.0,
    3000000000.0
  ]
}