{
  "geometry": {
    "length": 0.027243675537653094,
    "width": 0.04345260760392358,
    "height": 0.0027279840120622355,
    "feed_x": 0.010362532327088544,
    "feed_y": 0.017244757501440285
  },
  "substrate": {
    "relative_permittivity": 4.4,
    "loss_tangent": 0.02,
    "substrate_type": "FR4",
    "thickness": 0.0027279840120622355
  },
  "feed_type": "INSET",
  "frequency_band": "2.4GHz",
  "frequency_range": [
    2000000000.0,
    3000000000.0
  ]
}