{
  "geometry": {
    "length": 0.03003072331597546,
    "width": 0.03023603138583268,
    "height": 0.0014695050554998637,
    "feed_x": 0.006019534620340059,
    "feed_y": 0.0066936488645916396
  },
  "substrate": {
    "relative_permittivity": 4.4,
    "loss_tangent": 0.02,
    "substrate_type": "FR4",
    "thickness": 0.0014695050554998637
  },
  "feed_type": "INSET",
  "frequency_band": "2.4GHz",
  "frequency_range": [
    2000000000.0,
    3000000000.0
  ]
}