{
  "geometry": {
    "length": 0.027260604551592207,
    "width": 0.03707008697706113,
    "height": 0.0024429639654051753,
    "feed_x": 0.006300637353728373,
    "feed_y": 0.014828034790824451
  },
  "substrate": {
    "relative_permittivity": 4.4,
    "loss_tangent": 0.02,
    "substrate_type": "FR4",
    "thickness": 0.0024429639654051753
  },
  "feed_type": "INSET",
  "frequency_band": "2.4GHz",
  "frequency_range": [
    2000000000.0,
    3000000000.0
  ]
}