{
  "geometry": {
    "length": 0.0345569820666004,
    "width": 0.041921172202315594,
    "height": 0.0018206932092843342,
    "feed_x": 0.0041182169136698196,
    "feed_y": 0.016214034152460838
  },
  "substrate": {
    "relative_permittivity": 4.4,
    "loss_tangent": 0.02,
    "substrate_type": "FR4",
    "thickness": 0.0018206932092843342
  },
  "feed_type": "INSET",
  "frequency_band": "2.4GHz",
  "frequency_range": [
    2000000000.0,
    3000000000.0
  ]
}