{
  "geometry": {
    "length": 0.030997049598595037,
    "width": 0.0326301186151619,
    "height": 0.001943456665170134,
    "feed_x": 0.005993189071273056,
    "feed_y": 0.007539067926824105
  },
  "substrate": {
    "relative_permittivity": 4.4,
    "loss_tangent": 0.02,
    "substrate_type": "FR4",
    "thickness": 0.001943456665170134
  },
  "feed_type": "INSET",
  "frequency_band": "2.4GHz",
  "frequency_range": [
    2000000000.0,
    3000000000.0
  ]
}