{
  "geometry": {
    "length": 0.028213315970382097,
    "width": 0.03225793355690785,
    "height": 0.0010410434333444451,
    "feed_x": 0.007620910392747728,
    "feed_y": 0.0051510320184082895
  },
  "substrate": {
    "relative_permittivity": 4.4,
    "loss_tangent": 0.02,
    "substrate_type": "FR4",
    "thickness": 0.0010410434333444451
  },
  "feed_type": "INSET",
  "frequency_band": "2.4GHz",
  "frequency_range": [
    2000000000.0,
    3000000000.0
  ]
}