{
  "geometry": {
    "length": 0.03248340048698871,
    "width": 0.03495600456964926,
    "height": 0.002994865318465379,
    "feed_x": 0.0018523649204899547,
    "feed_y": 0.013982401827859703
  },
  "substrate": {
    "relative_permittivity": 4.4,
    "loss_tangent": 0.02,
    "substrate_type": "FR4",
    "thickness": 0.002994865318465379
  },
  "feed_type": "INSET",
  "frequency_band": "2.4GHz",
  "frequency_range": [
    2000000000.0,
    3000000000.0
  ]
}