{
  "geometry": {
    "length": 0.0272060816229009,
    "width": 0.03244199724854123,
    "height": 0.0009279679161550211,
    "feed_x": 0.008186564045289588,
    "feed_y": 0.003882093533096532
  },
  "substrate": {
    "relative_permittivity": 4.4,
    "loss_tangent": 0.02,
    "substrate_type": "FR4",
    "thickness": 0.0009279679161550211
  },
  "feed_type": "INSET",
  "frequency_band": "2.4GHz",
  "frequency_range": [
    2000000000.0,
    3000000000.0
  ]
}