{
  "geometry": {
    "length": 0.03219846899624197,
    "width": 0.0367750308480987,
    "height": 0.0029823917763820438,
    "feed_x": 0.01287938759849679,
    "feed_y": 0.011901609971642855
  },
  "substrate": {
    "relative_permittivity": 4.4,
    "loss_tangent": 0.02,
    "substrate_type": "FR4",
    "thickness": 0.0029823917763820438
  },
  "feed_type": "INSET",
  "frequency_band": "2.4GHz",
  "frequency_range": [
    2000000000.0,
    3000000000.0
  ]
}