{
  "geometry": {
    "length": 0.028606166572065897,
    "width": 0.03162341241290966,
    "height": 0.002514073508057296,
    "feed_x": 0.01144246662882636,
    "feed_y": 0.010441913853278416
  },
  "substrate": {
    "relative_permittivity": 4.4,
    "loss_tangent": 0.02,
    "substrate_type": "FR4",
    "thickness": 0.002514073508057296
  },
  "feed_type": "INSET",
  "frequency_band": "2.4GHz",
  "frequency_range": [
    2000000000.0,
    3000000000.0
  ]
}