{
  "geometry": {
    "length": 0.0309378546102744,
    "width": 0.032181559913841376,
    "height": 0.0031645867050980638,
    "feed_x": 0.006523905274958061,
    "feed_y": 0.001
  },
  "substrate": {
    "relative_permittivity": 4.4,
    "loss_tangent": 0.02,
    "substrate_type": "FR4",
    "thickness": 0.0031645867050980638
  },
  "feed_type": "INSET",
  "frequency_band": "2.4GHz",
  "frequency_range": [
    2000000000.0,
    3000000000.0
  ]
}