{
  "geometry": {
    "length": 0.0304293793689346,
    "width": 0.04232312606937695,
    "height": 0.002815690327862763,
    "feed_x": 0.008274473584724508,
    "feed_y": 0.006059988498351904
  },
  "substrate": {
    "relative_permittivity": 4.4,
    "loss_tangent": 0.02,
    "substrate_type": "FR4",
    "thickness": 0.002815690327862763
  },
  "feed_type": "INSET",
  "frequency_band": "2.4GHz",
  "frequency_range": [
    2000000000.0,
    3000000000.0
  ]
}