{
  "geometry": {
    "length": 0.03368790942341398,
    "width": 0.03377212367545549,
    "height": 0.0009676069968697802,
    "feed_x": 0.006835851085184165,
    "feed_y": 0.007196226518744359
  },
  "substrate": {
    "relative_permittivity": 4.4,
    "loss_tangent": 0.02,
    "substrate_type": "FR4",
    "thickness": 0.0009676069968697802
  },
  "feed_type": "INSET",
  "frequency_band": "2.4GHz",
  "frequency_range": [
    2000000000.0,
    3000000000.0
  ]
}