{
  "geometry": {
    "length": 0.026446067498655995,
    "width": 0.03361886501017719,
    "height": 0.002836461817804579,
    "feed_x": 0.0016188863611008412,
    "feed_y": 0.0012890455375045252
  },
  "substrate": {
    "relative_permittivity": 4.4,
    "loss_tangent": 0.02,
    "substrate_type": "FR4",
    "thickness": 0.002836461817804579
  },
  "feed_type": "INSET",
  "frequency_band": "2.4GHz",
  "frequency_range": [
    2000000000.0,
    3000000000.0
  ]
}