{
  "geometry": {
    "length": 0.032788596604029364,
    "width": 0.03744871328521025,
    "height": 0.0019304810434108565,
    "feed_x": 0.001,
    "feed_y": 0.011273316795933816
  },
  "substrate": {
    "relative_permittivity": 4.4,
    "loss_tangent": 0.02,
    "substrate_type": "FR4",
    "thickness": 0.0019304810434108565
  },
  "feed_type": "INSET",
  "frequency_band": "2.4GHz",
  "frequency_range": [
    2000000000.0,
    3000000000.0
  ]
}