{
  "geometry": {
    "length": 0.02970244628458775,
    "width": 0.030530858559472546,
    "height": 0.001089986790407161,
    "feed_x": 0.011160050369860152,
    "feed_y": 0.012212343423789018
  },
  "substrate": {
    "relative_permittivity": 4.4,
    "loss_tangent": 0.02,
    "substrate_type": "FR4",
    "thickness": 0.001089986790407161
  },
  "feed_type": "INSET",
  "frequency_band": "2.4GHz",
  "frequency_range": [
    2000000000.0,
    3000000000.0
  ]
}