{
  "geometry": {
    "length": 0.03241805361292148,
    "width": 0.030622999184944093,
    "height": 0.0018966948709621106,
    "feed_x": 0.003644530148940789,
    "feed_y": 0.009651097739080652
  },
  "substrate": {
    "relative_permittivity": 4.4,
    "loss_tangent": 0.02,
    "substrate_type": "FR4",
    "thickness": 0.0018966948709621106
  },
  "feed_type": "INSET",
  "frequency_band": "2.4GHz",
  "frequency_range": [
    2000000000.0,
    3000000000.0
  ]
}