{
  "geometry": {
    "length": 0.029493147525678946,
    "width": 0.044601765329002056,
    "height": 0.001618533128801954,
    "feed_x": 0.004240535485836325,
    "feed_y": 0.001
  },
  "substrate": {
    "relative_permittivity": 4.4,
    "loss_tangent": 0.02,
    "substrate_type": "FR4",
    "thickness": 0.001618533128801954
  },
  "feed_type": "INSET",
  "frequency_band": "2.4GHz",
  "frequency_range": [
    2000000000.0,
    3000000000.0
  ]
}