{
  "geometry": {
    "length": 0.0266196047638131,
    "width": 0.03897407277199647,
    "height": 0.0030726963794598635,
    "feed_x": 0.002728444838084925,
    "feed_y": 0.0033180675246851444
  },
  "substrate": {
    "relative_permittivity": 4.4,
    "loss_tangent": 0.02,
    "substrate_type": "FR4",
    "thickness": 0.0030726963794598635
  },
  "feed_type": "INSET",
  "frequency_band": "2.4GHz",
  "frequency_range": [
    2000000000.0,
    3000000000.0
  ]
}