{
  "geometry": {
    "length": 0.034363356864596725,
    "width": 0.0441689041970784,
    "height": 0.0012900463510768017,
    "feed_x": 0.008519243627403231,
    "feed_y": 0.01766756167883136
  },
  "substrate": {
    "relative_permittivity": 4.4,
    "loss_tangent": 0.02,
    "substrate_type": "FR4",
    "thickness": 0.0012900463510768017
  },
  "feed_type": "INSET",
  "frequency_band": "2.4GHz",
  "frequency_range": [
    2000000000.0,
    3000000000.0
  ]
}