{
  "geometry": {
    "length": 0.031512019921451154,
    "width": 0.04311380098553917,
    "height": 0.001023153385308659,
    "feed_x": 0.012604807968580461,
    "feed_y": 0.004236613486957237
  },
  "substrate": {
    "relative_permittivity": 4.4,
    "loss_tangent": 0.02,
    "substrate_type": "FR4",
    "thickness": 0.001023153385308659
  },
  "feed_type": "INSET",
  "frequency_band": "2.4GHz",
  "frequency_range": [
    2000000000.0,
    3000000000.0
  ]
}