{
  "geometry": {
    "length": 0.026361358613231797,
    "width": 0.03415044532298193,
    "height": 0.0026751795902806856,
    "feed_x": 0.006491919278962272,
    "feed_y": 0.01242524461149728
  },
  "substrate": {
    "relative_permittivity": 4.4,
    "loss_tangent": 0.02,
    "substrate_type": "FR4",
    "thickness": 0.0026751795902806856
  },
  "feed_type": "INSET",
  "frequency_band": "2.4GHz",
  "frequency_range": [
    2000000000.0,
    3000000000.0
  ]
}