{
  "geometry": {
    "length": 0.033428425523913355,
    "width": 0.042185008506696486,
    "height": 0.003148088995000466,
    "feed_x": 0.005015338825922179,
    "feed_y": 0.016874003402678594
  },
  "substrate": {
    "relative_permittivity": 4.4,
    "loss_tangent": 0.02,
    "substrate_type": "FR4",
    "thickness": 0.003148088995000466
  },
  "feed_type": "INSET",
  "frequency_band": "2.4GHz",
  "frequency_range": [
    2000000000.0,
    3000000000.0
  ]
}