{
  "geometry": {
    "length": 0.029945970372582297,
    "width": 0.03177832746361077,
    "height": 0.0013433857095112049,
    "feed_x": 0.009260296621235063,
    "feed_y": 0.006789629351677869
  },
  "substrate": {
    "relative_permittivity": 4.4,
    "loss_tangent": 0.02,
    "substrate_type": "FR4",
    "thickness": 0.0013433857095112049
  },
  "feed_type": "INSET",
  "frequency_band": "2.4GHz",
  "frequency_range": [
    2000000000.0,
    3000000000.0
  ]
}