{
  "geometry": {
    "length": 0.03133998339292325,
    "width": 0.040318318944435015,
    "height": 0.002168329365047022,
    "feed_x": 0.01197185433401736,
    "feed_y": 0.016127327577774006
  },
  "substrate": {
    "relative_permittivity": 4.4,
    "loss_tangent": 0.02,
    "substrate_type": "FR4",
    "thickness": 0.002168329365047022
  },
  "feed_type": "INSET",
  "frequency_band": "2.4GHz",
  "frequency_range": [
    2000000000.0,
    3000000000.0
  ]
}