{
  "geometry": {
    "length": 0.031632131086185504,
    "width": 0.03702130269374479,
    "height": 0.0016922078598716494,
    "feed_x": 0.0048596992877873845,
    "feed_y": 0.0032083036337703422
  },
  "substrate": {
    "relative_permittivity": 4.4,
    "loss_tangent": 0.02,
    "substrate_type": "FR4",
    "thickness": 0.0016922078598716494
  },
  "feed_type": "INSET",
  "frequency_band": "2.4GHz",
  "frequency_range": [
    2000000000.0,
    3000000000.0
  ]
}