{
  "geometry": {
    "length": 0.025388164667711197,
    "width": 0.03637529959230668,
    "height": 0.0030068994544580996,
    "feed_x": 0.0027065804313304445,
    "feed_y": 0.011010141004415318
  },
  "substrate": {
    "relative_permittivity": 4.4,
    "loss_tangent": 0.02,
    "substrate_type": "FR4",
    "thickness": 0.0030068994544580996
  },
  "feed_type": "INSET",
  "frequency_band": "2.4GHz",
  "frequency_range": [
    2000000000.0,
    3000000000.0
  ]
}