{
  "geometry": {
    "length": 0.030810242639756107,
    "width": 0.032276719436607725,
    "height": 0.002349162186376909,
    "feed_x": 0.012324097055902443,
    "feed_y": 0.004890291066574904
  },
  "substrate": {
    "relative_permittivity": 4.4,
    "loss_tangent": 0.02,
    "substrate_type": "FR4",
    "thickness": 0.002349162186376909
  },
  "feed_type": "INSET",
  "frequency_band": "2.4GHz",
  "frequency_range": [
    2000000000.0,
    3000000000.0
  ]
}