{
  "geometry": {
    "length": 0.03218554743294464,
    "width": 0.03711998461159924,
    "height": 0.0015172016170124313,
    "feed_x": 0.009857610996313987,
    "feed_y": 0.014847993844639695
  },
  "substrate": {
    "relative_permittivity": 4.4,
    "loss_tangent": 0.02,
    "substrate_type": "FR4",
    "thickness": 0.0015172016170124313
  },
  "feed_type": "INSET",
  "frequency_band": "2.4GHz",
  "frequency_range": [
    2000000000.0,
    3000000000.0
  ]
}