{
  "geometry": {
    "length": 0.03146140438866581,
    "width": 0.037719326992154856,
    "height": 0.0013619558667613942,
    "feed_x": 0.008537969187126437,
    "feed_y": 0.009738778296512632
  },
  "substrate": {
    "relative_permittivity": 4.4,
    "loss_tangent": 0.02,
    "substrate_type": "FR4",
    "thickness": 0.0013619558667613942
  },
  "feed_type": "INSET",
  "frequency_band": "2.4GHz",
  "frequency_range": [
    2000000000.0,
    3000000000.0
  ]
}