{
  "geometry": {
    "length": 0.03292323981039911,
    "width": 0.04364502788514511,
    "height": 0.0019984485751086602,
    "feed_x": 0.013169295924159644,
    "feed_y": 0.007617416790024852
  },
  "substrate": {
    "relative_permittivity": 4.4,
    "loss_tangent": 0.02,
    "substrate_type": "FR4",
    "thickness": 0.0019984485751086602
  },
  "feed_type": "INSET",
  "frequency_band": "2.4GHz",
  "frequency_range": [
    2000000000.0,
    3000000000.0
  ]
}