{
  "geometry": {
    "length": 0.03401892712942477,
    "width": 0.032081449470082096,
    "height": 0.0011251336727345494,
    "feed_x": 0.0014786773293416198,
    "feed_y": 0.005743678855470522
  },
  "substrate": {
    "relative_permittivity": 4.4,
    "loss_tangent": 0.02,
    "substrate_type": "FR4",
    "thickness": 0.0011251336727345494
  },
  "feed_type": "INSET",
  "frequency_band": "2.4GHz",
  "frequency_range": [
    2000000000.0,
    3000000000.0
  ]
}