{
  "geometry": {
    "length": 0.03406591216890571,
    "width": 0.031136735572099544,
    "height": 0.0011753880650038186,
    "feed_x": 0.006995144806790682,
    "feed_y": 0.006911793904243765
  },
  "substrate": {
    "relative_permittivity": 4.4,
    "loss_tangent": 0.02,
    "substrate_type": "FR4",
    "thickness": 0.0011753880650038186
  },
  "feed_type": "INSET",
  "frequency_band": "2.4GHz",
  "frequency_range": [
    2000000000.0,
    3000000000.0
  ]
}