{
  "geometry": {
    "length": 0.0259034741265944,
    "width": 0.033992934122580795,
    "height": 0.0011779214665374423,
    "feed_x": 0.010361389650637761,
    "feed_y": 0.005348989496901497
  },
  "substrate": {
    "relative_permittivity": 4.4,
    "loss_tangent": 0.02,
    "substrate_type": "FR4",
    "thickness": 0.0011779214665374423
  },
  "feed_type": "INSET",
  "frequency_band": "2.4GHz",
  "frequency_range": [
    2000000000.0,
    3000000000.0
  ]
}