{
  "geometry": {
    "length": 0.029026975197188623,
    "width": 0.030435786966005008,
    "height": 0.0028463207948274645,
    "feed_x": 0.01161079007887545,
    "feed_y": 0.012174314786402005
  },
  "substrate": {
    "relative_permittivity": 4.4,
    "loss_tangent": 0.02,
    "substrate_type": "FR4",
    "thickness": 0.0028463207948274645
  },
  "feed_type": "INSET",
  "frequency_band": "2.4GHz",
  "frequency_range": [
    2000000000.0,
    3000000000.0
  ]
}