{
  "geometry": {
    "length": 0.03124202737807728,
    "width": 0.03681045309438374,
    "height": 0.003161358172349309,
    "feed_x": 0.012496810951230912,
    "feed_y": 0.004228469193122876
  },
  "substrate": {
    "relative_permittivity": 4.4,
    "loss_tangent": 0.02,
    "substrate_type": "FR4",
    "thickness": 0.003161358172349309
  },
  "feed_type": "INSET",
  "frequency_band": "2.4GHz",
  "frequency_range": [
    2000000000.0,
    3000000000.0
  ]
}