{
  "geometry": {
    "length": 0.03240593401856298,
    "width": 0.03872026186460127,
    "height": 0.0011658224379004342,
    "feed_x": 0.006154595891873636,
    "feed_y": 0.01548810474584051
  },
  "substrate": {
    "relative_permittivity": 4.4,
    "loss_tangent": 0.02,
    "substrate_type": "FR4",
    "thickness": 0.0011658224379004342
  },
  "feed_type": "INSET",
  "frequency_band": "2.4GHz",
  "frequency_range": [
    2000000000.0,
    3000000000.0
  ]
}