{
  "geometry": {
    "length": 0.027029008430294012,
    "width": 0.042266895222605384,
    "height": 0.001329385438317747,
    "feed_x": 0.00860635876326202,
    "feed_y": 0.009443804575399926
  },
  "substrate": {
    "relative_permittivity": 4.4,
    "loss_tangent": 0.02,
    "substrate_type": "FR4",
    "thickness": 0.001329385438317747
  },
  "feed_type": "INSET",
  "frequency_band": "2.4GHz",
  "frequency_range": [
    2000000000.0,
    3000000000.0
  ]
}