{
  "geometry": {
    "length": 0.02995548854255989,
    "width": 0.042378156626939986,
    "height": 0.0025735838821180084,
    "feed_x": 0.005432604595042077,
    "feed_y": 0.007082421376688433
  },
  "substrate": {
    "relative_permittivity": 4.4,
    "loss_tangent": 0.02,
    "substrate_type": "FR4",
    "thickness": 0.0025735838821180084
  },
  "feed_type": "INSET",
  "frequency_band": "2.4GHz",
  "frequency_range": [
    2000000000.0,
    3000000000.0
  ]
}