{
  "geometry": {
    "length": 0.030523568324564602,
    "width": 0.04109025258866155,
    "height": 0.0028993508718094824,
    "feed_x": 0.009395586066947688,
    "feed_y": 0.015058639436323273
  },
  "substrate": {
    "relative_permittivity": 4.4,
    "loss_tangent": 0.02,
    "substrate_type": "FR4",
    "thickness": 0.0028993508718094824
  },
  "feed_type": "INSET",
  "frequency_band": "2.4GHz",
  "frequency_range": [
    2000000000.0,
    3000000000.0
  ]
}