{
  "geometry": {
    "length": 0.03113635080638922,
    "width": 0.033165623562286486,
    "height": 0.0025592108852657996,
    "feed_x": 0.008737294312217097,
    "feed_y": 0.013266249424914596
  },
  "substrate": {
    "relative_permittivity": 4.4,
    "loss_tangent": 0.02,
    "substrate_type": "FR4",
    "thickness": 0.0025592108852657996
  },
  "feed_type": "INSET",
  "frequency_band": "2.4GHz",
  "frequency_range": [
    2000000000.0,
    3000000000.0
  ]
}