{
  "geometry": {
    "length": 0.031478558428510786,
    "width": 0.038645787017946846,
    "height": 0.0008282418745701366,
    "feed_x": 0.009558998579157783,
    "feed_y": 0.011316428953033182
  },
  "substrate": {
    "relative_permittivity": 4.4,
    "loss_tangent": 0.02,
    "substrate_type": "FR4",
    "thickness": 0.0008282418745701366
  },
  "feed_type": "INSET",
  "frequency_band": "2.4GHz",
  "frequency_range": [
    2000000000.0,
    3000000000.0
  ]
}