{
  "geometry": {
    "length": 0.031655361718895374,
    "width": 0.04453065855438738,
    "height": 0.001484489454925698,
    "feed_x": 0.01266214468755815,
    "feed_y": 0.017812263421754952
  },
  "substrate": {
    "relative_permittivity": 4.4,
    "loss_tangent": 0.02,
    "substrate_type": "FR4",
    "thickness": 0.001484489454925698
  },
  "feed_type": "INSET",
  "frequency_band": "2.4GHz",
  "frequency_range": [
    2000000000.0,
    3000000000.0
  ]
}