{
  "geometry": {
    "length": 0.03202428430215493,
    "width": 0.034304263889284134,
    "height": 0.002159829736504807,
    "feed_x": 0.002360462307556283,
    "feed_y": 0.009698069401396964
  },
  "substrate": {
    "relative_permittivity": 4.4,
    "loss_tangent": 0.02,
    "substrate_type": "FR4",
    "thickness": 0.002159829736504807
  },
  "feed_type": "INSET",
  "frequency_band": "2.4GHz",
  "frequency_range": [
    2000000000.0,
    3000000000.0
  ]
}