{
  "geometry": {
    "length": 0.0260378732529324,
    "width": 0.040486374814866874,
    "height": 0.001489063964782016,
    "feed_x": 0.00818006541070776,
    "feed_y": 0.008031677449528993
  },
  "substrate": {
    "relative_permittivity": 4.4,
    "loss_tangent": 0.02,
    "substrate_type": "FR4",
    "thickness": 0.001489063964782016
  },
  "feed_type": "INSET",
  "frequency_band": "2.4GHz",
  "frequency_range": [
    2000000000.0,
    3000000000.0
  ]
}