{
  "geometry": {
    "length": 0.02721992651860936,
    "width": 0.039309669533515196,
    "height": 0.0015377227599325805,
    "feed_x": 0.0058641281741708025,
    "feed_y": 0.0013975254424975565
  },
  "substrate": {
    "relative_permittivity": 4.4,
    "loss_tangent": 0.02,
    "substrate_type": "FR4",
    "thickness": 0.0015377227599325805
  },
  "feed_type": "INSET",
  "frequency_band": "2.4GHz",
  "frequency_range": [
    2000000000.0,
    3000000000.0
  ]
}