{
  "geometry": {
    "length": 0.02792585972417868,
    "width": 0.03335144236270581,
    "height": 0.0012199984584711204,
    "feed_x": 0.0030069885321411033,
    "feed_y": 0.005207524630494737
  },
  "substrate": {
    "relative_permittivity": 4.4,
    "loss_tangent": 0.02,
    "substrate_type": "FR4",
    "thickness": 0.0012199984584711204
  },
  "feed_type": "INSET",
  "frequency_band": "2.4GHz",
  "frequency_range": [
    2000000000.0,
    3000000000.0
  ]
}