{
  "geometry": {
    "length": 0.02990406659874589,
    "width": 0.038835163830974365,
    "height": 0.0011073274010517825,
    "feed_x": 0.011496528654419821,
    "feed_y": 0.011837036240903568
  },
  "substrate": {
    "relative_permittivity": 4.4,
    "loss_tangent": 0.02,
    "substrate_type": "FR4",
    "thickness": 0.0011073274010517825
  },
  "feed_type": "INSET",
  "frequency_band": "2.4GHz",
  "frequency_range": [
    2000000000.0,
    3000000000.0
  ]
}