{
  "geometry": {
    "length": 0.03075904516588041,
    "width": 0.03882431998459752,
    "height": 0.0018998531030887458,
    "feed_x": 0.008721491542106663,
    "feed_y": 0.012918431785443349
  },
  "substrate": {
    "relative_permittivity": 4.4,
    "loss_tangent": 0.02,
    "substrate_type": "FR4",
    "thickness": 0.0018998531030887458
  },
  "feed_type": "INSET",
  "frequency_band": "2.4GHz",
  "frequency_range": [
    2000000000.0,
    3000000000.0
  ]
}