{
  "geometry": {
    "length": 0.027394685718278283,
    "width": 0.04332620835924128,
    "height": 0.0009787756008960854,
    "feed_x": 0.001725371754751127,
    "feed_y": 0.001137375994726461
  },
  "substrate": {
    "relative_permittivity": 4.4,
    "loss_tangent": 0.02,
    "substrate_type": "FR4",
    "thickness": 0.0009787756008960854
  },
  "feed_type": "INSET",
  "frequency_band": "2.4GHz",
  "frequency_range": [
    2000000000.0,
    3000000000.0
  ]
}