{
  "geometry": {
    "length": 0.03211086714816298,
    "width": 0.032667899168929655,
    "height": 0.0022479734993253097,
    "feed_x": 0.012844346859265193,
    "feed_y": 0.0022012405279149476
  },
  "substrate": {
    "relative_permittivity": 4.4,
    "loss_tangent": 0.02,
    "substrate_type": "FR4",
    "thickness": 0.0022479734993253097
  },
  "feed_type": "INSET",
  "frequency_band": "2.4GHz",
  "frequency_range": [
    2000000000.0,
    3000000000.0
  ]
}