{
  "geometry": {
    "length": 0.02607295161676957,
    "width": 0.03984775592415792,
    "height": 0.0021981046307410356,
    "feed_x": 0.0034365930823527166,
    "feed_y": 0.009635952478709804
  },
  "substrate": {
    "relative_permittivity": 4.4,
    "loss_tangent": 0.02,
    "substrate_type": "FR4",
    "thickness": 0.0021981046307410356
  },
  "feed_type": "INSET",
  "frequency_band": "2.4GHz",
  "frequency_range": [
    2000000000.0,
    3000000000.0
  ]
}