{
  "geometry": {
    "length": 0.03167322096414939,
    "width": 0.03936314097766416,
    "height": 0.0022835603394842077,
    "feed_x": 0.010848374922657444,
    "feed_y": 0.003194869664871586
  },
  "substrate": {
    "relative_permittivity": 4.4,
    "loss_tangent": 0.02,
    "substrate_type": "FR4",
    "thickness": 0.0022835603394842077
  },
  "feed_type": "INSET",
  "frequency_band": "2.4GHz",
  "frequency_range": [
    2000000000.0,
    3000000000.0
  ]
}