{
  "geometry": {
    "length": 0.028689122406172288,
    "width": 0.04280828971212998,
    "height": 0.002705768882749462,
    "feed_x": 0.011475648962468915,
    "feed_y": 0.004124263699386264
  },
  "substrate": {
    "relative_permittivity": 4.4,
    "loss_tangent": 0.02,
    "substrate_type": "FR4",
    "thickness": 0.002705768882749462
  },
  "feed_type": "INSET",
  "frequency_band": "2.4GHz",
  "frequency_range": [
    2000000000.0,
    3000000000.0
  ]
}