{
  "geometry": {
    "length": 0.02560112428911512,
    "width": 0.03504908055167775,
    "height": 0.0012552340820273609,
    "feed_x": 0.0019250926551777814,
    "feed_y": 0.0140196322206711
  },
  "substrate": {
    "relative_permittivity": 4.4,
    "loss_tangent": 0.02,
    "substrate_type": "FR4",
    "thickness": 0.0012552340820273609
  },
  "feed_type": "INSET",
  "frequency_band": "2.4GHz",
  "frequency_range": [
    2000000000.0,
    3000000000.0
  ]
}