{
  "geometry": {
    "length": 0.031591103435783245,
    "width": 0.040179074891399394,
    "height": 0.002269561804164298,
    "feed_x": 0.00942758492836907,
    "feed_y": 0.010085720247898385
  },
  "substrate": {
    "relative_permittivity": 4.4,
    "loss_tangent": 0.02,
    "substrate_type": "FR4",
    "thickness": 0.002269561804164298
  },
  "feed_type": "INSET",
  "frequency_band": "2.4GHz",
  "frequency_range": [
    2000000000.0,
    3000000000.0
  ]
}