{
  "geometry": {
    "length": 0.032277693208746724,
    "width": 0.03670641312220629,
    "height": 0.002821999496841648,
    "feed_x": 0.00860594161540582,
    "feed_y": 0.0028842113629303045
  },
  "substrate": {
    "relative_permittivity": 4.4,
    "loss_tangent": 0.02,
    "substrate_type": "FR4",
    "thickness": 0.002821999496841648
  },
  "feed_type": "INSET",
  "frequency_band": "2.4GHz",
  "frequency_range": [
    2000000000.0,
    3000000000.0
  ]
}