{
  "geometry": {
    "length": 0.03314703061262182,
    "width": 0.03281870328880097,
    "height": 0.00181417305376837,
    "feed_x": 0.011582113500846777,
    "feed_y": 0.013127481315520387
  },
  "substrate": {
    "relative_permittivity": 4.4,
    "loss_tangent": 0.02,
    "substrate_type": "FR4",
    "thickness": 0.00181417305376837
  },
  "feed_type": "INSET",
  "frequency_band": "2.4GHz",
  "frequency_range": [
    2000000000.0,
    3000000000.0
  ]
}