{
  "geometry": {
    "length": 0.031833081203403335,
    "width": 0.04116661136656949,
    "height": 0.0016735976180862785,
    "feed_x": 0.0011613489403236666,
    "feed_y": 0.001
  },
  "substrate": {
    "relative_permittivity": 4.4,
    "loss_tangent": 0.02,
    "substrate_type": "FR4",
    "thickness": 0.0016735976180862785
  },
  "feed_type": "INSET",
  "frequency_band": "2.4GHz",
  "frequency_range": [
    2000000000.0,
    3000000000.0
  ]
}