{
  "geometry": {
    "length": 0.03444373344817997,
    "width": 0.0395989379929234,
    "height": 0.0029208391002490176,
    "feed_x": 0.011454731897695856,
    "feed_y": 0.011452365950132853
  },
  "substrate": {
    "relative_permittivity": 4.4,
    "loss_tangent": 0.02,
    "substrate_type": "FR4",
    "thickness": 0.0029208391002490176
  },
  "feed_type": "INSET",
  "frequency_band": "2.4GHz",
  "frequency_range": [
    2000000000.0,
    3000000000.0
  ]
}