{
  "geometry": {
    "length": 0.029831840987845373,
    "width": 0.03737898709028373,
    "height": 0.0023251706168693443,
    "feed_x": 0.006663559842471041,
    "feed_y": 0.0035573035448641798
  },
  "substrate": {
    "relative_permittivity": 4.4,
    "loss_tangent": 0.02,
    "substrate_type": "FR4",
    "thickness": 0.0023251706168693443
  },
  "feed_type": "INSET",
  "frequency_band": "2.4GHz",
  "frequency_range": [
    2000000000.0,
    3000000000.0
  ]
}