{
  "geometry": {
    "length": 0.031286148322626446,
    "width": 0.04428991488389095,
    "height": 0.0015744129826795264,
    "feed_x": 0.0045820170562324795,
    "feed_y": 0.008768844984528974
  },
  "substrate": {
    "relative_permittivity": 4.4,
    "loss_tangent": 0.02,
    "substrate_type": "FR4",
    "thickness": 0.0015744129826795264
  },
  "feed_type": "INSET",
  "frequency_band": "2.4GHz",
  "frequency_range": [
    2000000000.0,
    3000000000.0
  ]
}