{
  "geometry": {
    "length": 0.028720023326076614,
    "width": 0.03410759416013898,
    "height": 0.0024915142273291913,
    "feed_x": 0.001,
    "feed_y": 0.002942097616507784
  },
  "substrate": {
    "relative_permittivity": 4.4,
    "loss_tangent": 0.02,
    "substrate_type": "FR4",
    "thickness": 0.0024915142273291913
  },
  "feed_type": "INSET",
  "frequency_band": "2.4GHz",
  "frequency_range": [
    2000000000.0,
    3000000000.0
  ]
}