{
  "geometry": {
    "length": 0.03325856649929791,
    "width": 0.030332845629881828,
    "height": 0.002495108303676867,
    "feed_x": 0.011947635398979708,
    "feed_y": 0.010489486767086003
  },
  "substrate": {
    "relative_permittivity": 4.4,
    "loss_tangent": 0.02,
    "substrate_type": "FR4",
    "thickness": 0.002495108303676867
  },
  "feed_type": "INSET",
  "frequency_band": "2.4GHz",
  "frequency_range": [
    2000000000.0,
    3000000000.0
  ]
}