{
  "geometry": {
    "length": 0.02625562848081128,
    "width": 0.031862509827059134,
    "height": 0.0012567193637551947,
    "feed_x": 0.006021566045103226,
    "feed_y": 0.0012771727049455846
  },
  "substrate": {
    "relative_permittivity": 4.4,
    "loss_tangent": 0.02,
    "substrate_type": "FR4",
    "thickness": 0.0012567193637551947
  },
  "feed_type": "INSET",
  "frequency_band": "2.4GHz",
  "frequency_range": [
    2000000000.0,
    3000000000.0
  ]
}