{
  "geometry": {
    "length": 0.025299844192999577,
    "width": 0.040106900552609216,
    "height": 0.0012144502692507152,
    "feed_x": 0.0032234758317559063,
    "feed_y": 0.00687792947861498
  },
  "substrate": {
    "relative_permittivity": 4.4,
    "loss_tangent": 0.02,
    "substrate_type": "FR4",
    "thickness": 0.0012144502692507152
  },
  "feed_type": "INSET",
  "frequency_band": "2.4GHz",
  "frequency_range": [
    2000000000.0,
    3000000000.0
  ]
}