{
  "geometry": {
    "length": 0.029766055184820617,
    "width": 0.0449139330366584,
    "height": 0.0008713821152976226,
    "feed_x": 0.001,
    "feed_y": 0.005198693910214313
  },
  "substrate": {
    "relative_permittivity": 4.4,
    "loss_tangent": 0.02,
    "substrate_type": "FR4",
    "thickness": 0.0008713821152976226
  },
  "feed_type": "INSET",
  "frequency_band": "2.4GHz",
  "frequency_range": [
    2000000000.0,
    3000000000.0
  ]
}