{
  "geometry": {
    "length": 0.030593697174068814,
    "width": 0.0361145728108417,
    "height": 0.0028781896401936413,
    "feed_x": 0.007203010566076092,
    "feed_y": 0.010907289013658138
  },
  "substrate": {
    "relative_permittivity": 4.4,
    "loss_tangent": 0.02,
    "substrate_type": "FR4",
    "thickness": 0.0028781896401936413
  },
  "feed_type": "INSET",
  "frequency_band": "2.4GHz",
  "frequency_range": [
    2000000000.0,
    3000000000.0
  ]
}