{
  "geometry": {
    "length": 0.030775926376121372,
    "width": 0.031641477489730625,
    "height": 0.0026994748095120697,
    "feed_x": 0.0022799327443429798,
    "feed_y": 0.0073549244807188845
  },
  "substrate": {
    "relative_permittivity": 4.4,
    "loss_tangent": 0.02,
    "substrate_type": "FR4",
    "thickness": 0.0026994748095120697
  },
  "feed_type": "INSET",
  "frequency_band": "2.4GHz",
  "frequency_range": [
    2000000000.0,
    3000000000.0
  ]
}