{
  "geometry": {
    "length": 0.02620903189850695,
    "width": 0.042945790203064056,
    "height": 0.00260862801425241,
    "feed_x": 0.01017160773751144,
    "feed_y": 0.010329011882268785
  },
  "substrate": {
    "relative_permittivity": 4.4,
    "loss_tangent": 0.02,
    "substrate_type": "FR4",
    "thickness": 0.00260862801425241
  },
  "feed_type": "INSET",
  "frequency_band": "2.4GHz",
  "frequency_range": [
    2000000000.0,
    3000000000.0
  ]
}