{
  "geometry": {
    "length": 0.027799281651302667,
    "width": 0.0350066980337965,
    "height": 0.0012308797929777946,
    "feed_x": 0.002182376459907273,
    "feed_y": 0.004778479655520155
  },
  "substrate": {
    "relative_permittivity": 4.4,
    "loss_tangent": 0.02,
    "substrate_type": "FR4",
    "thickness": 0.0012308797929777946
  },
  "feed_type": "INSET",
  "frequency_band": "2.4GHz",
  "frequency_range": [
    2000000000.0,
    3000000000.0
  ]
}