{
  "geometry": {
    "length": 0.034698538267558074,
    "width": 0.030077630037143154,
    "height": 0.0011424551967825823,
    "feed_x": 0.00931406145195343,
    "feed_y": 0.010693785988649658
  },
  "substrate": {
    "relative_permittivity": 4.4,
    "loss_tangent": 0.02,
    "substrate_type": "FR4",
    "thickness": 0.0011424551967825823
  },
  "feed_type": "INSET",
  "frequency_band": "2.4GHz",
  "frequency_range": [
    2000000000.0,
    3000000000.0
  ]
}