{
  "geometry": {
    "length": 0.029102314830074014,
    "width": 0.04100058371856313,
    "height": 0.0022339079724816007,
    "feed_x": 0.002822472227720765,
    "feed_y": 0.016400233487425253
  },
  "substrate": {
    "relative_permittivity": 4.4,
    "loss_tangent": 0.02,
    "substrate_type": "FR4",
    "thickness": 0.0022339079724816007
  },
  "feed_type": "INSET",
  "frequency_band": "2.4GHz",
  "frequency_range": [
    2000000000.0,
    3000000000.0
  ]
}