{
  "geometry": {
    "length": 0.030768462647205112,
    "width": 0.04496454304526753,
    "height": 0.0011582615357723773,
    "feed_x": 0.010974623432488657,
    "feed_y": 0.017985817218107013
  },
  "substrate": {
    "relative_permittivity": 4.4,
    "loss_tangent": 0.02,
    "substrate_type": "FR4",
    "thickness": 0.0011582615357723773
  },
  "feed_type": "INSET",
  "frequency_band": "2.4GHz",
  "frequency_range": [
    2000000000.0,
    3000000000.0
  ]
}