{
  "geometry": {
    "length": 0.029143016815921317,
    "width": 0.033810199321313274,
    "height": 0.0018524998969012127,
    "feed_x": 0.011145851908064958,
    "feed_y": 0.004504160788286598
  },
  "substrate": {
    "relative_permittivity": 4.4,
    "loss_tangent": 0.02,
    "substrate_type": "FR4",
    "thickness": 0.0018524998969012127
  },
  "feed_type": "INSET",
  "frequency_band": "2.4GHz",
  "frequency_range": [
    2000000000.0,
    3000000000.0
  ]
}