{
  "geometry": {
    "length": 0.034137586279383736,
    "width": 0.03392516261479247,
    "height": 0.0008524269402461998,
    "feed_x": 0.013571835848154518,
    "feed_y": 0.01091909776282785
  },
  "substrate": {
    "relative_permittivity": 4.4,
    "loss_tangent": 0.02,
    "substrate_type": "FR4",
    "thickness": 0.0008524269402461998
  },
  "feed_type": "INSET",
  "frequency_band": "2.4GHz",
  "frequency_range": [
    2000000000.0,
    3000000000.0
  ]
}