{
  "geometry": {
    "length": 0.033858625920699624,
    "width": 0.034560616796311366,
    "height": 0.002458877877977396,
    "feed_x": 0.0011411426528512483,
    "feed_y": 0.013741601499044095
  },
  "substrate": {
    "relative_permittivity": 4.4,
    "loss_tangent": 0.02,
    "substrate_type": "FR4",
    "thickness": 0.002458877877977396
  },
  "feed_type": "INSET",
  "frequency_band": "2.4GHz",
  "frequency_range": [
    2000000000.0,
    3000000000.0
  ]
}