{
  "geometry": {
    "length": 0.034864143962385345,
    "width": 0.03070827801240896,
    "height": 0.002383094523586253,
    "feed_x": 0.01094712509506365,
    "feed_y": 0.008836157530749756
  },
  "substrate": {
    "relative_permittivity": 4.4,
    "loss_tangent": 0.02,
    "substrate_type": "FR4",
    "thickness": 0.002383094523586253
  },
  "feed_type": "INSET",
  "frequency_band": "2.4GHz",
  "frequency_range": [
    2000000000.0,
    3000000000.0
  ]
}