{
  "geometry": {
    "length": 0.028271416573279078,
    "width": 0.044084199735264826,
    "height": 0.0027929714823475603,
    "feed_x": 0.0064178402708233,
    "feed_y": 0.01763367989410593
  },
  "substrate": {
    "relative_permittivity": 4.4,
    "loss_tangent": 0.02,
    "substrate_type": "FR4",
    "thickness": 0.0027929714823475603
  },
  "feed_type": "INSET",
  "frequency_band": "2.4GHz",
  "frequency_range": [
    2000000000.0,
    3000000000.0
  ]
}