{
  "geometry": {
    "length": 0.0281806876376431,
    "width": 0.03649320399617248,
    "height": 0.0008981189514418398,
    "feed_x": 0.007692091874942735,
    "feed_y": 0.014597281598468993
  },
  "substrate": {
    "relative_permittivity": 4.4,
    "loss_tangent": 0.02,
    "substrate_type": "FR4",
    "thickness": 0.0008981189514418398
  },
  "feed_type": "INSET",
  "frequency_band": "2.4GHz",
  "frequency_range": [
    2000000000.0,
    3000000000.0
  ]
}