{
  "geometry": {
    "length": 0.025649206831008187,
    "width": 0.033799558254635806,
    "height": 0.0009990277349766542,
    "feed_x": 0.0021484149752487333,
    "feed_y": 0.009322954196883284
  },
  "substrate": {
    "relative_permittivity": 4.4,
    "loss_tangent": 0.02,
    "substrate_type": "FR4",
    "thickness": 0.0009990277349766542
  },
  "feed_type": "INSET",
  "frequency_band": "2.4GHz",
  "frequency_range": [
    2000000000.0,
    3000000000.0
  ]
}