{
  "geometry": {
    "length": 0.025151299046103862,
    "width": 0.03697676872501356,
    "height": 0.0016565423219607523,
    "feed_x": 0.010060519618441545,
    "feed_y": 0.001
  },
  "substrate": {
    "relative_permittivity": 4.4,
    "loss_tangent": 0.02,
    "substrate_type": "FR4",
    "thickness": 0.0016565423219607523
  },
  "feed_type": "INSET",
  "frequency_band": "2.4GHz",
  "frequency_range": [
    2000000000.0,
    3000000000.0
  ]
}