{
  "geometry": {
    "length": 0.03114070757755994,
    "width": 0.039253584877460404,
    "height": 0.0008624137539700082,
    "feed_x": 0.007103661096541257,
    "feed_y": 0.010596637308214937
  },
  "substrate": {
    "relative_permittivity": 4.4,
    "loss_tangent": 0.02,
    "substrate_type": "FR4",
    "thickness": 0.0008624137539700082
  },
  "feed_type": "INSET",
  "frequency_band": "2.4GHz",
  "frequency_range": [
    2000000000.0,
    3000000000.0
  ]
}