{
  "geometry": {
    "length": 0.02708113442086334,
    "width": 0.0418485368293984,
    "height": 0.0030424437243905898,
    "feed_x": 0.001,
    "feed_y": 0.0031048558082891996
  },
  "substrate": {
    "relative_permittivity": 4.4,
    "loss_tangent": 0.02,
    "substrate_type": "FR4",
    "thickness": 0.0030424437243905898
  },
  "feed_type": "INSET",
  "frequency_band": "2.4GHz",
  "frequency_range": [
    2000000000.0,
    3000000000.0
  ]
}