{
  "geometry": {
    "length": 0.03291926958725239,
    "width": 0.03791721513456574,
    "height": 0.002510741875648227,
    "feed_x": 0.012021980625836311,
    "feed_y": 0.001987282679921075
  },
  "substrate": {
    "relative_permittivity": 4.4,
    "loss_tangent": 0.02,
    "substrate_type": "FR4",
    "thickness": 0.002510741875648227
  },
  "feed_type": "INSET",
  "frequency_band": "2.4GHz",
  "frequency_range": [
    2000000000.0,
    3000000000.0
  ]
}