{
  "geometry": {
    "length": 0.02648797209547391,
    "width": 0.04353510020633644,
    "height": 0.002682260439626608,
    "feed_x": 0.004137428832652195,
    "feed_y": 0.0054211398206765555
  },
  "substrate": {
    "relative_permittivity": 4.4,
    "loss_tangent": 0.02,
    "substrate_type": "FR4",
    "thickness": 0.002682260439626608
  },
  "feed_type": "INSET",
  "frequency_band": "2.4GHz",
  "frequency_range": [
    2000000000.0,
    3000000000.0
  ]
}