{
  "geometry": {
    "length": 0.027178248194321443,
    "width": 0.03812463476052711,
    "height": 0.002944451828177392,
    "feed_x": 0.001,
    "feed_y": 0.013700593992646367
  },
  "substrate": {
    "relative_permittivity": 4.4,
    "loss_tangent": 0.02,
    "substrate_type": "FR4",
    "thickness": 0.002944451828177392
  },
  "feed_type": "INSET",
  "frequency_band": "2.4GHz",
  "frequency_range": [
    2000000000.0,
    3000000000.0
  ]
}