{
  "geometry": {
    "length": 0.029009576538860014,
    "width": 0.0434783259335846,
    "height": 0.002171487229309812,
    "feed_x": 0.009556526990026726,
    "feed_y": 0.011884011570364303
  },
  "substrate": {
    "relative_permittivity": 4.4,
    "loss_tangent": 0.02,
    "substrate_type": "FR4",
    "thickness": 0.002171487229309812
  },
  "feed_type": "INSET",
  "frequency_band": "2.4GHz",
  "frequency_range": [
    2000000000.0,
    3000000000.0
  ]
}