{
  "geometry": {
    "length": 0.0276036443964599,
    "width": 0.03796884007915957,
    "height": 0.001768324128995131,
    "feed_x": 0.002063701815393239,
    "feed_y": 0.012976809198185751
  },
  "substrate": {
    "relative_permittivity": 4.4,
    "loss_tangent": 0.02,
    "substrate_type": "FR4",
    "thickness": 0.001768324128995131
  },
  "feed_type": "INSET",
  "frequency_band": "2.4GHz",
  "frequency_range": [
    2000000000.0,
    3000000000.0
  ]
}