{
  "geometry": {
    "length": 0.029890250372975765,
    "width": 0.04325617473805945,
    "height": 0.0019406606330757172,
    "feed_x": 0.001,
    "feed_y": 0.012751028900245234
  },
  "substrate": {
    "relative_permittivity": 4.4,
    "loss_tangent": 0.02,
    "substrate_type": "FR4",
    "thickness": 0.0019406606330757172
  },
  "feed_type": "INSET",
  "frequency_band": "2.4GHz",
  "frequency_range": [
    2000000000.0,
    3000000000.0
  ]
}