{
  "geometry": {
    "length": 0.03290288930646022,
    "width": 0.035317441005533544,
    "height": 0.0019138291847589934,
    "feed_x": 0.012286194753445851,
    "feed_y": 0.0015897554733937712
  },
  "substrate": {
    "relative_permittivity": 4.4,
    "loss_tangent": 0.02,
    "substrate_type": "FR4",
    "thickness": 0.0019138291847589934
  },
  "feed_type": "INSET",
  "frequency_band": "2.4GHz",
  "frequency_range": [
    2000000000.0,
    3000000000.0
  ]
}