{
  "geometry": {
    "length": 0.02795352928201857,
    "width": 0.0379298645635005,
    "height": 0.0008470204239962456,
    "feed_x": 0.0023279692182555196,
    "feed_y": 0.012305855129273052
  },
  "substrate": {
    "relative_permittivity": 4.4,
    "loss_tangent": 0.02,
    "substrate_type": "FR4",
    "thickness": 0.0008470204239962456
  },
  "feed_type": "INSET",
  "frequency_band": "2.4GHz",
  "frequency_range": [
    2000000000.0,
    3000000000.0
  ]
}