{
  "geometry": {
    "length": 0.034999279408529274,
    "width": 0.03492237010183441,
    "height": 0.0021966666369994236,
    "feed_x": 0.001,
    "feed_y": 0.002875261226933071
  },
  "substrate": {
    "relative_permittivity": 4.4,
    "loss_tangent": 0.02,
    "substrate_type": "FR4",
    "thickness": 0.0021966666369994236
  },
  "feed_type": "INSET",
  "frequency_band": "2.4GHz",
  "frequency_range": [
    2000000000.0,
    3000000000.0
  ]
}