{
  "geometry": {
    "length": 0.03004678914373588,
    "width": 0.04279210187516332,
    "height": 0.0008453521196501432,
    "feed_x": 0.004494005939383176,
    "feed_y": 0.011263109484455965
  },
  "substrate": {
    "relative_permittivity": 4.4,
    "loss_tangent": 0.02,
    "substrate_type": "FR4",
    "thickness": 0.0008453521196501432
  },
  "feed_type": "INSET",
  "frequency_band": "2.4GHz",
  "frequency_range": [
    2000000000.0,
    3000000000.0
  ]
}