{
  "geometry": {
    "length": 0.033159328333311526,
    "width": 0.038081970314434666,
    "height": 0.0023791575949256003,
    "feed_x": 0.011266656404536855,
    "feed_y": 0.012402640050739095
  },
  "substrate": {
    "relative_permittivity": 4.4,
    "loss_tangent": 0.02,
    "substrate_type": "FR4",
    "thickness": 0.0023791575949256003
  },
  "feed_type": "INSET",
  "frequency_band": "2.4GHz",
  "frequency_range": [
    2000000000.0,
    3000000000.0
  ]
}