{
  "geometry": {
    "length": 0.034486952953962396,
    "width": 0.044573581451794776,
    "height": 0.001804133629887112,
    "feed_x": 0.0028342304064440885,
    "feed_y": 0.007234029042645804
  },
  "substrate": {
    "relative_permittivity": 4.4,
    "loss_tangent": 0.02,
    "substrate_type": "FR4",
    "thickness": 0.001804133629887112
  },
  "feed_type": "INSET",
  "frequency_band": "2.4GHz",
  "frequency_range": [
    2000000000.0,
    3000000000.0
  ]
}