{
  "geometry": {
    "length": 0.02712581722680772,
    "width": 0.03862013391503787,
    "height": 0.0013692839580493766,
    "feed_x": 0.0037981882121939123,
    "feed_y": 0.01544805356601515
  },
  "substrate": {
    "relative_permittivity": 4.4,
    "loss_tangent": 0.02,
    "substrate_type": "FR4",
    "thickness": 0.0013692839580493766
  },
  "feed_type": "INSET",
  "frequency_band": "2.4GHz",
  "frequency_range": [
    2000000000.0,
    3000000000.0
  ]
}