{
  "geometry": {
    "length": 0.025107070640934964,
    "width": 0.04476166047223849,
    "height": 0.0021157710247495277,
    "feed_x": 0.002414067560952754,
    "feed_y": 0.015839392372405683
  },
  "substrate": {
    "relative_permittivity": 4.4,
    "loss_tangent": 0.02,
    "substrate_type": "FR4",
    "thickness": 0.0021157710247495277
  },
  "feed_type": "INSET",
  "frequency_band": "2.4GHz",
  "frequency_range": [
    2000000000.0,
    3000000000.0
  ]
}