{
  "geometry": {
    "length": 0.02540678377661781,
    "width": 0.0366775838899521,
    "height": 0.0016261500553236023,
    "feed_x": 0.008517620251737464,
    "feed_y": 0.0012146174836582316
  },
  "substrate": {
    "relative_permittivity": 4.4,
    "loss_tangent": 0.02,
    "substrate_type": "FR4",
    "thickness": 0.0016261500553236023
  },
  "feed_type": "INSET",
  "frequency_band": "2.4GHz",
  "frequency_range": [
    2000000000.0,
    3000000000.0
  ]
}