{
  "geometry": {
    "length": 0.025361692960612543,
    "width": 0.04060422375381594,
    "height": 0.002805253642953025,
    "feed_x": 0.0025502915131894225,
    "feed_y": 0.001
  },
  "substrate": {
    "relative_permittivity": 4.4,
    "loss_tangent": 0.02,
    "substrate_type": "FR4",
    "thickness": 0.002805253642953025
  },
  "feed_type": "INSET",
  "frequency_band": "2.4GHz",
  "frequency_range": [
    2000000000.0,
    3000000000.0
  ]
}