{
  "geometry": {
    "length": 0.03294335359809074,
    "width": 0.031619495850462205,
    "height": 0.0029137384758774003,
    "feed_x": 0.0021232941832048787,
    "feed_y": 0.00442371407078494
  },
  "substrate": {
    "relative_permittivity": 4.4,
    "loss_tangent": 0.02,
    "substrate_type": "FR4",
    "thickness": 0.0029137384758774003
  },
  "feed_type": "INSET",
  "frequency_band": "2.4GHz",
  "frequency_range": [
    2000000000.0,
    3000000000.0
  ]
}