{
  "geometry": {
    "length": 0.026909837428901073,
    "width": 0.0438305397944646,
    "height": 0.002962842167332171,
    "feed_x": 0.009462527342678793,
    "feed_y": 0.0024573791154793457
  },
  "substrate": {
    "relative_permittivity": 4.4,
    "loss_tangent": 0.02,
    "substrate_type": "FR4",
    "thickness": 0.002962842167332171
  },
  "feed_type": "INSET",
  "frequency_band": "2.4GHz",
  "frequency_range": [
    2000000000.0,
    3000000000.0
  ]
}