{
  "geometry": {
    "length": 0.029683057375643574,
    "width": 0.030786283250861687,
    "height": 0.002817920538436016,
    "feed_x": 0.0023478686241397493,
    "feed_y": 0.001
  },
  "substrate": {
    "relative_permittivity": 4.4,
    "loss_tangent": 0.02,
    "substrate_type": "FR4",
    "thickness": 0.002817920538436016
  },
  "feed_type": "INSET",
  "frequency_band": "2.4GHz",
  "frequency_range": [
    2000000000.0,
    3000000000.0
  ]
}