{
  "geometry": {
    "length": 0.029731801888918146,
    "width": 0.03150774797022978,
    "height": 0.0021235199393899646,
    "feed_x": 0.011892720755567259,
    "feed_y": 0.004629980736755342
  },
  "substrate": {
    "relative_permittivity": 4.4,
    "loss_tangent": 0.02,
    "substrate_type": "FR4",
    "thickness": 0.0021235199393899646
  },
  "feed_type": "INSET",
  "frequency_band": "2.4GHz",
  "frequency_range": [
    2000000000.0,
    3000000000.0
  ]
}