{
  "geometry": {
    "length": 0.025115442237101666,
    "width": 0.04424696454952807,
    "height": 0.0031968657041020385,
    "feed_x": 0.002642405478201046,
    "feed_y": 0.011810028705193978
  },
  "substrate": {
    "relative_permittivity": 4.4,
    "loss_tangent": 0.02,
    "substrate_type": "FR4",
    "thickness": 0.0031968657041020385
  },
  "feed_type": "INSET",
  "frequency_band": "2.4GHz",
  "frequency_range": [
    2000000000.0,
    3000000000.0
  ]
}