{
  "geometry": {
    "length": 0.03316770343970001,
    "width": 0.0358030226667332,
    "height": 0.0013359736191833292,
    "feed_x": 0.013267081375880006,
    "feed_y": 0.00969355507167537
  },
  "substrate": {
    "relative_permittivity": 4.4,
    "loss_tangent": 0.02,
    "substrate_type": "FR4",
    "thickness": 0.0013359736191833292
  },
  "feed_type": "INSET",
  "frequency_band": "2.4GHz",
  "frequency_range": [
    2000000000.0,
    3000000000.0
  ]
}