{
  "geometry": {
    "length": 0.03242419561702797,
    "width": 0.031284348970826874,
    "height": 0.0010452157703362522,
    "feed_x": 0.004699261683014713,
    "feed_y": 0.001964212992647573
  },
  "substrate": {
    "relative_permittivity": 4.4,
    "loss_tangent": 0.02,
    "substrate_type": "FR4",
    "thickness": 0.0010452157703362522
  },
  "feed_type": "INSET",
  "frequency_band": "2.4GHz",
  "frequency_range": [
    2000000000.0,
    3000000000.0
  ]
}