{
  "geometry": {
    "length": 0.028714121780704312,
    "width": 0.03236651170477194,
    "height": 0.0013086458987562428,
    "feed_x": 0.0027168224184618748,
    "feed_y": 0.005884612629090891
  },
  "substrate": {
    "relative_permittivity": 4.4,
    "loss_tangent": 0.02,
    "substrate_type": "FR4",
    "thickness": 0.0013086458987562428
  },
  "feed_type": "INSET",
  "frequency_band": "2.4GHz",
  "frequency_range": [
    2000000000.0,
    3000000000.0
  ]
}