{
  "geometry": {
    "length": 0.02835268860623092,
    "width": 0.04370059775645804,
    "height": 0.0014733741699419637,
    "feed_x": 0.0020341590237413576,
    "feed_y": 0.002523506305811828
  },
  "substrate": {
    "relative_permittivity": 4.4,
    "loss_tangent": 0.02,
    "substrate_type": "FR4",
    "thickness": 0.0014733741699419637
  },
  "feed_type": "INSET",
  "frequency_band": "2.4GHz",
  "frequency_range": [
    2000000000.0,
    3000000000.0
  ]
}