{
  "geometry": {
    "length": 0.028889466749150668,
    "width": 0.042750894728811925,
    "height": 0.0031425510494602887,
    "feed_x": 0.011555786699660267,
    "feed_y": 0.016765996359034252
  },
  "substrate": {
    "relative_permittivity": 4.4,
    "loss_tangent": 0.02,
    "substrate_type": "FR4",
    "thickness": 0.0031425510494602887
  },
  "feed_type": "INSET",
  "frequency_band": "2.4GHz",
  "frequency_range": [
    2000000000.0,
    3000000000.0
  ]
}