{
  "geometry": {
    "length": 0.033999158846654436,
    "width": 0.036326344988189166,
    "height": 0.00154197538787657,
    "feed_x": 0.012330855921582362,
    "feed_y": 0.006781235906619408
  },
  "substrate": {
    "relative_permittivity": 4.4,
    "loss_tangent": 0.02,
    "substrate_type": "FR4",
    "thickness": 0.00154197538787657
  },
  "feed_type": "INSET",
  "frequency_band": "2.4GHz",
  "frequency_range": [
    2000000000.0,
    3000000000.0
  ]
}