{
  "geometry": {
    "length": 0.029777583610912612,
    "width": 0.04104646181924354,
    "height": 0.0030809835310813614,
    "feed_x": 0.011704832085067542,
    "feed_y": 0.016418584727697416
  },
  "substrate": {
    "relative_permittivity": 4.4,
    "loss_tangent": 0.02,
    "substrate_type": "FR4",
    "thickness": 0.0030809835310813614
  },
  "feed_type": "INSET",
  "frequency_band": "2.4GHz",
  "frequency_range": [
    2000000000.0,
    3000000000.0
  ]
}