{
  "geometry": {
    "length": 0.02777551270492799,
    "width": 0.030219106227349544,
    "height": 0.0009202997979222702,
    "feed_x": 0.006930329341604208,
    "feed_y": 0.008281956150609105
  },
  "substrate": {
    "relative_permittivity": 4.4,
    "loss_tangent": 0.02,
    "substrate_type": "FR4",
    "thickness": 0.0009202997979222702
  },
  "feed_type": "INSET",
  "frequency_band": "2.4GHz",
  "frequency_range": [
    2000000000.0,
    3000000000.0
  ]
}