{
  "geometry": {
    "length": 0.02951917063777132,
    "width": 0.04000262204956321,
    "height": 0.0016173990730798493,
    "feed_x": 0.008842770625241185,
    "feed_y": 0.013499739051683548
  },
  "substrate": {
    "relative_permittivity": 4.4,
    "loss_tangent": 0.02,
    "substrate_type": "FR4",
    "thickness": 0.0016173990730798493
  },
  "feed_type": "INSET",
  "frequency_band": "2.4GHz",
  "frequency_range": [
    2000000000.0,
    3000000000.0
  ]
}