{
  "geometry": {
    "length": 0.026247645479829863,
    "width": 0.042487548933289224,
    "height": 0.001796648434589447,
    "feed_x": 0.0030420663912878593,
    "feed_y": 0.006028742293623186
  },
  "substrate": {
    "relative_permittivity": 4.4,
    "loss_tangent": 0.02,
    "substrate_type": "FR4",
    "thickness": 0.001796648434589447
  },
  "feed_type": "INSET",
  "frequency_band": "2.4GHz",
  "frequency_range": [
    2000000000.0,
    3000000000.0
  ]
}