{
  "geometry": {
    "length": 0.03356447815071441,
    "width": 0.0340274885077638,
    "height": 0.0019503532090025238,
    "feed_x": 0.011602355895321296,
    "feed_y": 0.0027733757086654694
  },
  "substrate": {
    "relative_permittivity": 4.4,
    "loss_tangent": 0.02,
    "substrate_type": "FR4",
    "thickness": 0.0019503532090025238
  },
  "feed_type": "INSET",
  "frequency_band": "2.4GHz",
  "frequency_range": [
    2000000000.0,
    3000000000.0
  ]
}