{
  "geometry": {
    "length": 0.03354959130010229,
    "width": 0.03428527968205066,
    "height": 0.0010018930069361888,
    "feed_x": 0.001,
    "feed_y": 0.0014038170277177206
  },
  "substrate": {
    "relative_permittivity": 4.4,
    "loss_tangent": 0.02,
    "substrate_type": "FR4",
    "thickness": 0.0010018930069361888
  },
  "feed_type": "INSET",
  "frequency_band": "2.4GHz",
  "frequency_range": [
    2000000000.0,
    3000000000.0
  ]
}