{
  "geometry": {
    "length": 0.030782441222691744,
    "width": 0.04230974935166441,
    "height": 0.0014806655983865802,
    "feed_x": 0.004551998629216628,
    "feed_y": 0.009903460409924299
  },
  "substrate": {
    "relative_permittivity": 4.4,
    "loss_tangent": 0.02,
    "substrate_type": "FR4",
    "thickness": 0.0014806655983865802
  },
  "feed_type": "INSET",
  "frequency_band": "2.4GHz",
  "frequency_range": [
    2000000000.0,
    3000000000.0
  ]
}