{
  "geometry": {
    "length": 0.03367850265791734,
    "width": 0.03986104743998174,
    "height": 0.002692153605414689,
    "feed_x": 0.005938525311056303,
    "feed_y": 0.015944418975992698
  },
  "substrate": {
    "relative_permittivity": 4.4,
    "loss_tangent": 0.02,
    "substrate_type": "FR4",
    "thickness": 0.002692153605414689
  },
  "feed_type": "INSET",
  "frequency_band": "2.4GHz",
  "frequency_range": [
    2000000000.0,
    3000000000.0
  ]
}