{
  "geometry": {
    "length": 0.0285696356805269,
    "width": 0.03669835233019132,
    "height": 0.001391318891413557,
    "feed_x": 0.007101427417168102,
    "feed_y": 0.012200168980424293
  },
  "substrate": {
    "relative_permittivity": 4.4,
    "loss_tangent": 0.02,
    "substrate_type": "FR4",
    "thickness": 0.001391318891413557
  },
  "feed_type": "INSET",
  "frequency_band": "2.4GHz",
  "frequency_range": [
    2000000000.0,
    3000000000.0
  ]
}