{
  "geometry": {
    "length": 0.031184275868500415,
    "width": 0.03800782304618002,
    "height": 0.0017073295413114606,
    "feed_x": 0.002801886252273398,
    "feed_y": 0.007799623047961965
  },
  "substrate": {
    "relative_permittivity": 4.4,
    "loss_tangent": 0.02,
    "substrate_type": "FR4",
    "thickness": 0.0017073295413114606
  },
  "feed_type": "INSET",
  "frequency_band": "2.4GHz",
  "frequency_range": [
    2000000000.0,
    3000000000.0
  ]
}