{
  "geometry": {
    "length": 0.026845620103970798,
    "width": 0.039425414795261036,
    "height": 0.0019135944589457918,
    "feed_x": 0.01073824804158832,
    "feed_y": 0.015770165918104415
  },
  "substrate": {
    "relative_permittivity": 4.4,
    "loss_tangent": 0.02,
    "substrate_type": "FR4",
    "thickness": 0.0019135944589457918
  },
  "feed_type": "INSET",
  "frequency_band": "2.4GHz",
  "frequency_range": [
    2000000000.0,
    3000000000.0
  ]
}