{
  "geometry": {
    "length": 0.032689781686083545,
    "width": 0.03564727299934731,
    "height": 0.001946372404977443,
    "feed_x": 0.01307591267443342,
    "feed_y": 0.006628605291742321
  },
  "substrate": {
    "relative_permittivity": 4.4,
    "loss_tangent": 0.02,
    "substrate_type": "FR4",
    "thickness": 0.001946372404977443
  },
  "feed_type": "INSET",
  "frequency_band": "2.4GHz",
  "frequency_range": [
    2000000000.0,
    3000000000.0
  ]
}