{
  "geometry": {
    "length": 0.031609437111870184,
    "width": 0.0412221955474028,
    "height": 0.002412236711626276,
    "feed_x": 0.011702631144467427,
    "feed_y": 0.010173096939261274
  },
  "substrate": {
    "relative_permittivity": 4.4,
    "loss_tangent": 0.02,
    "substrate_type": "FR4",
    "thickness": 0.002412236711626276
  },
  "feed_type": "INSET",
  "frequency_band": "2.4GHz",
  "frequency_range": [
    2000000000.0,
    3000000000.0
  ]
}