{
  "geometry": {
    "length": 0.02778451736158167,
    "width": 0.036596240866883956,
    "height": 0.0009117133478117293,
    "feed_x": 0.011113806944632668,
    "feed_y": 0.014638496346753583
  },
  "substrate": {
    "relative_permittivity": 4.4,
    "loss_tangent": 0.02,
    "substrate_type": "FR4",
    "thickness": 0.0009117133478117293
  },
  "feed_type": "INSET",
  "frequency_band": "2.4GHz",
  "frequency_range": [
    2000000000.0,
    3000000000.0
  ]
}