{
  "geometry": {
    "length": 0.0325704302841537,
    "width": 0.03699618717329206,
    "height": 0.001223205572315758,
    "feed_x": 0.003298779949629742,
    "feed_y": 0.014747491888642095
  },
  "substrate": {
    "relative_permittivity": 4.4,
    "loss_tangent": 0.02,
    "substrate_type": "FR4",
    "thickness": 0.001223205572315758
  },
  "feed_type": "INSET",
  "frequency_band": "2.4GHz",
  "frequency_range": [
    2000000000.0,
    3000000000.0
  ]
}