{
  "geometry": {
    "length": 0.027862389784270185,
    "width": 0.04260235412638551,
    "height": 0.0017358636375718402,
    "feed_x": 0.006230352068080843,
    "feed_y": 0.009471003074902326
  },
  "substrate": {
    "relative_permittivity": 4.4,
    "loss_tangent": 0.02,
    "substrate_type": "FR4",
    "thickness": 0.0017358636375718402
  },
  "feed_type": "INSET",
  "frequency_band": "2.4GHz",
  "frequency_range": [
    2000000000.0,
    3000000000.0
  ]
}