{
  "geometry": {
    "length": 0.025201734521385105,
    "width": 0.03347889456251792,
    "height": 0.00300317419107776,
    "feed_x": 0.0032620750821364896,
    "feed_y": 0.005755758371239187
  },
  "substrate": {
    "relative_permittivity": 4.4,
    "loss_tangent": 0.02,
    "substrate_type": "FR4",
    "thickness": 0.00300317419107776
  },
  "feed_type": "INSET",
  "frequency_band": "2.4GHz",
  "frequency_range": [
    2000000000.0,
    3000000000.0
  ]
}