{
  "geometry": {
    "length": 0.02933406386808682,
    "width": 0.043495509444849687,
    "height": 0.0011703625046752169,
    "feed_x": 0.011733625547234729,
    "feed_y": 0.017398203777939877
  },
  "substrate": {
    "relative_permittivity": 4.4,
    "loss_tangent": 0.02,
    "substrate_type": "FR4",
    "thickness": 0.0011703625046752169
  },
  "feed_type": "INSET",
  "frequency_band": "2.4GHz",
  "frequency_range": [
    2000000000.0,
    3000000000.0
  ]
}