{
  "geometry": {
    "length": 0.02609909420941465,
    "width": 0.03182661106563125,
    "height": 0.001442149180242378,
    "feed_x": 0.00448975287726792,
    "feed_y": 0.0065184351086649125
  },
  "substrate": {
    "relative_permittivity": 4.4,
    "loss_tangent": 0.02,
    "substrate_type": "FR4",
    "thickness": 0.001442149180242378
  },
  "feed_type": "INSET",
  "frequency_band": "2.4GHz",
  "frequency_range": [
    2000000000.0,
    3000000000.0
  ]
}