{
  "geometry": {
    "length": 0.025534570582942277,
    "width": 0.03989519317671655,
    "height": 0.002796119682679416,
    "feed_x": 0.010142665360035436,
    "feed_y": 0.01595807727068662
  },
  "substrate": {
    "relative_permittivity": 4.4,
    "loss_tangent": 0.02,
    "substrate_type": "FR4",
    "thickness": 0.002796119682679416
  },
  "feed_type": "INSET",
  "frequency_band": "2.4GHz",
  "frequency_range": [
    2000000000.0,
    3000000000.0
  ]
}