{
  "geometry": {
    "length": 0.028232042114348332,
    "width": 0.03890181486458878,
    "height": 0.0022050956105718086,
    "feed_x": 0.009120376428091596,
    "feed_y": 0.0046882171324963955
  },
  "substrate": {
    "relative_permittivity": 4.4,
    "loss_tangent": 0.02,
    "substrate_type": "FR4",
    "thickness": 0.0022050956105718086
  },
  "feed_type": "INSET",
  "frequency_band": "2.4GHz",
  "frequency_range": [
    2000000000.0,
    3000000000.0
  ]
}