{
  "geometry": {
    "length": 0.03178274249765281,
    "width": 0.040588089208174125,
    "height": 0.0017751213830952267,
    "feed_x": 0.012713096999061126,
    "feed_y": 0.0012801727272098425
  },
  "substrate": {
    "relative_permittivity": 4.4,
    "loss_tangent": 0.02,
    "substrate_type": "FR4",
    "thickness": 0.0017751213830952267
  },
  "feed_type": "INSET",
  "frequency_band": "2.4GHz",
  "frequency_range": [
    2000000000.0,
    3000000000.0
  ]
}