{
  "geometry": {
    "length": 0.02533164137028731,
    "width": 0.04447387290888102,
    "height": 0.0019286244053743078,
    "feed_x": 0.00737165396173846,
    "feed_y": 0.005940673219052021
  },
  "substrate": {
    "relative_permittivity": 4.4,
    "loss_tangent": 0.02,
    "substrate_type": "FR4",
    "thickness": 0.0019286244053743078
  },
  "feed_type": "INSET",
  "frequency_band": "2.4GHz",
  "frequency_range": [
    2000000000.0,
    3000000000.0
  ]
}