{
  "geometry": {
    "length": 0.03378215277979149,
    "width": 0.03282048610461004,
    "height": 0.0018347884722684075,
    "feed_x": 0.0037812008230697827,
    "feed_y": 0.0068508422578188385
  },
  "substrate": {
    "relative_permittivity": 4.4,
    "loss_tangent": 0.02,
    "substrate_type": "FR4",
    "thickness": 0.0018347884722684075
  },
  "feed_type": "INSET",
  "frequency_band": "2.4GHz",
  "frequency_range": [
    2000000000.0,
    3000000000.0
  ]
}