{
  "geometry": {
    "length": 0.034585221227259766,
    "width": 0.030893746659471075,
    "height": 0.003005041832142731,
    "feed_x": 0.008432438740823153,
    "feed_y": 0.008675483193549934
  },
  "substrate": {
    "relative_permittivity": 4.4,
    "loss_tangent": 0.02,
    "substrate_type": "FR4",
    "thickness": 0.003005041832142731
  },
  "feed_type": "INSET",
  "frequency_band": "2.4GHz",
  "frequency_range": [
    2000000000.0,
    3000000000.0
  ]
}