{
  "geometry": {
    "length": 0.02647314785380634,
    "width": 0.04493605024076615,
    "height": 0.0011493954205007324,
    "feed_x": 0.004773550910264837,
    "feed_y": 0.017423471694272583
  },
  "substrate": {
    "relative_permittivity": 4.4,
    "loss_tangent": 0.02,
    "substrate_type": "FR4",
    "thickness": 0.0011493954205007324
  },
  "feed_type": "INSET",
  "frequency_band": "2.4GHz",
  "frequency_range": [
    2000000000.0,
    3000000000.0
  ]
}