{
  "geometry": {
    "length": 0.032764681761442226,
    "width": 0.03067028127646446,
    "height": 0.00251894254534727,
    "feed_x": 0.013105872704576891,
    "feed_y": 0.008390710034410763
  },
  "substrate": {
    "relative_permittivity": 4.4,
    "loss_tangent": 0.02,
    "substrate_type": "FR4",
    "thickness": 0.00251894254534727
  },
  "feed_type": "INSET",
  "frequency_band": "2.4GHz",
  "frequency_range": [
    2000000000.0,
    3000000000.0
  ]
}