{
  "geometry": {
    "length": 0.0303813919902638,
    "width": 0.03570265313085075,
    "height": 0.002085106539760966,
    "feed_x": 0.0037548483904671073,
    "feed_y": 0.005692917355341662
  },
  "substrate": {
    "relative_permittivity": 4.4,
    "loss_tangent": 0.02,
    "substrate_type": "FR4",
    "thickness": 0.002085106539760966
  },
  "feed_type": "INSET",
  "frequency_band": "2.4GHz",
  "frequency_range": [
    2000000000.0,
    3000000000.0
  ]
}