{
  "geometry": {
    "length": 0.027706573497039665,
    "width": 0.04160941530933694,
    "height": 0.0020348129594624617,
    "feed_x": 0.0026442608195600646,
    "feed_y": 0.001
  },
  "substrate": {
    "relative_permittivity": 4.4,
    "loss_tangent": 0.02,
    "substrate_type": "FR4",
    "thickness": 0.0020348129594624617
  },
  "feed_type": "INSET",
  "frequency_band": "2.4GHz",
  "frequency_range": [
    2000000000.0,
    3000000000.0
  ]
}