{
  "geometry": {
    "length": 0.03233064125897989,
    "width": 0.03951243786384318,
    "height": 0.0012437179894825938,
    "feed_x": 0.007548237654377624,
    "feed_y": 0.015804975145537272
  },
  "substrate": {
    "relative_permittivity": 4.4,
    "loss_tangent": 0.02,
    "substrate_type": "FR4",
    "thickness": 0.0012437179894825938
  },
  "feed_type": "INSET",
  "frequency_band": "2.4GHz",
  "frequency_range": [
    2000000000.0,
    3000000000.0
  ]
}