{
  "geometry": {
    "length": 0.02943517969240414,
    "width": 0.03367570191712642,
    "height": 0.0010372074154934958,
    "feed_x": 0.002376089879667866,
    "feed_y": 0.01168197105308941
  },
  "substrate": {
    "relative_permittivity": 4.4,
    "loss_tangent": 0.02,
    "substrate_type": "FR4",
    "thickness": 0.0010372074154934958
  },
  "feed_type": "INSET",
  "frequency_band": "2.4GHz",
  "frequency_range": [
    2000000000.0,
    3000000000.0
  ]
}