{
  "geometry": {
    "length": 0.032960017715188826,
    "width": 0.04044761305624499,
    "height": 0.0015798528702421438,
    "feed_x": 0.006549223781016661,
    "feed_y": 0.0026671353403307555
  },
  "substrate": {
    "relative_permittivity": 4.4,
    "loss_tangent": 0.02,
    "substrate_type": "FR4",
    "thickness": 0.0015798528702421438
  },
  "feed_type": "INSET",
  "frequency_band": "2.4GHz",
  "frequency_range": [
    2000000000.0,
    3000000000.0
  ]
}