{
  "geometry": {
    "length": 0.03190499016788968,
    "width": 0.04214291783323469,
    "height": 0.0017916371952561008,
    "feed_x": 0.003880513854567966,
    "feed_y": 0.01685716713329388
  },
  "substrate": {
    "relative_permittivity": 4.4,
    "loss_tangent": 0.02,
    "substrate_type": "FR4",
    "thickness": 0.0017916371952561008
  },
  "feed_type": "INSET",
  "frequency_band": "2.4GHz",
  "frequency_range": [
    2000000000.0,
    3000000000.0
  ]
}