{
  "geometry": {
    "length": 0.03477752732916921,
    "width": 0.04436166183892686,
    "height": 0.0023592862112981755,
    "feed_x": 0.013911010931667684,
    "feed_y": 0.012844210632808554
  },
  "substrate": {
    "relative_permittivity": 4.4,
    "loss_tangent": 0.02,
    "substrate_type": "FR4",
    "thickness": 0.0023592862112981755
  },
  "feed_type": "INSET",
  "frequency_band": "2.4GHz",
  "frequency_range": [
    2000000000.0,
    3000000000.0
  ]
}