{
  "geometry": {
    "length": 0.03182123732766974,
    "width": 0.04379795294168933,
    "height": 0.0021624316136746573,
    "feed_x": 0.004162721506391001,
    "feed_y": 0.017519181176675735
  },
  "substrate": {
    "relative_permittivity": 4.4,
    "loss_tangent": 0.02,
    "substrate_type": "FR4",
    "thickness": 0.0021624316136746573
  },
  "feed_type": "INSET",
  "frequency_band": "2.4GHz",
  "frequency_range": [
    2000000000.0,
    3000000000.0
  ]
}