{
  "geometry": {
    "length": 0.032312351964473934,
    "width": 0.04212184933804103,
    "height": 0.0009802360595514406,
    "feed_x": 0.010986448980201888,
    "feed_y": 0.001
  },
  "substrate": {
    "relative_permittivity": 4.4,
    "loss_tangent": 0.02,
    "substrate_type": "FR4",
    "thickness": 0.0009802360595514406
  },
  "feed_type": "INSET",
  "frequency_band": "2.4GHz",
  "frequency_range": [
    2000000000.0,
    3000000000.0
  ]
}