{
  "frequency": [
    1900000000.0,
    1910000000.0,
    1920000000.0,
    1930000000.0,
    1940000000.0,
    1950000000.0,
    1960000000.0,
    1970000000.0,
    1980000000.0,
    1990000000.0,
    2000000000.0,
    2010000000.0,
    2020000000.0,
    2030000000.0,
    2040000000.0,
    2050000000.0,
    2060000000.0,
    2070000000.0,
    2080000000.0,
    2090000000.0,
    2100000000.0,
    2110000000.0,
    2120000000.0,
    2130000000.0,
    2140000000.0,
    2150000000.0,
    2160000000.0,
    2170000000.0,
    2180000000.0,
    2190000000.0,
    2200000000.0,
    2210000000.0,
    2220000000.0,
    2230000000.0,
    2240000000.0,
    2250000000.0,
    2260000000.0,
    2270000000.0,
    2280000000.0,
    2290000000.0,
    2300000000.0,
    2310000000.0,
    2320000000.0,
    2330000000.0,
    2340000000.0,
    2350000000.0,
    2360000000.0,
    2370000000.0,
    2380000000.0,
    2390000000.0,
    2400000000.0,
    2410000000.0,
    2420000000.0,
    2430000000.0,
    2440000000.0,
    2450000000.0,
    2460000000.0,
    2470000000.0,
    2480000000.0,
    2490000000.0,
    2500000000.0,
    2510000000.0,
    2520000000.0,
    2530000000.0,
    2540000000.0,
    2550000000.0,
    2560000000.0,
    2570000000.0,
    2580000000.0,
    2590000000.0,
    2600000000.0,
    2610000000.0,
    2620000000.0,
    2630000000.0,
    2640000000.0,
    2650000000.0,
    2660000000.0,
    2670000000.0,
    2680000000.0,
    2690000000.0,
    2700000000.0,
    2710000000.0,
    2720000000.0,
    2730000000.0,
    2740000000.0,
    2750000000.0,
    2760000000.0,
    2770000000.0,
    2780000000.0,
    2790000000.0,
    2800000000.0,
    2810000000.0,
    2820000000.0,
    2830000000.0,
    2840000000.0,
    2850000000.0,
    2860000000.0,
    2870000000.0,
    2880000000.0,
    2890000000.0,
    2900000000.0
  ],
  "s11_magnitude": [
    -10.883881725507953,
    -15.71302206122482,
    -19.352340815833035,
    -14.098920197670937,
    -9.888323509498514,
    -7.226633070927958,
    -5.4683092060626945,
    -4.27344971464612,
    -3.4471855111765386,
    -2.8655487236805732,
    -2.4456861675174064,
    -2.1322895921835103,
    -1.890008795597086,
    -1.6979232941292501,
    -1.5447195224709689,
    -1.4244843803003624,
    -1.3334962471785516,
    -1.2682959756071412,
    -1.2249834885701887,
    -1.199401605123051,
    -1.1877534375845231,
    -1.187235700707578,
    -1.196402784589041,
    -1.2151536866179948,
    -1.2444026754555306,
    -1.2856032547547802,
    -1.3403164788301591,
    -1.4099618184227614,
    -1.4958025600066325,
    -1.599139722238735,
    -1.7216416500546692,
    -1.8657237991473787,
    -2.034907013176829,
    -2.234113186181847,
    -2.4698964220633988,
    -2.750648298592735,
    -3.0868505445499776,
    -3.4914726285866053,
    -3.9806264513354894,
    -4.574603143905906,
    -5.299436527205792,
    -6.189153006260892,
    -7.2887670882619044,
    -8.657281188079768,
    -10.365529126366205,
    -12.460904975089953,
    -14.766904802654812,
    -16.24336217971675,
    -15.424227180591723,
    -13.225940518548839,
    -11.044079326715423,
    -9.236945350922612,
    -7.788474609902548,
    -6.6260778400577225,
    -5.684899838061744,
    -4.9155402391424925,
    -4.2816496238255235,
    -3.7563475818921708,
    -3.319147104576347,
    -2.953711101076589,
    -2.6464671164706903,
    -2.3859606822860835,
    -2.162713422774259,
    -1.9692892311691126,
    -1.8002890260398574,
    -1.652096885616225,
    -1.5223572068570868,
    -1.409312721874961,
    -1.3112134682651553,
    -1.2259870133549837,
    -1.1512567197779588,
    -1.0846557606488485,
    -1.0242662143506849,
    -0.9689623810908943,
    -0.9184807878798793,
    -0.8731642847730556,
    -0.8334806216958257,
    -0.7995242803204584,
    -0.7707228247469391,
    -0.7458820687783186,
    -0.7235570573548956,
    -0.7025881787212468,
    -0.6825554955166678,
    -0.6639253480196499,
    -0.6477956689978466,
    -0.6353357697410407,
    -0.6271697548026895,
    -0.6229931082105667,
    -0.621620626853624,
    -0.6214795280776112,
    -0.6213552405119919,
    -0.6210539504318028,
    -0.6216450486358497,
    -0.6251182436771199,
    -0.6335689915392774,
    -0.6482701964742255,
    -0.6690707504734695,
    -0.6944466368547311,
    -0.7222669986721592,
    -0.7510142870419247,
    -0.780933584441531
  ],
  "s11_phase": null,
  "gain": 1.4525980430483592,
  "efficiency": 0.32935869624587555,
  "resonance_frequency": 1920000000.0
}