{
  "geometry": {
    "length": 0.03404806207387228,
    "width": 0.03548482850709051,
    "height": 0.0030617831139027585,
    "feed_x": 0.013619224829548913,
    "feed_y": 0.0017538621363994613
  },
  "substrate": {
    "relative_permittivity": 4.4,
    "loss_tangent": 0.02,
    "substrate_type": "FR4",
    "thickness": 0.0030617831139027585
  },
  "feed_type": "INSET",
  "frequency_band": "2.4GHz",
  "frequency_range": [
    2000000000.0,
    3000000000.0
  ]
}