{
  "geometry": {
    "length": 0.031849447900432926,
    "width": 0.043029775861748075,
    "height": 0.0026483237594434146,
    "feed_x": 0.004999871360466131,
    "feed_y": 0.014557049848026112
  },
  "substrate": {
    "relative_permittivity": 4.4,
    "loss_tangent": 0.02,
    "substrate_type": "FR4",
    "thickness": 0.0026483237594434146
  },
  "feed_type": "INSET",
  "frequency_band": "2.4GHz",
  "frequency_range": [
    2000000000.0,
    3000000000.0
  ]
}