{
  "geometry": {
    "length": 0.026153798533425344,
    "width": 0.03350041181010095,
    "height": 0.0022527428106770774,
    "feed_x": 0.0030728557916005882,
    "feed_y": 0.008593557587218902
  },
  "substrate": {
    "relative_permittivity": 4.4,
    "loss_tangent": 0.02,
    "substrate_type": "FR4",
    "thickness": 0.0022527428106770774
  },
  "feed_type": "INSET",
  "frequency_band": "2.4GHz",
  "frequency_range": [
    2000000000.0,
    3000000000.0
  ]
}