{
  "geometry": {
    "length": 0.032065914833298646,
    "width": 0.04216783651871499,
    "height": 0.0024983831732865768,
    "feed_x": 0.009509549515930577,
    "feed_y": 0.001
  },
  "substrate": {
    "relative_permittivity": 4.4,
    "loss_tangent": 0.02,
    "substrate_type": "FR4",
    "thickness": 0.0024983831732865768
  },
  "feed_type": "INSET",
  "frequency_band": "2.4GHz",
  "frequency_range": [
    2000000000.0,
    3000000000.0
  ]
}