{
  "geometry": {
    "length": 0.02894379919093347,
    "width": 0.041485334042473426,
    "height": 0.0015046398402645974,
    "feed_x": 0.011228262147760324,
    "feed_y": 0.007670797691756636
  },
  "substrate": {
    "relative_permittivity": 4.4,
    "loss_tangent": 0.02,
    "substrate_type": "FR4",
    "thickness": 0.0015046398402645974
  },
  "feed_type": "INSET",
  "frequency_band": "2.4GHz",
  "frequency_range": [
    2000000000.0,
    3000000000.0
  ]
}