{
  "geometry": {
    "length": 0.03274780420407798,
    "width": 0.035513041165708345,
    "height": 0.0018105378358392456,
    "feed_x": 0.011089484784788377,
    "feed_y": 0.0035297256159431065
  },
  "substrate": {
    "relative_permittivity": 4.4,
    "loss_tangent": 0.02,
    "substrate_type": "FR4",
    "thickness": 0.0018105378358392456
  },
  "feed_type": "INSET",
  "frequency_band": "2.4GHz",
  "frequency_range": [
    2000000000.0,
    3000000000.0
  ]
}