{
  "geometry": {
    "length": 0.02764807699320965,
    "width": 0.04324168803118186,
    "height": 0.0031576254226901718,
    "feed_x": 0.001,
    "feed_y": 0.008416243788633522
  },
  "substrate": {
    "relative_permittivity": 4.4,
    "loss_tangent": 0.02,
    "substrate_type": "FR4",
    "thickness": 0.0031576254226901718
  },
  "feed_type": "INSET",
  "frequency_band": "2.4GHz",
  "frequency_range": [
    2000000000.0,
    3000000000.0
  ]
}