{
  "geometry": {
    "length": 0.03420339416324496,
    "width": 0.04453867460433749,
    "height": 0.0015031108144116336,
    "feed_x": 0.013681357665297983,
    "feed_y": 0.004196080345194909
  },
  "substrate": {
    "relative_permittivity": 4.4,
    "loss_tangent": 0.02,
    "substrate_type": "FR4",
    "thickness": 0.0015031108144116336
  },
  "feed_type": "INSET",
  "frequency_band": "2.4GHz",
  "frequency_range": [
    2000000000.0,
    3000000000.0
  ]
}