{
  "geometry": {
    "length": 0.03238620280673519,
    "width": 0.03717113579424482,
    "height": 0.00213736466187406,
    "feed_x": 0.012954481122694076,
    "feed_y": 0.0031827875168001065
  },
  "substrate": {
    "relative_permittivity": 4.4,
    "loss_tangent": 0.02,
    "substrate_type": "FR4",
    "thickness": 0.00213736466187406
  },
  "feed_type": "INSET",
  "frequency_band": "2.4GHz",
  "frequency_range": [
    2000000000.0,
    3000000000.0
  ]
}