{
  "geometry": {
    "length": 0.03177932481519813,
    "width": 0.040049207893478996,
    "height": 0.002208798755014003,
    "feed_x": 0.005061869383598748,
    "feed_y": 0.014422227909168616
  },
  "substrate": {
    "relative_permittivity": 4.4,
    "loss_tangent": 0.02,
    "substrate_type": "FR4",
    "thickness": 0.002208798755014003
  },
  "feed_type": "INSET",
  "frequency_band": "2.4GHz",
  "frequency_range": [
    2000000000.0,
    3000000000.0
  ]
}