{
  "geometry": {
    "length": 0.03232283377243273,
    "width": 0.044868600224827554,
    "height": 0.0008130203142991335,
    "feed_x": 0.01183237246470884,
    "feed_y": 0.016370509571107358
  },
  "substrate": {
    "relative_permittivity": 4.4,
    "loss_tangent": 0.02,
    "substrate_type": "FR4",
    "thickness": 0.0008130203142991335
  },
  "feed_type": "INSET",
  "frequency_band": "2.4GHz",
  "frequency_range": [
    2000000000.0,
    3000000000.0
  ]
}