{
  "geometry": {
    "length": 0.029667993333745875,
    "width": 0.03814498610839903,
    "height": 0.0030740629573956044,
    "feed_x": 0.00952284794558008,
    "feed_y": 0.013860496807738756
  },
  "substrate": {
    "relative_permittivity": 4.4,
    "loss_tangent": 0.02,
    "substrate_type": "FR4",
    "thickness": 0.0030740629573956044
  },
  "feed_type": "INSET",
  "frequency_band": "2.4GHz",
  "frequency_range": [
    2000000000.0,
    3000000000.0
  ]
}