{
  "geometry": {
    "length": 0.03253404455621284,
    "width": 0.039961211668509466,
    "height": 0.0023758985456668914,
    "feed_x": 0.012007095439700284,
    "feed_y": 0.008768220545049794
  },
  "substrate": {
    "relative_permittivity": 4.4,
    "loss_tangent": 0.02,
    "substrate_type": "FR4",
    "thickness": 0.0023758985456668914
  },
  "feed_type": "INSET",
  "frequency_band": "2.4GHz",
  "frequency_range": [
    2000000000.0,
    3000000000.0
  ]
}