{
  "geometry": {
    "length": 0.029600767764647304,
    "width": 0.03819691086026619,
    "height": 0.0028313191450156146,
    "feed_x": 0.011840307105858922,
    "feed_y": 0.015278764344106478
  },
  "substrate": {
    "relative_permittivity": 4.4,
    "loss_tangent": 0.02,
    "substrate_type": "FR4",
    "thickness": 0.0028313191450156146
  },
  "feed_type": "INSET",
  "frequency_band": "2.4GHz",
  "frequency_range": [
    2000000000.0,
    3000000000.0
  ]
}