{
  "geometry": {
    "length": 0.028930545834275602,
    "width": 0.04375101285880087,
    "height": 0.002872390246624245,
    "feed_x": 0.00566907495771746,
    "feed_y": 0.0030095522169438075
  },
  "substrate": {
    "relative_permittivity": 4.4,
    "loss_tangent": 0.02,
    "substrate_type": "FR4",
    "thickness": 0.002872390246624245
  },
  "feed_type": "INSET",
  "frequency_band": "2.4GHz",
  "frequency_range": [
    2000000000.0,
    3000000000.0
  ]
}