{
  "geometry": {
    "length": 0.03085144357878298,
    "width": 0.035922185860608524,
    "height": 0.0014321737455336762,
    "feed_x": 0.011571171005970202,
    "feed_y": 0.002974815644868901
  },
  "substrate": {
    "relative_permittivity": 4.4,
    "loss_tangent": 0.02,
    "substrate_type": "FR4",
    "thickness": 0.0014321737455336762
  },
  "feed_type": "INSET",
  "frequency_band": "2.4GHz",
  "frequency_range": [
    2000000000.0,
    3000000000.0
  ]
}