{
  "geometry": {
    "length": 0.034645979522018436,
    "width": 0.04475662965788181,
    "height": 0.0008795679894787803,
    "feed_x": 0.008931747460540174,
    "feed_y": 0.0018789925905762356
  },
  "substrate": {
    "relative_permittivity": 4.4,
    "loss_tangent": 0.02,
    "substrate_type": "FR4",
    "thickness": 0.0008795679894787803
  },
  "feed_type": "INSET",
  "frequency_band": "2.4GHz",
  "frequency_range": [
    2000000000.0,
    3000000000.0
  ]
}