{
  "geometry": {
    "length": 0.03343539068608927,
    "width": 0.03655378268999364,
    "height": 0.001702362066666944,
    "feed_x": 0.013374156274435708,
    "feed_y": 0.014621513075997456
  },
  "substrate": {
    "relative_permittivity": 4.4,
    "loss_tangent": 0.02,
    "substrate_type": "FR4",
    "thickness": 0.001702362066666944
  },
  "feed_type": "INSET",
  "frequency_band": "2.4GHz",
  "frequency_range": [
    2000000000.0,
    3000000000.0
  ]
}