{
  "geometry": {
    "length": 0.02941745736516246,
    "width": 0.03339121809478646,
    "height": 0.0020997093021672833,
    "feed_x": 0.011581602595294786,
    "feed_y": 0.011837443099987213
  },
  "substrate": {
    "relative_permittivity": 4.4,
    "loss_tangent": 0.02,
    "substrate_type": "FR4",
    "thickness": 0.0020997093021672833
  },
  "feed_type": "INSET",
  "frequency_band": "2.4GHz",
  "frequency_range": [
    2000000000.0,
    3000000000.0
  ]
}