{
  "geometry": {
    "length": 0.026622293906673616,
    "width": 0.031150243190071873,
    "height": 0.00236323046444788,
    "feed_x": 0.001,
    "feed_y": 0.0012848983321028956
  },
  "substrate": {
    "relative_permittivity": 4.4,
    "loss_tangent": 0.02,
    "substrate_type": "FR4",
    "thickness": 0.00236323046444788
  },
  "feed_type": "INSET",
  "frequency_band": "2.4GHz",
  "frequency_range": [
    2000000000.0,
    3000000000.0
  ]
}