{
  "geometry": {
    "length": 0.031204314302852965,
    "width": 0.037591313268055565,
    "height": 0.002308310674679134,
    "feed_x": 0.007947333359788734,
    "feed_y": 0.015036525307222227
  },
  "substrate": {
    "relative_permittivity": 4.4,
    "loss_tangent": 0.02,
    "substrate_type": "FR4",
    "thickness": 0.002308310674679134
  },
  "feed_type": "INSET",
  "frequency_band": "2.4GHz",
  "frequency_range": [
    2000000000.0,
    3000000000.0
  ]
}