{
  "geometry": {
    "length": 0.028622048851610172,
    "width": 0.038985809594057744,
    "height": 0.002143391879950786,
    "feed_x": 0.006202540010247856,
    "feed_y": 0.005300217319832696
  },
  "substrate": {
    "relative_permittivity": 4.4,
    "loss_tangent": 0.02,
    "substrate_type": "FR4",
    "thickness": 0.002143391879950786
  },
  "feed_type": "INSET",
  "frequency_band": "2.4GHz",
  "frequency_range": [
    2000000000.0,
    3000000000.0
  ]
}