{
  "geometry": {
    "length": 0.03445733024336908,
    "width": 0.04034502646503986,
    "height": 0.0025651503862340686,
    "feed_x": 0.0019220486350610033,
    "feed_y": 0.009258747603759278
  },
  "substrate": {
    "relative_permittivity": 4.4,
    "loss_tangent": 0.02,
    "substrate_type": "FR4",
    "thickness": 0.0025651503862340686
  },
  "feed_type": "INSET",
  "frequency_band": "2.4GHz",
  "frequency_range": [
    2000000000.0,
    3000000000.0
  ]
}