{
  "geometry": {
    "length": 0.025502298068864622,
    "width": 0.0406449471518425,
    "height": 0.0016769447291834828,
    "feed_x": 0.01020091922754585,
    "feed_y": 0.0018934530853567477
  },
  "substrate": {
    "relative_permittivity": 4.4,
    "loss_tangent": 0.02,
    "substrate_type": "FR4",
    "thickness": 0.0016769447291834828
  },
  "feed_type": "INSET",
  "frequency_band": "2.4GHz",
  "frequency_range": [
    2000000000.0,
    3000000000.0
  ]
}