{
  "geometry": {
    "length": 0.028372956031210227,
    "width": 0.0398227622372417,
    "height": 0.0010531198701660056,
    "feed_x": 0.005721782330797308,
    "feed_y": 0.001
  },
  "substrate": {
    "relative_permittivity": 4.4,
    "loss_tangent": 0.02,
    "substrate_type": "FR4",
    "thickness": 0.0010531198701660056
  },
  "feed_type": "INSET",
  "frequency_band": "2.4GHz",
  "frequency_range": [
    2000000000.0,
    3000000000.0
  ]
}