{
  "geometry": {
    "length": 0.03141283109810841,
    "width": 0.04236825957746784,
    "height": 0.0009745466202515716,
    "feed_x": 0.003909383515207742,
    "feed_y": 0.001273111070796762
  },
  "substrate": {
    "relative_permittivity": 4.4,
    "loss_tangent": 0.02,
    "substrate_type": "FR4",
    "thickness": 0.0009745466202515716
  },
  "feed_type": "INSET",
  "frequency_band": "2.4GHz",
  "frequency_range": [
    2000000000.0,
    3000000000.0
  ]
}