{
  "geometry": {
    "length": 0.029741545421012847,
    "width": 0.030208364185402764,
    "height": 0.002703931907869256,
    "feed_x": 0.01189661816840514,
    "feed_y": 0.012083345674161106
  },
  "substrate": {
    "relative_permittivity": 4.4,
    "loss_tangent": 0.02,
    "substrate_type": "FR4",
    "thickness": 0.002703931907869256
  },
  "feed_type": "INSET",
  "frequency_band": "2.4GHz",
  "frequency_range": [
    2000000000.0,
    3000000000.0
  ]
}