{
  "geometry": {
    "length": 0.02753696662367318,
    "width": 0.03398740464117985,
    "height": 0.002859209562187754,
    "feed_x": 0.00808122315298097,
    "feed_y": 0.009723337501681036
  },
  "substrate": {
    "relative_permittivity": 4.4,
    "loss_tangent": 0.02,
    "substrate_type": "FR4",
    "thickness": 0.002859209562187754
  },
  "feed_type": "INSET",
  "frequency_band": "2.4GHz",
  "frequency_range": [
    2000000000.0,
    3000000000.0
  ]
}