{
  "geometry": {
    "length": 0.03489551754386746,
    "width": 0.03395411140926237,
    "height": 0.002040607881719249,
    "feed_x": 0.003214656554159654,
    "feed_y": 0.007496494330736627
  },
  "substrate": {
    "relative_permittivity": 4.4,
    "loss_tangent": 0.02,
    "substrate_type": "FR4",
    "thickness": 0.002040607881719249
  },
  "feed_type": "INSET",
  "frequency_band": "2.4GHz",
  "frequency_range": [
    2000000000.0,
    3000000000.0
  ]
}