{
  "geometry": {
    "length": 0.028786725044355876,
    "width": 0.0448293080388041,
    "height": 0.0026631542159709057,
    "feed_x": 0.008358270574662572,
    "feed_y": 0.004013369401351477
  },
  "substrate": {
    "relative_permittivity": 4.4,
    "loss_tangent": 0.02,
    "substrate_type": "FR4",
    "thickness": 0.0026631542159709057
  },
  "feed_type": "INSET",
  "frequency_band": "2.4GHz",
  "frequency_range": [
    2000000000.0,
    3000000000.0
  ]
}