{
  "geometry": {
    "length": 0.02551553749978839,
    "width": 0.036047038374692766,
    "height": 0.0014774640312056788,
    "feed_x": 0.0017666989592379822,
    "feed_y": 0.0011648919036985653
  },
  "substrate": {
    "relative_permittivity": 4.4,
    "loss_tangent": 0.02,
    "substrate_type": "FR4",
    "thickness": 0.0014774640312056788
  },
  "feed_type": "INSET",
  "frequency_band": "2.4GHz",
  "frequency_range": [
    2000000000.0,
    3000000000.0
  ]
}