{
  "geometry": {
    "length": 0.032448378200650566,
    "width": 0.031930014342974454,
    "height": 0.001980004997455253,
    "feed_x": 0.012979351280260227,
    "feed_y": 0.012772005737189783
  },
  "substrate": {
    "relative_permittivity": 4.4,
    "loss_tangent": 0.02,
    "substrate_type": "FR4",
    "thickness": 0.001980004997455253
  },
  "feed_type": "INSET",
  "frequency_band": "2.4GHz",
  "frequency_range": [
    2000000000.0,
    3000000000.0
  ]
}