{
  "geometry": {
    "length": 0.031397776320721035,
    "width": 0.03639838556052303,
    "height": 0.0025934170248563407,
    "feed_x": 0.001,
    "feed_y": 0.009066296418776728
  },
  "substrate": {
    "relative_permittivity": 4.4,
    "loss_tangent": 0.02,
    "substrate_type": "FR4",
    "thickness": 0.0025934170248563407
  },
  "feed_type": "INSET",
  "frequency_band": "2.4GHz",
  "frequency_range": [
    2000000000.0,
    3000000000.0
  ]
}