{
  "geometry": {
    "length": 0.028339446045908358,
    "width": 0.03014738037793596,
    "height": 0.0012678718833616948,
    "feed_x": 0.011335778418363343,
    "feed_y": 0.012058952151174385
  },
  "substrate": {
    "relative_permittivity": 4.4,
    "loss_tangent": 0.02,
    "substrate_type": "FR4",
    "thickness": 0.0012678718833616948
  },
  "feed_type": "INSET",
  "frequency_band": "2.4GHz",
  "frequency_range": [
    2000000000.0,
    3000000000.0
  ]
}