{
  "geometry": {
    "length": 0.025778296809118882,
    "width": 0.03449896292756301,
    "height": 0.0018662530858592039,
    "feed_x": 0.008348455318468246,
    "feed_y": 0.011354924053664348
  },
  "substrate": {
    "relative_permittivity": 4.4,
    "loss_tangent": 0.02,
    "substrate_type": "FR4",
    "thickness": 0.0018662530858592039
  },
  "feed_type": "INSET",
  "frequency_band": "2.4GHz",
  "frequency_range": [
    2000000000.0,
    3000000000.0
  ]
}