{
  "geometry": {
    "length": 0.03198477368224487,
    "width": 0.0384935411491499,
    "height": 0.002948481812680371,
    "feed_x": 0.011778518397298652,
    "feed_y": 0.0054930361469214305
  },
  "substrate": {
    "relative_permittivity": 4.4,
    "loss_tangent": 0.02,
    "substrate_type": "FR4",
    "thickness": 0.002948481812680371
  },
  "feed_type": "INSET",
  "frequency_band": "2.4GHz",
  "frequency_range": [
    2000000000.0,
    3000000000.0
  ]
}