{
  "geometry": {
    "length": 0.033026227940171175,
    "width": 0.031194088395261103,
    "height": 0.002261285339136737,
    "feed_x": 0.00932721987744722,
    "feed_y": 0.010720089263055076
  },
  "substrate": {
    "relative_permittivity": 4.4,
    "loss_tangent": 0.02,
    "substrate_type": "FR4",
    "thickness": 0.002261285339136737
  },
  "feed_type": "INSET",
  "frequency_band": "2.4GHz",
  "frequency_range": [
    2000000000.0,
    3000000000.0
  ]
}