{
  "geometry": {
    "length": 0.026069001689428235,
    "width": 0.04484838895565567,
    "height": 0.003134923216548534,
    "feed_x": 0.010427600675771295,
    "feed_y": 0.0027330166705213
  },
  "substrate": {
    "relative_permittivity": 4.4,
    "loss_tangent": 0.02,
    "substrate_type": "FR4",
    "thickness": 0.003134923216548534
  },
  "feed_type": "INSET",
  "frequency_band": "2.4GHz",
  "frequency_range": [
    2000000000.0,
    3000000000.0
  ]
}