{
  "geometry": {
    "length": 0.030300467962254916,
    "width": 0.03136206870617384,
    "height": 0.0030080974897464434,
    "feed_x": 0.012120187184901966,
    "feed_y": 0.0105903285315837
  },
  "substrate": {
    "relative_permittivity": 4.4,
    "loss_tangent": 0.02,
    "substrate_type": "FR4",
    "thickness": 0.0030080974897464434
  },
  "feed_type": "INSET",
  "frequency_band": "2.4GHz",
  "frequency_range": [
    2000000000.0,
    3000000000.0
  ]
}