{
  "geometry": {
    "length": 0.03135501183041469,
    "width": 0.03276702883438493,
    "height": 0.0011621480486818496,
    "feed_x": 0.00747192201227257,
    "feed_y": 0.0075541544457592355
  },
  "substrate": {
    "relative_permittivity": 4.4,
    "loss_tangent": 0.02,
    "substrate_type": "FR4",
    "thickness": 0.0011621480486818496
  },
  "feed_type": "INSET",
  "frequency_band": "2.4GHz",
  "frequency_range": [
    2000000000.0,
    3000000000.0
  ]
}