{
  "geometry": {
    "length": 0.028364374718792443,
    "width": 0.03378663602113312,
    "height": 0.002914436942296158,
    "feed_x": 0.011345749887516979,
    "feed_y": 0.008377802713343393
  },
  "substrate": {
    "relative_permittivity": 4.4,
    "loss_tangent": 0.02,
    "substrate_type": "FR4",
    "thickness": 0.002914436942296158
  },
  "feed_type": "INSET",
  "frequency_band": "2.4GHz",
  "frequency_range": [
    2000000000.0,
    3000000000.0
  ]
}