{
  "geometry": {
    "length": 0.03050487710957295,
    "width": 0.03745788828935385,
    "height": 0.0011855473243050734,
    "feed_x": 0.003364530214244716,
    "feed_y": 0.010822184414564857
  },
  "substrate": {
    "relative_permittivity": 4.4,
    "loss_tangent": 0.02,
    "substrate_type": "FR4",
    "thickness": 0.0011855473243050734
  },
  "feed_type": "INSET",
  "frequency_band": "2.4GHz",
  "frequency_range": [
    2000000000.0,
    3000000000.0
  ]
}