{
  "geometry": {
    "length": 0.03001744791100401,
    "width": 0.042404531385315136,
    "height": 0.0012639430205389306,
    "feed_x": 0.004826279001722736,
    "feed_y": 0.004634482867198998
  },
  "substrate": {
    "relative_permittivity": 4.4,
    "loss_tangent": 0.02,
    "substrate_type": "FR4",
    "thickness": 0.0012639430205389306
  },
  "feed_type": "INSET",
  "frequency_band": "2.4GHz",
  "frequency_range": [
    2000000000.0,
    3000000000.0
  ]
}