{
  "geometry": {
    "length": 0.029560237991356424,
    "width": 0.03215950864154604,
    "height": 0.0018254424357867973,
    "feed_x": 0.01182409519654257,
    "feed_y": 0.012863803456618417
  },
  "substrate": {
    "relative_permittivity": 4.4,
    "loss_tangent": 0.02,
    "substrate_type": "FR4",
    "thickness": 0.0018254424357867973
  },
  "feed_type": "INSET",
  "frequency_band": "2.4GHz",
  "frequency_range": [
    2000000000.0,
    3000000000.0
  ]
}