{
  "geometry": {
    "length": 0.026515801894389443,
    "width": 0.031346831685083426,
    "height": 0.0025420913875781,
    "feed_x": 0.001890841854374287,
    "feed_y": 0.004661652829610043
  },
  "substrate": {
    "relative_permittivity": 4.4,
    "loss_tangent": 0.02,
    "substrate_type": "FR4",
    "thickness": 0.0025420913875781
  },
  "feed_type": "INSET",
  "frequency_band": "2.4GHz",
  "frequency_range": [
    2000000000.0,
    3000000000.0
  ]
}