{
  "geometry": {
    "length": 0.033803769147425305,
    "width": 0.03178615478011428,
    "height": 0.002933632183817787,
    "feed_x": 0.002929912978626054,
    "feed_y": 0.002643020003892353
  },
  "substrate": {
    "relative_permittivity": 4.4,
    "loss_tangent": 0.02,
    "substrate_type": "FR4",
    "thickness": 0.002933632183817787
  },
  "feed_type": "INSET",
  "frequency_band": "2.4GHz",
  "frequency_range": [
    2000000000.0,
    3000000000.0
  ]
}