{
  "geometry": {
    "length": 0.02742143385715908,
    "width": 0.04125362220705247,
    "height": 0.0016838732889057177,
    "feed_x": 0.00487509092121915,
    "feed_y": 0.0024210243292553547
  },
  "substrate": {
    "relative_permittivity": 4.4,
    "loss_tangent": 0.02,
    "substrate_type": "FR4",
    "thickness": 0.0016838732889057177
  },
  "feed_type": "INSET",
  "frequency_band": "2.4GHz",
  "frequency_range": [
    2000000000.0,
    3000000000.0
  ]
}