{
  "geometry": {
    "length": 0.03129255229072184,
    "width": 0.03804269241084212,
    "height": 0.0029174015531319227,
    "feed_x": 0.0038288337987329867,
    "feed_y": 0.008062809241461202
  },
  "substrate": {
    "relative_permittivity": 4.4,
    "loss_tangent": 0.02,
    "substrate_type": "FR4",
    "thickness": 0.0029174015531319227
  },
  "feed_type": "INSET",
  "frequency_band": "2.4GHz",
  "frequency_range": [
    2000000000.0,
    3000000000.0
  ]
}