{
  "geometry": {
    "length": 0.02946876143118871,
    "width": 0.034343843377896664,
    "height": 0.0015402633590690879,
    "feed_x": 0.011184415890971565,
    "feed_y": 0.001
  },
  "substrate": {
    "relative_permittivity": 4.4,
    "loss_tangent": 0.02,
    "substrate_type": "FR4",
    "thickness": 0.0015402633590690879
  },
  "feed_type": "INSET",
  "frequency_band": "2.4GHz",
  "frequency_range": [
    2000000000.0,
    3000000000.0
  ]
}