{
  "geometry": {
    "length": 0.03152984083696961,
    "width": 0.04357145439696886,
    "height": 0.001129998543540544,
    "feed_x": 0.012611936334787844,
    "feed_y": 0.015172617753015103
  },
  "substrate": {
    "relative_permittivity": 4.4,
    "loss_tangent": 0.02,
    "substrate_type": "FR4",
    "thickness": 0.001129998543540544
  },
  "feed_type": "INSET",
  "frequency_band": "2.4GHz",
  "frequency_range": [
    2000000000.0,
    3000000000.0
  ]
}