{
  "geometry": {
    "length": 0.03048209134869137,
    "width": 0.04051767178918842,
    "height": 0.0027672570955804697,
    "feed_x": 0.012192836539476549,
    "feed_y": 0.014230555691304249
  },
  "substrate": {
    "relative_permittivity": 4.4,
    "loss_tangent": 0.02,
    "substrate_type": "FR4",
    "thickness": 0.0027672570955804697
  },
  "feed_type": "INSET",
  "frequency_band": "2.4GHz",
  "frequency_range": [
    2000000000.0,
    3000000000.0
  ]
}