{
  "geometry": {
    "length": 0.027996734531573284,
    "width": 0.04258203285229111,
    "height": 0.0010933324365858944,
    "feed_x": 0.001,
    "feed_y": 0.010235726825012482
  },
  "substrate": {
    "relative_permittivity": 4.4,
    "loss_tangent": 0.02,
    "substrate_type": "FR4",
    "thickness": 0.0010933324365858944
  },
  "feed_type": "INSET",
  "frequency_band": "2.4GHz",
  "frequency_range": [
    2000000000.0,
    3000000000.0
  ]
}