{
  "geometry": {
    "length": 0.030892703180064058,
    "width": 0.04400387098848559,
    "height": 0.0011465727135873977,
    "feed_x": 0.0030979782524539743,
    "feed_y": 0.01637870246811315
  },
  "substrate": {
    "relative_permittivity": 4.4,
    "loss_tangent": 0.02,
    "substrate_type": "FR4",
    "thickness": 0.0011465727135873977
  },
  "feed_type": "INSET",
  "frequency_band": "2.4GHz",
  "frequency_range": [
    2000000000.0,
    3000000000.0
  ]
}