{
  "geometry": {
    "length": 0.02681466094367278,
    "width": 0.03387342209188734,
    "height": 0.002733490716904765,
    "feed_x": 0.003437806863266611,
    "feed_y": 0.001
  },
  "substrate": {
    "relative_permittivity": 4.4,
    "loss_tangent": 0.02,
    "substrate_type": "FR4",
    "thickness": 0.002733490716904765
  },
  "feed_type": "INSET",
  "frequency_band": "2.4GHz",
  "frequency_range": [
    2000000000.0,
    3000000000.0
  ]
}