{
  "geometry": {
    "length": 0.030198182704321883,
    "width": 0.03262478858031807,
    "height": 0.0015095972890587076,
    "feed_x": 0.007335851055716471,
    "feed_y": 0.006554019692860648
  },
  "substrate": {
    "relative_permittivity": 4.4,
    "loss_tangent": 0.02,
    "substrate_type": "FR4",
    "thickness": 0.0015095972890587076
  },
  "feed_type": "INSET",
  "frequency_band": "2.4GHz",
  "frequency_range": [
    2000000000.0,
    3000000000.0
  ]
}