{
  "geometry": {
    "length": 0.03388778047748553,
    "width": 0.03212829139117771,
    "height": 0.003162417645929801,
    "feed_x": 0.004629394119746143,
    "feed_y": 0.00989935383464787
  },
  "substrate": {
    "relative_permittivity": 4.4,
    "loss_tangent": 0.02,
    "substrate_type": "FR4",
    "thickness": 0.003162417645929801
  },
  "feed_type": "INSET",
  "frequency_band": "2.4GHz",
  "frequency_range": [
    2000000000.0,
    3000000000.0
  ]
}