{
  "geometry": {
    "length": 0.03162905444649337,
    "width": 0.03642977980477993,
    "height": 0.0031905145138218793,
    "feed_x": 0.00671144599134598,
    "feed_y": 0.014571911921911974
  },
  "substrate": {
    "relative_permittivity": 4.4,
    "loss_tangent": 0.02,
    "substrate_type": "FR4",
    "thickness": 0.0031905145138218793
  },
  "feed_type": "INSET",
  "frequency_band": "2.4GHz",
  "frequency_range": [
    2000000000.0,
    3000000000.0
  ]
}