{
  "geometry": {
    "length": 0.030448437260228833,
    "width": 0.044326353096824936,
    "height": 0.001644280665659161,
    "feed_x": 0.0035777784807960473,
    "feed_y": 0.017606322203487717
  },
  "substrate": {
    "relative_permittivity": 4.4,
    "loss_tangent": 0.02,
    "substrate_type": "FR4",
    "thickness": 0.001644280665659161
  },
  "feed_type": "INSET",
  "frequency_band": "2.4GHz",
  "frequency_range": [
    2000000000.0,
    3000000000.0
  ]
}