{
  "geometry": {
    "length": 0.026953195811943303,
    "width": 0.04272655997979252,
    "height": 0.0008575363221507054,
    "feed_x": 0.0018093214063495898,
    "feed_y": 0.00698895121725808
  },
  "substrate": {
    "relative_permittivity": 4.4,
    "loss_tangent": 0.02,
    "substrate_type": "FR4",
    "thickness": 0.0008575363221507054
  },
  "feed_type": "INSET",
  "frequency_band": "2.4GHz",
  "frequency_range": [
    2000000000.0,
    3000000000.0
  ]
}