{
  "geometry": {
    "length": 0.025743383387368323,
    "width": 0.037584395134066896,
    "height": 0.0017453732799966525,
    "feed_x": 0.0017666810080910836,
    "feed_y": 0.0029266506105884494
  },
  "substrate": {
    "relative_permittivity": 4.4,
    "loss_tangent": 0.02,
    "substrate_type": "FR4",
    "thickness": 0.0017453732799966525
  },
  "feed_type": "INSET",
  "frequency_band": "2.4GHz",
  "frequency_range": [
    2000000000.0,
    3000000000.0
  ]
}