{
  "geometry": {
    "length": 0.028505880252759883,
    "width": 0.030563023471073036,
    "height": 0.0011979001280133543,
    "feed_x": 0.0016845281766199075,
    "feed_y": 0.007260032212482699
  },
  "substrate": {
    "relative_permittivity": 4.4,
    "loss_tangent": 0.02,
    "substrate_type": "FR4",
    "thickness": 0.0011979001280133543
  },
  "feed_type": "INSET",
  "frequency_band": "2.4GHz",
  "frequency_range": [
    2000000000.0,
    3000000000.0
  ]
}