{
  "geometry": {
    "length": 0.031680730510002676,
    "width": 0.04250408361105641,
    "height": 0.001583442881800937,
    "feed_x": 0.008932287838190042,
    "feed_y": 0.005159447974880407
  },
  "substrate": {
    "relative_permittivity": 4.4,
    "loss_tangent": 0.02,
    "substrate_type": "FR4",
    "thickness": 0.001583442881800937
  },
  "feed_type": "INSET",
  "frequency_band": "2.4GHz",
  "frequency_range": [
    2000000000.0,
    3000000000.0
  ]
}