{
  "geometry": {
    "length": 0.029082539320210408,
    "width": 0.042046714422437126,
    "height": 0.002069081780502965,
    "feed_x": 0.004398279035795599,
    "feed_y": 0.005155363003572027
  },
  "substrate": {
    "relative_permittivity": 4.4,
    "loss_tangent": 0.02,
    "substrate_type": "FR4",
    "thickness": 0.002069081780502965
  },
  "feed_type": "INSET",
  "frequency_band": "2.4GHz",
  "frequency_range": [
    2000000000.0,
    3000000000.0
  ]
}