{
  "geometry": {
    "length": 0.032492884419584034,
    "width": 0.03299774318982664,
    "height": 0.003178286302351987,
    "feed_x": 0.007081203457885911,
    "feed_y": 0.0098841634110595
  },
  "substrate": {
    "relative_permittivity": 4.4,
    "loss_tangent": 0.02,
    "substrate_type": "FR4",
    "thickness": 0.003178286302351987
  },
  "feed_type": "INSET",
  "frequency_band": "2.4GHz",
  "frequency_range": [
    2000000000.0,
    3000000000.0
  ]
}