{
  "geometry": {
    "length": 0.03222638701101148,
    "width": 0.03834221065921441,
    "height": 0.0013578273184984614,
    "feed_x": 0.0061034548411859815,
    "feed_y": 0.015336884263685763
  },
  "substrate": {
    "relative_permittivity": 4.4,
    "loss_tangent": 0.02,
    "substrate_type": "FR4",
    "thickness": 0.0013578273184984614
  },
  "feed_type": "INSET",
  "frequency_band": "2.4GHz",
  "frequency_range": [
    2000000000.0,
    3000000000.0
  ]
}