{
  "geometry": {
    "length": 0.030082179948292622,
    "width": 0.03672199797842607,
    "height": 0.0020117261502291595,
    "feed_x": 0.0029219962475617216,
    "feed_y": 0.001
  },
  "substrate": {
    "relative_permittivity": 4.4,
    "loss_tangent": 0.02,
    "substrate_type": "FR4",
    "thickness": 0.0020117261502291595
  },
  "feed_type": "INSET",
  "frequency_band": "2.4GHz",
  "frequency_range": [
    2000000000.0,
    3000000000.0
  ]
}