{
  "geometry": {
    "length": 0.02885180472028116,
    "width": 0.03324519141854068,
    "height": 0.0019838959977410663,
    "feed_x": 0.009106839456577009,
    "feed_y": 0.012568758520123572
  },
  "substrate": {
    "relative_permittivity": 4.4,
    "loss_tangent": 0.02,
    "substrate_type": "FR4",
    "thickness": 0.0019838959977410663
  },
  "feed_type": "INSET",
  "frequency_band": "2.4GHz",
  "frequency_range": [
    2000000000.0,
    3000000000.0
  ]
}