{
  "geometry": {
    "length": 0.02884328145811386,
    "width": 0.038370591195562395,
    "height": 0.0023975098104283,
    "feed_x": 0.001,
    "feed_y": 0.007716093306833703
  },
  "substrate": {
    "relative_permittivity": 4.4,
    "loss_tangent": 0.02,
    "substrate_type": "FR4",
    "thickness": 0.0023975098104283
  },
  "feed_type": "INSET",
  "frequency_band": "2.4GHz",
  "frequency_range": [
    2000000000.0,
    3000000000.0
  ]
}