{
  "geometry": {
    "length": 0.030332825224140297,
    "width": 0.04305128101133442,
    "height": 0.001086289072900563,
    "feed_x": 0.001,
    "feed_y": 0.01722051240453377
  },
  "substrate": {
    "relative_permittivity": 4.4,
    "loss_tangent": 0.02,
    "substrate_type": "FR4",
    "thickness": 0.001086289072900563
  },
  "feed_type": "INSET",
  "frequency_band": "2.4GHz",
  "frequency_range": [
    2000000000.0,
    3000000000.0
  ]
}