{
  "geometry": {
    "length": 0.02532380084019816,
    "width": 0.03453454912582088,
    "height": 0.0025547384810007357,
    "feed_x": 0.010129520336079265,
    "feed_y": 0.013417946967665963
  },
  "substrate": {
    "relative_permittivity": 4.4,
    "loss_tangent": 0.02,
    "substrate_type": "FR4",
    "thickness": 0.0025547384810007357
  },
  "feed_type": "INSET",
  "frequency_band": "2.4GHz",
  "frequency_range": [
    2000000000.0,
    3000000000.0
  ]
}