{
  "geometry": {
    "length": 0.026270069011372826,
    "width": 0.03240869755718213,
    "height": 0.002091646602359097,
    "feed_x": 0.007542864759936182,
    "feed_y": 0.005761409699061803
  },
  "substrate": {
    "relative_permittivity": 4.4,
    "loss_tangent": 0.02,
    "substrate_type": "FR4",
    "thickness": 0.002091646602359097
  },
  "feed_type": "INSET",
  "frequency_band": "2.4GHz",
  "frequency_range": [
    2000000000.0,
    3000000000.0
  ]
}