{
  "geometry": {
    "length": 0.025494470069347474,
    "width": 0.042210957900197424,
    "height": 0.0024013272764146177,
    "feed_x": 0.010197788027738991,
    "feed_y": 0.001
  },
  "substrate": {
    "relative_permittivity": 4.4,
    "loss_tangent": 0.02,
    "substrate_type": "FR4",
    "thickness": 0.0024013272764146177
  },
  "feed_type": "INSET",
  "frequency_band": "2.4GHz",
  "frequency_range": [
    2000000000.0,
    3000000000.0
  ]
}