{
  "geometry": {
    "length": 0.03225804814470182,
    "width": 0.037139130819831924,
    "height": 0.0008337216955447779,
    "feed_x": 0.003025758470698092,
    "feed_y": 0.0023057064137756845
  },
  "substrate": {
    "relative_permittivity": 4.4,
    "loss_tangent": 0.02,
    "substrate_type": "FR4",
    "thickness": 0.0008337216955447779
  },
  "feed_type": "INSET",
  "frequency_band": "2.4GHz",
  "frequency_range": [
    2000000000.0,
    3000000000.0
  ]
}