{
  "geometry": {
    "length": 0.027449512775732474,
    "width": 0.03928475263111533,
    "height": 0.0016532636590352136,
    "feed_x": 0.004252418422269873,
    "feed_y": 0.006350279577059505
  },
  "substrate": {
    "relative_permittivity": 4.4,
    "loss_tangent": 0.02,
    "substrate_type": "FR4",
    "thickness": 0.0016532636590352136
  },
  "feed_type": "INSET",
  "frequency_band": "2.4GHz",
  "frequency_range": [
    2000000000.0,
    3000000000.0
  ]
}