{
  "geometry": {
    "length": 0.028830291152714543,
    "width": 0.03915928901458174,
    "height": 0.0016222459399410681,
    "feed_x": 0.0014186701167222685,
    "feed_y": 0.006008443639145541
  },
  "substrate": {
    "relative_permittivity": 4.4,
    "loss_tangent": 0.02,
    "substrate_type": "FR4",
    "thickness": 0.0016222459399410681
  },
  "feed_type": "INSET",
  "frequency_band": "2.4GHz",
  "frequency_range": [
    2000000000.0,
    3000000000.0
  ]
}