{
  "geometry": {
    "length": 0.025017339691273784,
    "width": 0.039640887984094667,
    "height": 0.0013849886519597182,
    "feed_x": 0.004113663232254387,
    "feed_y": 0.01585635519363787
  },
  "substrate": {
    "relative_permittivity": 4.4,
    "loss_tangent": 0.02,
    "substrate_type": "FR4",
    "thickness": 0.0013849886519597182
  },
  "feed_type": "INSET",
  "frequency_band": "2.4GHz",
  "frequency_range": [
    2000000000.0,
    3000000000.0
  ]
}