{
  "geometry": {
    "length": 0.03432949166538052,
    "width": 0.038280279193481204,
    "height": 0.00207807438781037,
    "feed_x": 0.0013406223427550764,
    "feed_y": 0.008623100650887542
  },
  "substrate": {
    "relative_permittivity": 4.4,
    "loss_tangent": 0.02,
    "substrate_type": "FR4",
    "thickness": 0.00207807438781037
  },
  "feed_type": "INSET",
  "frequency_band": "2.4GHz",
  "frequency_range": [
    2000000000.0,
    3000000000.0
  ]
}