{
  "geometry": {
    "length": 0.034187572210145394,
    "width": 0.042981872267698326,
    "height": 0.002768817278539987,
    "feed_x": 0.006273781740889841,
    "feed_y": 0.011567610205209468
  },
  "substrate": {
    "relative_permittivity": 4.4,
    "loss_tangent": 0.02,
    "substrate_type": "FR4",
    "thickness": 0.002768817278539987
  },
  "feed_type": "INSET",
  "frequency_band": "2.4GHz",
  "frequency_range": [
    2000000000.0,
    3000000000.0
  ]
}