{
  "geometry": {
    "length": 0.026288294070314633,
    "width": 0.03201112319822435,
    "height": 0.002665805453264719,
    "feed_x": 0.010515317628125853,
    "feed_y": 0.004648160491042867
  },
  "substrate": {
    "relative_permittivity": 4.4,
    "loss_tangent": 0.02,
    "substrate_type": "FR4",
    "thickness": 0.002665805453264719
  },
  "feed_type": "INSET",
  "frequency_band": "2.4GHz",
  "frequency_range": [
    2000000000.0,
    3000000000.0
  ]
}