{
  "geometry": {
    "length": 0.026830752983327804,
    "width": 0.03655766125364074,
    "height": 0.0023815112702547173,
    "feed_x": 0.006058750232004129,
    "feed_y": 0.01193518624818649
  },
  "substrate": {
    "relative_permittivity": 4.4,
    "loss_tangent": 0.02,
    "substrate_type": "FR4",
    "thickness": 0.0023815112702547173
  },
  "feed_type": "INSET",
  "frequency_band": "2.4GHz",
  "frequency_range": [
    2000000000.0,
    3000000000.0
  ]
}