{
  "geometry": {
    "length": 0.03051229226786335,
    "width": 0.04271189284961743,
    "height": 0.002047561258950966,
    "feed_x": 0.0027717254297866733,
    "feed_y": 0.010898939092175588
  },
  "substrate": {
    "relative_permittivity": 4.4,
    "loss_tangent": 0.02,
    "substrate_type": "FR4",
    "thickness": 0.002047561258950966
  },
  "feed_type": "INSET",
  "frequency_band": "2.4GHz",
  "frequency_range": [
    2000000000.0,
    3000000000.0
  ]
}