{
  "geometry": {
    "length": 0.025850730696374405,
    "width": 0.03260887827698659,
    "height": 0.002002135591891745,
    "feed_x": 0.0018135327157916617,
    "feed_y": 0.004049240666058564
  },
  "substrate": {
    "relative_permittivity": 4.4,
    "loss_tangent": 0.02,
    "substrate_type": "FR4",
    "thickness": 0.002002135591891745
  },
  "feed_type": "INSET",
  "frequency_band": "2.4GHz",
  "frequency_range": [
    2000000000.0,
    3000000000.0
  ]
}