{
  "geometry": {
    "length": 0.026671952356425034,
    "width": 0.033894187824314546,
    "height": 0.0021289080125505675,
    "feed_x": 0.010432967603757653,
    "feed_y": 0.0026074840640080365
  },
  "substrate": {
    "relative_permittivity": 4.4,
    "loss_tangent": 0.02,
    "substrate_type": "FR4",
    "thickness": 0.0021289080125505675
  },
  "feed_type": "INSET",
  "frequency_band": "2.4GHz",
  "frequency_range": [
    2000000000.0,
    3000000000.0
  ]
}