{
  "geometry": {
    "length": 0.030532064222506088,
    "width": 0.03121131108524116,
    "height": 0.001890531452908779,
    "feed_x": 0.0098328332472739,
    "feed_y": 0.003939383550673165
  },
  "substrate": {
    "relative_permittivity": 4.4,
    "loss_tangent": 0.02,
    "substrate_type": "FR4",
    "thickness": 0.001890531452908779
  },
  "feed_type": "INSET",
  "frequency_band": "2.4GHz",
  "frequency_range": [
    2000000000.0,
    3000000000.0
  ]
}