{
  "geometry": {
    "length": 0.03277198518189141,
    "width": 0.04241642170769059,
    "height": 0.0027803614187769847,
    "feed_x": 0.013108794072756565,
    "feed_y": 0.008445089120389932
  },
  "substrate": {
    "relative_permittivity": 4.4,
    "loss_tangent": 0.02,
    "substrate_type": "FR4",
    "thickness": 0.0027803614187769847
  },
  "feed_type": "INSET",
  "frequency_band": "2.4GHz",
  "frequency_range": [
    2000000000.0,
    3000000000.0
  ]
}