{
  "geometry": {
    "length": 0.033135764146517054,
    "width": 0.03907050882757775,
    "height": 0.002993486277838838,
    "feed_x": 0.00221968568090294,
    "feed_y": 0.011419723153623778
  },
  "substrate": {
    "relative_permittivity": 4.4,
    "loss_tangent": 0.02,
    "substrate_type": "FR4",
    "thickness": 0.002993486277838838
  },
  "feed_type": "INSET",
  "frequency_band": "2.4GHz",
  "frequency_range": [
    2000000000.0,
    3000000000.0
  ]
}