{
  "geometry": {
    "length": 0.026181248923866775,
    "width": 0.0394858465883335,
    "height": 0.0015453345370726496,
    "feed_x": 0.008797738256556217,
    "feed_y": 0.015066733248710704
  },
  "substrate": {
    "relative_permittivity": 4.4,
    "loss_tangent": 0.02,
    "substrate_type": "FR4",
    "thickness": 0.0015453345370726496
  },
  "feed_type": "INSET",
  "frequency_band": "2.4GHz",
  "frequency_range": [
    2000000000.0,
    3000000000.0
  ]
}