{
  "geometry": {
    "length": 0.03123083651980462,
    "width": 0.033037786343575494,
    "height": 0.001238411933107989,
    "feed_x": 0.012492334607921849,
    "feed_y": 0.0072212579291791815
  },
  "substrate": {
    "relative_permittivity": 4.4,
    "loss_tangent": 0.02,
    "substrate_type": "FR4",
    "thickness": 0.001238411933107989
  },
  "feed_type": "INSET",
  "frequency_band": "2.4GHz",
  "frequency_range": [
    2000000000.0,
    3000000000.0
  ]
}