{
  "geometry": {
    "length": 0.030437026704738936,
    "width": 0.03923684711145373,
    "height": 0.0028848578006567933,
    "feed_x": 0.0012904820004291913,
    "feed_y": 0.014472164689459981
  },
  "substrate": {
    "relative_permittivity": 4.4,
    "loss_tangent": 0.02,
    "substrate_type": "FR4",
    "thickness": 0.0028848578006567933
  },
  "feed_type": "INSET",
  "frequency_band": "2.4GHz",
  "frequency_range": [
    2000000000.0,
    3000000000.0
  ]
}