{
  "geometry": {
    "length": 0.02773957933557947,
    "width": 0.03768892877396717,
    "height": 0.0021563438319573518,
    "feed_x": 0.011095831734231789,
    "feed_y": 0.014007090187496938
  },
  "substrate": {
    "relative_permittivity": 4.4,
    "loss_tangent": 0.02,
    "substrate_type": "FR4",
    "thickness": 0.0021563438319573518
  },
  "feed_type": "INSET",
  "frequency_band": "2.4GHz",
  "frequency_range": [
    2000000000.0,
    3000000000.0
  ]
}