{
  "geometry": {
    "length": 0.028745381820885506,
    "width": 0.03594511869885275,
    "height": 0.0014106694423438888,
    "feed_x": 0.008044097364425134,
    "feed_y": 0.009609105584517618
  },
  "substrate": {
    "relative_permittivity": 4.4,
    "loss_tangent": 0.02,
    "substrate_type": "FR4",
    "thickness": 0.0014106694423438888
  },
  "feed_type": "INSET",
  "frequency_band": "2.4GHz",
  "frequency_range": [
    2000000000.0,
    3000000000.0
  ]
}