{
  "geometry": {
    "length": 0.031065315946803847,
    "width": 0.03513161273494185,
    "height": 0.0029666481247572355,
    "feed_x": 0.0015816844802536635,
    "feed_y": 0.00160476281935076
  },
  "substrate": {
    "relative_permittivity": 4.4,
    "loss_tangent": 0.02,
    "substrate_type": "FR4",
    "thickness": 0.0029666481247572355
  },
  "feed_type": "INSET",
  "frequency_band": "2.4GHz",
  "frequency_range": [
    2000000000.0,
    3000000000.0
  ]
}