{
  "geometry": {
    "length": 0.03251616048186523,
    "width": 0.036826031350072806,
    "height": 0.0015868418534517436,
    "feed_x": 0.013006464192746092,
    "feed_y": 0.005664227992218534
  },
  "substrate": {
    "relative_permittivity": 4.4,
    "loss_tangent": 0.02,
    "substrate_type": "FR4",
    "thickness": 0.0015868418534517436
  },
  "feed_type": "INSET",
  "frequency_band": "2.4GHz",
  "frequency_range": [
    2000000000.0,
    3000000000.0
  ]
}