{
  "geometry": {
    "length": 0.03157342666038232,
    "width": 0.03148919675956496,
    "height": 0.0012760602867119821,
    "feed_x": 0.00513399320348704,
    "feed_y": 0.005327582245469653
  },
  "substrate": {
    "relative_permittivity": 4.4,
    "loss_tangent": 0.02,
    "substrate_type": "FR4",
    "thickness": 0.0012760602867119821
  },
  "feed_type": "INSET",
  "frequency_band": "2.4GHz",
  "frequency_range": [
    2000000000.0,
    3000000000.0
  ]
}