{
  "geometry": {
    "length": 0.025447832058542688,
    "width": 0.034435881446348085,
    "height": 0.0010486368647950827,
    "feed_x": 0.006622428798431441,
    "feed_y": 0.013774352578539234
  },
  "substrate": {
    "relative_permittivity": 4.4,
    "loss_tangent": 0.02,
    "substrate_type": "FR4",
    "thickness": 0.0010486368647950827
  },
  "feed_type": "INSET",
  "frequency_band": "2.4GHz",
  "frequency_range": [
    2000000000.0,
    3000000000.0
  ]
}