{
  "geometry": {
    "length": 0.029910504272293467,
    "width": 0.03213805429789871,
    "height": 0.003138487434812065,
    "feed_x": 0.009556058249250944,
    "feed_y": 0.003305740991225519
  },
  "substrate": {
    "relative_permittivity": 4.4,
    "loss_tangent": 0.02,
    "substrate_type": "FR4",
    "thickness": 0.003138487434812065
  },
  "feed_type": "INSET",
  "frequency_band": "2.4GHz",
  "frequency_range": [
    2000000000.0,
    3000000000.0
  ]
}