{
  "geometry": {
    "length": 0.02663660984142427,
    "width": 0.0306951681091092,
    "height": 0.0009101743491147948,
    "feed_x": 0.0037697481871751676,
    "feed_y": 0.004577439743615134
  },
  "substrate": {
    "relative_permittivity": 4.4,
    "loss_tangent": 0.02,
    "substrate_type": "FR4",
    "thickness": 0.0009101743491147948
  },
  "feed_type": "INSET",
  "frequency_band": "2.4GHz",
  "frequency_range": [
    2000000000.0,
    3000000000.0
  ]
}