{
  "geometry": {
    "length": 0.030116996803308774,
    "width": 0.03332353177547811,
    "height": 0.001195283498602995,
    "feed_x": 0.010830626397730747,
    "feed_y": 0.0026951195117555803
  },
  "substrate": {
    "relative_permittivity": 4.4,
    "loss_tangent": 0.02,
    "substrate_type": "FR4",
    "thickness": 0.001195283498602995
  },
  "feed_type": "INSET",
  "frequency_band": "2.4GHz",
  "frequency_range": [
    2000000000.0,
    3000000000.0
  ]
}