{
  "geometry": {
    "length": 0.03145936027457592,
    "width": 0.032163938093322124,
    "height": 0.0031901557136270026,
    "feed_x": 0.001,
    "feed_y": 0.009965815728521031
  },
  "substrate": {
    "relative_permittivity": 4.4,
    "loss_tangent": 0.02,
    "substrate_type": "FR4",
    "thickness": 0.0031901557136270026
  },
  "feed_type": "INSET",
  "frequency_band": "2.4GHz",
  "frequency_range": [
    2000000000.0,
    3000000000.0
  ]
}