{
  "geometry": {
    "length": 0.03132537399939289,
    "width": 0.033338703519493515,
    "height": 0.0011021133237537712,
    "feed_x": 0.009756338590447543,
    "feed_y": 0.013335481407797407
  },
  "substrate": {
    "relative_permittivity": 4.4,
    "loss_tangent": 0.02,
    "substrate_type": "FR4",
    "thickness": 0.0011021133237537712
  },
  "feed_type": "INSET",
  "frequency_band": "2.4GHz",
  "frequency_range": [
    2000000000.0,
    3000000000.0
  ]
}