{
  "geometry": {
    "length": 0.032622256640988175,
    "width": 0.03686826443749036,
    "height": 0.0027574638497836245,
    "feed_x": 0.011287323478160976,
    "feed_y": 0.011849596771953595
  },
  "substrate": {
    "relative_permittivity": 4.4,
    "loss_tangent": 0.02,
    "substrate_type": "FR4",
    "thickness": 0.0027574638497836245
  },
  "feed_type": "INSET",
  "frequency_band": "2.4GHz",
  "frequency_range": [
    2000000000.0,
    3000000000.0
  ]
}