{
  "geometry": {
    "length": 0.032167219778934,
    "width": 0.032479454498014516,
    "height": 0.0014536789525446338,
    "feed_x": 0.0015121519556519321,
    "feed_y": 0.012991781799205807
  },
  "substrate": {
    "relative_permittivity": 4.4,
    "loss_tangent": 0.02,
    "substrate_type": "FR4",
    "thickness": 0.0014536789525446338
  },
  "feed_type": "INSET",
  "frequency_band": "2.4GHz",
  "frequency_range": [
    2000000000.0,
    3000000000.0
  ]
}