{
  "geometry": {
    "length": 0.033519959968375576,
    "width": 0.03385285204893385,
    "height": 0.0029762084579526,
    "feed_x": 0.013407983987350231,
    "feed_y": 0.013541140819573541
  },
  "substrate": {
    "relative_permittivity": 4.4,
    "loss_tangent": 0.02,
    "substrate_type": "FR4",
    "thickness": 0.0029762084579526
  },
  "feed_type": "INSET",
  "frequency_band": "2.4GHz",
  "frequency_range": [
    2000000000.0,
    3000000000.0
  ]
}