{
  "geometry": {
    "length": 0.03006587689273143,
    "width": 0.040019971054381896,
    "height": 0.0030993129709024976,
    "feed_x": 0.001,
    "feed_y": 0.011677455645565285
  },
  "substrate": {
    "relative_permittivity": 4.4,
    "loss_tangent": 0.02,
    "substrate_type": "FR4",
    "thickness": 0.0030993129709024976
  },
  "feed_type": "INSET",
  "frequency_band": "2.4GHz",
  "frequency_range": [
    2000000000.0,
    3000000000.0
  ]
}