{
  "geometry": {
    "length": 0.02633557851442536,
    "width": 0.03856942139911812,
    "height": 0.0026843880233808903,
    "feed_x": 0.0014805469545459496,
    "feed_y": 0.007816093612519955
  },
  "substrate": {
    "relative_permittivity": 4.4,
    "loss_tangent": 0.02,
    "substrate_type": "FR4",
    "thickness": 0.0026843880233808903
  },
  "feed_type": "INSET",
  "frequency_band": "2.4GHz",
  "frequency_range": [
    2000000000.0,
    3000000000.0
  ]
}