{
  "geometry": {
    "length": 0.02923157929848228,
    "width": 0.042205046980566034,
    "height": 0.0015999534803131858,
    "feed_x": 0.006579204028792506,
    "feed_y": 0.004873042317595347
  },
  "substrate": {
    "relative_permittivity": 4.4,
    "loss_tangent": 0.02,
    "substrate_type": "FR4",
    "thickness": 0.0015999534803131858
  },
  "feed_type": "INSET",
  "frequency_band": "2.4GHz",
  "frequency_range": [
    2000000000.0,
    3000000000.0
  ]
}