{
  "geometry": {
    "length": 0.02634848692178525,
    "width": 0.032562517027476826,
    "height": 0.0020128195340411584,
    "feed_x": 0.002397819082926687,
    "feed_y": 0.001
  },
  "substrate": {
    "relative_permittivity": 4.4,
    "loss_tangent": 0.02,
    "substrate_type": "FR4",
    "thickness": 0.0020128195340411584
  },
  "feed_type": "INSET",
  "frequency_band": "2.4GHz",
  "frequency_range": [
    2000000000.0,
    3000000000.0
  ]
}