{
  "geometry": {
    "length": 0.0280326510683769,
    "width": 0.034091963931103114,
    "height": 0.0013455324844908357,
    "feed_x": 0.0037443111245073655,
    "feed_y": 0.004906990983496608
  },
  "substrate": {
    "relative_permittivity": 4.4,
    "loss_tangent": 0.02,
    "substrate_type": "FR4",
    "thickness": 0.0013455324844908357
  },
  "feed_type": "INSET",
  "frequency_band": "2.4GHz",
  "frequency_range": [
    2000000000.0,
    3000000000.0
  ]
}