{
  "geometry": {
    "length": 0.02857984196760837,
    "width": 0.0435516362475476,
    "height": 0.001758197578993082,
    "feed_x": 0.011120033899419745,
    "feed_y": 0.01742065449901904
  },
  "substrate": {
    "relative_permittivity": 4.4,
    "loss_tangent": 0.02,
    "substrate_type": "FR4",
    "thickness": 0.001758197578993082
  },
  "feed_type": "INSET",
  "frequency_band": "2.4GHz",
  "frequency_range": [
    2000000000.0,
    3000000000.0
  ]
}