{
  "geometry": {
    "length": 0.03287075191570688,
    "width": 0.0412796271076292,
    "height": 0.0030954675246984155,
    "feed_x": 0.008355186743239,
    "feed_y": 0.009347649837208765
  },
  "substrate": {
    "relative_permittivity": 4.4,
    "loss_tangent": 0.02,
    "substrate_type": "FR4",
    "thickness": 0.0030954675246984155
  },
  "feed_type": "INSET",
  "frequency_band": "2.4GHz",
  "frequency_range": [
    2000000000.0,
    3000000000.0
  ]
}