{
  "geometry": {
    "length": 0.0346034866500126,
    "width": 0.044158369995437936,
    "height": 0.0011887669343472944,
    "feed_x": 0.007954506006156912,
    "feed_y": 0.001358829277053977
  },
  "substrate": {
    "relative_permittivity": 4.4,
    "loss_tangent": 0.02,
    "substrate_type": "FR4",
    "thickness": 0.0011887669343472944
  },
  "feed_type": "INSET",
  "frequency_band": "2.4GHz",
  "frequency_range": [
    2000000000.0,
    3000000000.0
  ]
}