{
  "geometry": {
    "length": 0.02637122523018776,
    "width": 0.042870606056069106,
    "height": 0.0019058519930440832,
    "feed_x": 0.0036137567950270556,
    "feed_y": 0.017148242422427643
  },
  "substrate": {
    "relative_permittivity": 4.4,
    "loss_tangent": 0.02,
    "substrate_type": "FR4",
    "thickness": 0.0019058519930440832
  },
  "feed_type": "INSET",
  "frequency_band": "2.4GHz",
  "frequency_range": [
    2000000000.0,
    3000000000.0
  ]
}