{
  "geometry": {
    "length": 0.03492933601720957,
    "width": 0.03285206178299387,
    "height": 0.0009899947275245334,
    "feed_x": 0.010774147050335359,
    "feed_y": 0.006290779606334387
  },
  "substrate": {
    "relative_permittivity": 4.4,
    "loss_tangent": 0.02,
    "substrate_type": "FR4",
    "thickness": 0.0009899947275245334
  },
  "feed_type": "INSET",
  "frequency_band": "2.4GHz",
  "frequency_range": [
    2000000000.0,
    3000000000.0
  ]
}