{
  "geometry": {
    "length": 0.034780134089241514,
    "width": 0.03025992023193513,
    "height": 0.002180694172315948,
    "feed_x": 0.00613896173391218,
    "feed_y": 0.00691926344534036
  },
  "substrate": {
    "relative_permittivity": 4.4,
    "loss_tangent": 0.02,
    "substrate_type": "FR4",
    "thickness": 0.002180694172315948
  },
  "feed_type": "INSET",
  "frequency_band": "2.4GHz",
  "frequency_range": [
    2000000000.0,
    3000000000.0
  ]
}