{
  "geometry": {
    "length": 0.03256478019885882,
    "width": 0.044341353036352234,
    "height": 0.002130095185701785,
    "feed_x": 0.002750767846322818,
    "feed_y": 0.013891500764622765
  },
  "substrate": {
    "relative_permittivity": 4.4,
    "loss_tangent": 0.02,
    "substrate_type": "FR4",
    "thickness": 0.002130095185701785
  },
  "feed_type": "INSET",
  "frequency_band": "2.4GHz",
  "frequency_range": [
    2000000000.0,
    3000000000.0
  ]
}