{
  "geometry": {
    "length": 0.0257514761768207,
    "width": 0.04086368592727593,
    "height": 0.0010596324587402288,
    "feed_x": 0.001486812200692765,
    "feed_y": 0.008581441935420387
  },
  "substrate": {
    "relative_permittivity": 4.4,
    "loss_tangent": 0.02,
    "substrate_type": "FR4",
    "thickness": 0.0010596324587402288
  },
  "feed_type": "INSET",
  "frequency_band": "2.4GHz",
  "frequency_range": [
    2000000000.0,
    3000000000.0
  ]
}