{
  "geometry": {
    "length": 0.029874551083461355,
    "width": 0.04208377319084082,
    "height": 0.0011168253442239207,
    "feed_x": 0.0107239896945317,
    "feed_y": 0.01395219927388446
  },
  "substrate": {
    "relative_permittivity": 4.4,
    "loss_tangent": 0.02,
    "substrate_type": "FR4",
    "thickness": 0.0011168253442239207
  },
  "feed_type": "INSET",
  "frequency_band": "2.4GHz",
  "frequency_range": [
    2000000000.0,
    3000000000.0
  ]
}