{
  "geometry": {
    "length": 0.0302728544790173,
    "width": 0.04315088027786074,
    "height": 0.0017848042311703004,
    "feed_x": 0.012109141791606921,
    "feed_y": 0.007693558566339677
  },
  "substrate": {
    "relative_permittivity": 4.4,
    "loss_tangent": 0.02,
    "substrate_type": "FR4",
    "thickness": 0.0017848042311703004
  },
  "feed_type": "INSET",
  "frequency_band": "2.4GHz",
  "frequency_range": [
    2000000000.0,
    3000000000.0
  ]
}