{
  "geometry": {
    "length": 0.03335221003645422,
    "width": 0.034647981716873805,
    "height": 0.0012523134367137256,
    "feed_x": 0.007912574649071809,
    "feed_y": 0.013859192686749523
  },
  "substrate": {
    "relative_permittivity": 4.4,
    "loss_tangent": 0.02,
    "substrate_type": "FR4",
    "thickness": 0.0012523134367137256
  },
  "feed_type": "INSET",
  "frequency_band": "2.4GHz",
  "frequency_range": [
    2000000000.0,
    3000000000.0
  ]
}