{
  "geometry": {
    "length": 0.02940475077904296,
    "width": 0.035342243532232705,
    "height": 0.0027008092945816674,
    "feed_x": 0.008834551355000745,
    "feed_y": 0.005614620988883969
  },
  "substrate": {
    "relative_permittivity": 4.4,
    "loss_tangent": 0.02,
    "substrate_type": "FR4",
    "thickness": 0.0027008092945816674
  },
  "feed_type": "INSET",
  "frequency_band": "2.4GHz",
  "frequency_range": [
    2000000000.0,
    3000000000.0
  ]
}