{
  "geometry": {
    "length": 0.030866837246228154,
    "width": 0.03967192110224302,
    "height": 0.001137311325971709,
    "feed_x": 0.001,
    "feed_y": 0.001
  },
  "substrate": {
    "relative_permittivity": 4.4,
    "loss_tangent": 0.02,
    "substrate_type": "FR4",
    "thickness": 0.001137311325971709
  },
  "feed_type": "INSET",
  "frequency_band": "2.4GHz",
  "frequency_range": [
    2000000000.0,
    3000000000.0
  ]
}