{
  "geometry": {
    "length": 0.03481253895767929,
    "width": 0.03817845374748974,
    "height": 0.0031310621426268383,
    "feed_x": 0.0019142634772924064,
    "feed_y": 0.0010173844631904806
  },
  "substrate": {
    "relative_permittivity": 4.4,
    "loss_tangent": 0.02,
    "substrate_type": "FR4",
    "thickness": 0.0031310621426268383
  },
  "feed_type": "INSET",
  "frequency_band": "2.4GHz",
  "frequency_range": [
    2000000000.0,
    3000000000.0
  ]
}