{
  "geometry": {
    "length": 0.028198000917975252,
    "width": 0.039704889565953735,
    "height": 0.000884511381493995,
    "feed_x": 0.007801472521746896,
    "feed_y": 0.0021300647798194556
  },
  "substrate": {
    "relative_permittivity": 4.4,
    "loss_tangent": 0.02,
    "substrate_type": "FR4",
    "thickness": 0.000884511381493995
  },
  "feed_type": "INSET",
  "frequency_band": "2.4GHz",
  "frequency_range": [
    2000000000.0,
    3000000000.0
  ]
}