{
  "geometry": {
    "length": 0.03023310238151556,
    "width": 0.03808697645339576,
    "height": 0.0030455130281447436,
    "feed_x": 0.011056733116222666,
    "feed_y": 0.015234790581358305
  },
  "substrate": {
    "relative_permittivity": 4.4,
    "loss_tangent": 0.02,
    "substrate_type": "FR4",
    "thickness": 0.0030455130281447436
  },
  "feed_type": "INSET",
  "frequency_band": "2.4GHz",
  "frequency_range": [
    2000000000.0,
    3000000000.0
  ]
}