{
  "geometry": {
    "length": 0.03169139232305046,
    "width": 0.031044865963885677,
    "height": 0.0029416183902416715,
    "feed_x": 0.012676556929220185,
    "feed_y": 0.012417946385554272
  },
  "substrate": {
    "relative_permittivity": 4.4,
    "loss_tangent": 0.02,
    "substrate_type": "FR4",
    "thickness": 0.0029416183902416715
  },
  "feed_type": "INSET",
  "frequency_band": "2.4GHz",
  "frequency_range": [
    2000000000.0,
    3000000000.0
  ]
}