{
  "geometry": {
    "length": 0.02754249734012052,
    "width": 0.03803302980543214,
    "height": 0.0010127170295834676,
    "feed_x": 0.005312683477437337,
    "feed_y": 0.004065571540329422
  },
  "substrate": {
    "relative_permittivity": 4.4,
    "loss_tangent": 0.02,
    "substrate_type": "FR4",
    "thickness": 0.0010127170295834676
  },
  "feed_type": "INSET",
  "frequency_band": "2.4GHz",
  "frequency_range": [
    2000000000.0,
    3000000000.0
  ]
}