{
  "geometry": {
    "length": 0.03215359560787897,
    "width": 0.040751976975369114,
    "height": 0.0017266686591319645,
    "feed_x": 0.011401476062058071,
    "feed_y": 0.014398701156670322
  },
  "substrate": {
    "relative_permittivity": 4.4,
    "loss_tangent": 0.02,
    "substrate_type": "FR4",
    "thickness": 0.0017266686591319645
  },
  "feed_type": "INSET",
  "frequency_band": "2.4GHz",
  "frequency_range": [
    2000000000.0,
    3000000000.0
  ]
}