{
  "geometry": {
    "length": 0.03071101749554822,
    "width": 0.03126655551132997,
    "height": 0.0027393940162425603,
    "feed_x": 0.001,
    "feed_y": 0.002077430699142067
  },
  "substrate": {
    "relative_permittivity": 4.4,
    "loss_tangent": 0.02,
    "substrate_type": "FR4",
    "thickness": 0.0027393940162425603
  },
  "feed_type": "INSET",
  "frequency_band": "2.4GHz",
  "frequency_range": [
    2000000000.0,
    3000000000.0
  ]
}