{
  "geometry": {
    "length": 0.029529755491591182,
    "width": 0.04133669763163271,
    "height": 0.0017510913972545875,
    "feed_x": 0.001,
    "feed_y": 0.009517865465460188
  },
  "substrate": {
    "relative_permittivity": 4.4,
    "loss_tangent": 0.02,
    "substrate_type": "FR4",
    "thickness": 0.0017510913972545875
  },
  "feed_type": "INSET",
  "frequency_band": "2.4GHz",
  "frequency_range": [
    2000000000.0,
    3000000000.0
  ]
}