{
  "geometry": {
    "length": 0.02844669682114225,
    "width": 0.044554589324802205,
    "height": 0.0027160462140250977,
    "feed_x": 0.007280433511564327,
    "feed_y": 0.008856538055723652
  },
  "substrate": {
    "relative_permittivity": 4.4,
    "loss_tangent": 0.02,
    "substrate_type": "FR4",
    "thickness": 0.0027160462140250977
  },
  "feed_type": "INSET",
  "frequency_band": "2.4GHz",
  "frequency_range": [
    2000000000.0,
    3000000000.0
  ]
}