{
  "geometry": {
    "length": 0.031074421133215006,
    "width": 0.03423413712447376,
    "height": 0.002120764665115271,
    "feed_x": 0.012429768453286003,
    "feed_y": 0.013684227472070402
  },
  "substrate": {
    "relative_permittivity": 4.4,
    "loss_tangent": 0.02,
    "substrate_type": "FR4",
    "thickness": 0.002120764665115271
  },
  "feed_type": "INSET",
  "frequency_band": "2.4GHz",
  "frequency_range": [
    2000000000.0,
    3000000000.0
  ]
}