{
  "geometry": {
    "length": 0.03191628719512492,
    "width": 0.03859421576983768,
    "height": 0.0022574180257014663,
    "feed_x": 0.007593672214103247,
    "feed_y": 0.010511964054310218
  },
  "substrate": {
    "relative_permittivity": 4.4,
    "loss_tangent": 0.02,
    "substrate_type": "FR4",
    "thickness": 0.0022574180257014663
  },
  "feed_type": "INSET",
  "frequency_band": "2.4GHz",
  "frequency_range": [
    2000000000.0,
    3000000000.0
  ]
}