{
  "geometry": {
    "length": 0.02810001744048785,
    "width": 0.03839282231308588,
    "height": 0.0018084633848532324,
    "feed_x": 0.0032615342032396946,
    "feed_y": 0.010573160537099788
  },
  "substrate": {
    "relative_permittivity": 4.4,
    "loss_tangent": 0.02,
    "substrate_type": "FR4",
    "thickness": 0.0018084633848532324
  },
  "feed_type": "INSET",
  "frequency_band": "2.4GHz",
  "frequency_range": [
    2000000000.0,
    3000000000.0
  ]
}