{
  "geometry": {
    "length": 0.033261836429274244,
    "width": 0.04090924414550339,
    "height": 0.0020701800810956875,
    "feed_x": 0.013304734571709699,
    "feed_y": 0.0031939032759739725
  },
  "substrate": {
    "relative_permittivity": 4.4,
    "loss_tangent": 0.02,
    "substrate_type": "FR4",
    "thickness": 0.0020701800810956875
  },
  "feed_type": "INSET",
  "frequency_band": "2.4GHz",
  "frequency_range": [
    2000000000.0,
    3000000000.0
  ]
}