{
  "geometry": {
    "length": 0.030363018102743902,
    "width": 0.040781894691877124,
    "height": 0.0011112750282349193,
    "feed_x": 0.012145207241097562,
    "feed_y": 0.004171649140825681
  },
  "substrate": {
    "relative_permittivity": 4.4,
    "loss_tangent": 0.02,
    "substrate_type": "FR4",
    "thickness": 0.0011112750282349193
  },
  "feed_type": "INSET",
  "frequency_band": "2.4GHz",
  "frequency_range": [
    2000000000.0,
    3000000000.0
  ]
}