{
  "geometry": {
    "length": 0.033285759829018435,
    "width": 0.04310583453104305,
    "height": 0.002997519816562568,
    "feed_x": 0.003488498071498024,
    "feed_y": 0.016927577927778437
  },
  "substrate": {
    "relative_permittivity": 4.4,
    "loss_tangent": 0.02,
    "substrate_type": "FR4",
    "thickness": 0.002997519816562568
  },
  "feed_type": "INSET",
  "frequency_band": "2.4GHz",
  "frequency_range": [
    2000000000.0,
    3000000000.0
  ]
}