{
  "geometry": {
    "length": 0.03269110100992928,
    "width": 0.03224528478086055,
    "height": 0.002140636012078378,
    "feed_x": 0.007171314673059003,
    "feed_y": 0.002344130640624226
  },
  "substrate": {
    "relative_permittivity": 4.4,
    "loss_tangent": 0.02,
    "substrate_type": "FR4",
    "thickness": 0.002140636012078378
  },
  "feed_type": "INSET",
  "frequency_band": "2.4GHz",
  "frequency_range": [
    2000000000.0,
    3000000000.0
  ]
}