{
  "geometry": {
    "length": 0.03144021957259595,
    "width": 0.03575348084458894,
    "height": 0.002851563642912983,
    "feed_x": 0.001,
    "feed_y": 0.002388379426334898
  },
  "substrate": {
    "relative_permittivity": 4.4,
    "loss_tangent": 0.02,
    "substrate_type": "FR4",
    "thickness": 0.002851563642912983
  },
  "feed_type": "INSET",
  "frequency_band": "2.4GHz",
  "frequency_range": [
    2000000000.0,
    3000000000.0
  ]
}