{
  "geometry": {
    "length": 0.03366232338967302,
    "width": 0.03204160304540895,
    "height": 0.0015712338385957592,
    "feed_x": 0.011039148100443576,
    "feed_y": 0.008902833249330007
  },
  "substrate": {
    "relative_permittivity": 4.4,
    "loss_tangent": 0.02,
    "substrate_type": "FR4",
    "thickness": 0.0015712338385957592
  },
  "feed_type": "INSET",
  "frequency_band": "2.4GHz",
  "frequency_range": [
    2000000000.0,
    3000000000.0
  ]
}