{
  "geometry": {
    "length": 0.026897587065483106,
    "width": 0.03935908939223097,
    "height": 0.0008730826697863843,
    "feed_x": 0.002163099404433606,
    "feed_y": 0.015743635756892388
  },
  "substrate": {
    "relative_permittivity": 4.4,
    "loss_tangent": 0.02,
    "substrate_type": "FR4",
    "thickness": 0.0008730826697863843
  },
  "feed_type": "INSET",
  "frequency_band": "2.4GHz",
  "frequency_range": [
    2000000000.0,
    3000000000.0
  ]
}