{
  "geometry": {
    "length": 0.03374201551655172,
    "width": 0.033100963042489155,
    "height": 0.002548829959822239,
    "feed_x": 0.010298952527246611,
    "feed_y": 0.010583027038021308
  },
  "substrate": {
    "relative_permittivity": 4.4,
    "loss_tangent": 0.02,
    "substrate_type": "FR4",
    "thickness": 0.002548829959822239
  },
  "feed_type": "INSET",
  "frequency_band": "2.4GHz",
  "frequency_range": [
    2000000000.0,
    3000000000.0
  ]
}