{
  "geometry": {
    "length": 0.03414917572010543,
    "width": 0.03002255152654279,
    "height": 0.001354669371978287,
    "feed_x": 0.00760450660041895,
    "feed_y": 0.009419260670445195
  },
  "substrate": {
    "relative_permittivity": 4.4,
    "loss_tangent": 0.02,
    "substrate_type": "FR4",
    "thickness": 0.001354669371978287
  },
  "feed_type": "INSET",
  "frequency_band": "2.4GHz",
  "frequency_range": [
    2000000000.0,
    3000000000.0
  ]
}