{
  "geometry": {
    "length": 0.031085855727288923,
    "width": 0.04026712075254641,
    "height": 0.002299237466396458,
    "feed_x": 0.008640247538594912,
    "feed_y": 0.004682767119771177
  },
  "substrate": {
    "relative_permittivity": 4.4,
    "loss_tangent": 0.02,
    "substrate_type": "FR4",
    "thickness": 0.002299237466396458
  },
  "feed_type": "INSET",
  "frequency_band": "2.4GHz",
  "frequency_range": [
    2000000000.0,
    3000000000.0
  ]
}