{
  "geometry": {
    "length": 0.03054852216627458,
    "width": 0.04470095808804936,
    "height": 0.000854149030310723,
    "feed_x": 0.012219408866509832,
    "feed_y": 0.009594397163790094
  },
  "substrate": {
    "relative_permittivity": 4.4,
    "loss_tangent": 0.02,
    "substrate_type": "FR4",
    "thickness": 0.000854149030310723
  },
  "feed_type": "INSET",
  "frequency_band": "2.4GHz",
  "frequency_range": [
    2000000000.0,
    3000000000.0
  ]
}