{
  "geometry": {
    "length": 0.030947543002570053,
    "width": 0.04067653880542099,
    "height": 0.002947934762879606,
    "feed_x": 0.012379017201028021,
    "feed_y": 0.009422516488270647
  },
  "substrate": {
    "relative_permittivity": 4.4,
    "loss_tangent": 0.02,
    "substrate_type": "FR4",
    "thickness": 0.002947934762879606
  },
  "feed_type": "INSET",
  "frequency_band": "2.4GHz",
  "frequency_range": [
    2000000000.0,
    3000000000.0
  ]
}