{
  "geometry": {
    "length": 0.027651212363802177,
    "width": 0.041589404091186624,
    "height": 0.0024066438130144864,
    "feed_x": 0.004434281945292095,
    "feed_y": 0.007545137456438164
  },
  "substrate": {
    "relative_permittivity": 4.4,
    "loss_tangent": 0.02,
    "substrate_type": "FR4",
    "thickness": 0.0024066438130144864
  },
  "feed_type": "INSET",
  "frequency_band": "2.4GHz",
  "frequency_range": [
    2000000000.0,
    3000000000.0
  ]
}