{
  "geometry": {
    "length": 0.02880928149664514,
    "width": 0.03540726468842217,
    "height": 0.0029276441801859058,
    "feed_x": 0.006814523173623833,
    "feed_y": 0.011728771385152456
  },
  "substrate": {
    "relative_permittivity": 4.4,
    "loss_tangent": 0.02,
    "substrate_type": "FR4",
    "thickness": 0.0029276441801859058
  },
  "feed_type": "INSET",
  "frequency_band": "2.4GHz",
  "frequency_range": [
    2000000000.0,
    3000000000.0
  ]
}