{
  "geometry": {
    "length": 0.02928163359253594,
    "width": 0.03481281251548896,
    "height": 0.0011330559232354048,
    "feed_x": 0.010738327370526296,
    "feed_y": 0.013925125006195586
  },
  "substrate": {
    "relative_permittivity": 4.4,
    "loss_tangent": 0.02,
    "substrate_type": "FR4",
    "thickness": 0.0011330559232354048
  },
  "feed_type": "INSET",
  "frequency_band": "2.4GHz",
  "frequency_range": [
    2000000000.0,
    3000000000.0
  ]
}