{
  "geometry": {
    "length": 0.026805601466994084,
    "width": 0.03301971611651343,
    "height": 0.002592704139379793,
    "feed_x": 0.0034740725967915714,
    "feed_y": 0.006500212122900134
  },
  "substrate": {
    "relative_permittivity": 4.4,
    "loss_tangent": 0.02,
    "substrate_type": "FR4",
    "thickness": 0.002592704139379793
  },
  "feed_type": "INSET",
  "frequency_band": "2.4GHz",
  "frequency_range": [
    2000000000.0,
    3000000000.0
  ]
}