{
  "geometry": {
    "length": 0.026537251749492452,
    "width": 0.04461170163656742,
    "height": 0.0008883497751633453,
    "feed_x": 0.004483670212390275,
    "feed_y": 0.016855596247340534
  },
  "substrate": {
    "relative_permittivity": 4.4,
    "loss_tangent": 0.02,
    "substrate_type": "FR4",
    "thickness": 0.0008883497751633453
  },
  "feed_type": "INSET",
  "frequency_band": "2.4GHz",
  "frequency_range": [
    2000000000.0,
    3000000000.0
  ]
}