{
  "geometry": {
    "length": 0.02531881869149721,
    "width": 0.03816786999822925,
    "height": 0.002360986950120825,
    "feed_x": 0.0022515187011581715,
    "feed_y": 0.007797085802484631
  },
  "substrate": {
    "relative_permittivity": 4.4,
    "loss_tangent": 0.02,
    "substrate_type": "FR4",
    "thickness": 0.002360986950120825
  },
  "feed_type": "INSET",
  "frequency_band": "2.4GHz",
  "frequency_range": [
    2000000000.0,
    3000000000.0
  ]
}