{
  "geometry": {
    "length": 0.03173906890669142,
    "width": 0.041192333870787516,
    "height": 0.00120758005319003,
    "feed_x": 0.001,
    "feed_y": 0.006356789323824054
  },
  "substrate": {
    "relative_permittivity": 4.4,
    "loss_tangent": 0.02,
    "substrate_type": "FR4",
    "thickness": 0.00120758005319003
  },
  "feed_type": "INSET",
  "frequency_band": "2.4GHz",
  "frequency_range": [
    2000000000.0,
    3000000000.0
  ]
}