{
  "geometry": {
    "length": 0.030149989325349777,
    "width": 0.036206815842917385,
    "height": 0.000992253172405475,
    "feed_x": 0.01205999573013991,
    "feed_y": 0.012741686108309485
  },
  "substrate": {
    "relative_permittivity": 4.4,
    "loss_tangent": 0.02,
    "substrate_type": "FR4",
    "thickness": 0.000992253172405475
  },
  "feed_type": "INSET",
  "frequency_band": "2.4GHz",
  "frequency_range": [
    2000000000.0,
    3000000000.0
  ]
}